event_id,origin_time,origin_year,magnitude,magnitude_type,depth_km,latitude,longitude,region_code,num_responses,max_cdi,severe_label,sequence_id,role
nc72373456,2015-01-01T12:16:14Z,2015,5.36,mw,23.9,40.442,-125.7746667,G+040-0130,39,3.1,0,SEQ_nc72373456,development
usc000tbfq,2015-01-03T17:44:03Z,2015,5.0,mww,8.5,44.5074,-114.112,G+040-0120,569,5.2,0,SEQ_usc000tbfq,train
usc000tcb4,2015-01-07T04:48:33Z,2015,5.1,mwr,22.0,24.26,121.7,G+020+0120,13,3.8,0,SEQ_usc000tcb4,train
usc000tejf,2015-01-10T19:32:00Z,2015,5.9,mww,59.0,14.7709,120.2456,G+010+0120,68,5.3,0,SEQ_usc000tejf,train
usc000tfjg,2015-01-14T05:21:38Z,2015,5.3,mb,10.0,29.3525,103.1991,G+020+0100,10,3.1,0,SEQ_usc000tfjg,train
usc000tgde,2015-01-16T11:39:23Z,2015,5.1,mb,79.03,-3.3787,-79.9723,G-010-0080,11,6.0,1,SEQ_usc000tgde,train
usc000thq4,2015-01-21T05:20:27Z,2015,5.2,mb,78.36,5.7486,125.3759,G+000+0120,10,4.1,0,SEQ_usc000thq4,train
usc000tj2w,2015-01-26T07:09:54Z,2015,5.1,mb,56.84,9.6106,122.3764,G+000+0120,17,3.8,0,SEQ_usc000tj2w,train
nc72387946,2015-01-28T21:08:53Z,2015,5.72,mw,16.881,40.3178333,-124.6066667,G+040-0130,849,5.3,0,SEQ_nc72373456,development
usc000tkwv,2015-02-02T10:49:48Z,2015,6.3,mww,172.0,-32.7183,-67.1231,G-040-0070,86,4.3,0,SEQ_usc000tkwv,train
usc000tkzl,2015-02-02T15:13:39Z,2015,5.4,mwb,17.0,13.9766,124.5783,G+010+0120,10,4.1,0,SEQ_usc000tkzl,train
usc000tlui,2015-02-05T04:21:50Z,2015,5.3,mww,5.0,8.24,-72.14,G+000-0080,19,7.7,1,SEQ_usc000tlui,development
usc000tmvl,2015-02-06T22:02:28Z,2015,5.4,mww,77.39,12.5438,-87.7218,G+010-0090,13,3.8,0,SEQ_usc000tmvl,development
usc000tp1s,2015-02-11T18:57:22Z,2015,6.7,mww,223.0,-23.1125,-66.688,G-030-0070,25,3.7,0,SEQ_usc000tp1s,development
usb000tnlk,2015-02-12T15:50:59Z,2015,5.5,mwb,41.67,19.3552,-105.7405,G+010-0110,32,3.8,0,SEQ_usb000tnlk,train
usb000tp6y,2015-02-13T20:06:32Z,2015,6.2,mww,30.0,22.6374,121.427,G+020+0120,26,5.6,0,SEQ_usb000tp6y,development
usb000tpvj,2015-02-16T23:06:28Z,2015,6.7,mww,23.0,39.8558,142.8808,G+030+0140,44,5.4,0,SEQ_usb000tpvj,train
usb000tpy8,2015-02-17T04:46:38Z,2015,5.5,mwb,47.0,40.1095,141.8914,G+040+0140,13,5.3,0,SEQ_usb000tpvj,train
usb000tq1p,2015-02-17T14:35:54Z,2015,5.4,mww,72.6,-32.375,-71.013,G-040-0080,232,5.4,0,SEQ_usb000tq1p,train
usc000ts6w,2015-02-21T22:26:45Z,2015,5.1,mb,95.0,4.67,-76.18,G+000-0080,37,4.1,0,SEQ_usc000ts6w,train
usc000tsa5,2015-02-22T12:56:24Z,2015,5.5,mww,149.0,2.7299,-76.5012,G+000-0080,18,4.1,0,SEQ_usc000tsa5,development
usc000tsak,2015-02-22T14:23:12Z,2015,6.2,mww,5.0,18.6766,-106.848,G+010-0110,12,3.3,0,SEQ_usc000tsak,train
usc000ttgc,2015-02-26T21:59:05Z,2015,5.4,mb,29.74,34.671,73.2777,G+030+0070,27,5.2,0,SEQ_usc000ttgc,train
usc000ttkd,2015-02-27T13:45:05Z,2015,7.0,mww,552.06,-7.2968,122.5348,G-010+0120,17,3.7,0,SEQ_usc000ttkd,train
us10001ldx,2015-03-10T20:55:44Z,2015,6.2,mww,155.0,6.7757,-72.9875,G+000-0080,424,5.9,0,SEQ_us10001ldx,train
us10001nj1,2015-03-18T18:27:29Z,2015,6.2,mww,13.0,-36.1167,-73.5219,G-040-0080,62,4.3,0,SEQ_us10001nj1,train
us10001pbh,2015-03-20T22:30:07Z,2015,5.4,mwb,52.0,18.0325,-98.5135,G+010-0100,84,5.6,0,SEQ_us10001pbh,train
us10001pn4,2015-03-22T22:27:37Z,2015,5.1,mwr,154.6,6.804,-73.147,G+000-0080,46,3.8,0,SEQ_us10001ldx,train
us10001ppx,2015-03-23T04:51:38Z,2015,6.4,mww,130.0,-18.3534,-69.1663,G-020-0070,43,5.0,0,SEQ_us10001ppx,train
us10001ps8,2015-03-23T10:13:50Z,2015,5.5,mww,35.0,23.7235,121.75,G+020+0120,30,4.1,0,SEQ_us10001ps8,train
us10001rvu,2015-03-29T23:48:31Z,2015,7.5,mww,41.0,-4.7294,152.5623,G-010+0150,11,6.4,1,SEQ_us10001rvu,train
us10001spm,2015-04-01T08:17:27Z,2015,5.4,mww,31.56,-29.3442,-71.718,G-030-0080,11,3.8,0,SEQ_us10001spm,development
us10001sts,2015-04-01T16:45:21Z,2015,5.3,mwb,48.0,-10.5415,-78.0795,G-020-0080,36,4.1,0,SEQ_us10001sts,train
us10001u1e,2015-04-05T00:07:49Z,2015,5.3,mwb,68.39,12.704,-88.1528,G+010-0090,11,4.3,0,SEQ_us10001u1e,train
us10001v8k,2015-04-07T00:46:21Z,2015,6.3,mww,30.0,-15.1676,-173.2247,G-020-0180,17,4.1,0,SEQ_us10001v8k,train
us20002515,2015-04-08T15:44:45Z,2015,5.4,mww,29.0,13.1992,-89.7846,G+010-0090,12,3.4,0,SEQ_us20002515,development
us200026mv,2015-04-15T08:25:11Z,2015,5.3,mww,10.0,34.8078,32.3311,G+030+0030,33,6.4,1,SEQ_us200026mv,train
us200026su,2015-04-15T19:55:00Z,2015,5.1,mb,10.0,39.3928,143.5274,G+030+0140,27,5.3,0,SEQ_us200026su,train
us200026w5,2015-04-16T02:24:16Z,2015,5.1,mb,77.29,10.8339,-62.4104,G+010-0070,95,4.1,0,SEQ_us200026w5,train
us2000272b,2015-04-16T18:07:43Z,2015,6.0,mww,20.0,35.1891,26.8235,G+030+0020,21,4.7,0,SEQ_us2000272b,development
us200027ps,2015-04-20T01:42:58Z,2015,6.4,mww,29.0,24.2026,122.3158,G+020+0120,79,4.9,0,SEQ_us10001ps8,train
us200027ru,2015-04-20T12:00:00Z,2015,6.1,mww,29.0,24.0471,122.4532,G+020+0120,19,3.9,0,SEQ_us10001ps8,train
us200028pe,2015-04-24T01:34:55Z,2015,5.4,mww,10.0,40.4556,-127.1509,G+040-0130,27,3.9,0,SEQ_us200028pe,train
us200028qc,2015-04-24T03:36:42Z,2015,6.1,mww,48.0,-42.0602,173.0066,G-050+0170,19,6.8,1,SEQ_us200028qc,train
us200028ue,2015-04-24T13:56:15Z,2015,6.2,mww,8.0,51.6148,-130.7714,G+050-0140,33,5.8,0,SEQ_us200028ue,train
us20002910,2015-04-25T00:37:42Z,2015,5.1,mb,140.2,13.8503,144.8365,G+010+0140,21,4.1,0,SEQ_us20002910,development
us20002926,2015-04-25T06:11:25Z,2015,7.8,mww,8.22,28.2305,84.7314,G+020+0080,1134,8.2,1,SEQ_us20002926,train
us2000292y,2015-04-25T06:45:21Z,2015,6.6,mww,10.0,28.2244,84.8216,G+020+0080,82,7.7,1,SEQ_us20002926,train
us2000298l,2015-04-25T20:01:36Z,2015,5.1,mwr,22.77,23.9436,122.5368,G+020+0120,14,3.3,0,SEQ_us10001ps8,train
us2000299v,2015-04-25T23:16:15Z,2015,5.1,mww,13.61,27.7993,84.8715,G+020+0080,10,5.8,0,SEQ_us20002926,train
us200029bt,2015-04-26T07:09:10Z,2015,6.7,mww,22.91,27.7711,86.0173,G+020+0080,496,6.6,1,SEQ_us20002926,train
us200029ea,2015-04-26T16:26:06Z,2015,5.0,mwb,14.0,27.8297,85.865,G+020+0080,67,5.3,0,SEQ_us20002926,train
us200029k7,2015-04-27T12:35:53Z,2015,5.1,mb,31.71,26.8644,88.055,G+020+0080,192,6.5,1,SEQ_us200029k7,development
us200029t7,2015-04-28T11:19:50Z,2015,5.4,mwb,89.0,-2.0856,-79.6231,G-010-0080,57,4.9,0,SEQ_us200029t7,train
us200029ys,2015-04-28T18:56:53Z,2015,5.5,mww,111.0,17.1089,-95.0355,G+010-0100,39,5.0,0,SEQ_us200029ys,train
us20002axt,2015-05-03T04:02:52Z,2015,5.0,mb,45.35,37.5588,141.453,G+030+0140,17,3.7,0,SEQ_us20002axt,train
us20002ejl,2015-05-12T07:05:19Z,2015,7.3,mww,15.0,27.8087,86.0655,G+020+0080,733,7.7,1,SEQ_us20002926,train
us20002ek0,2015-05-12T07:17:20Z,2015,5.5,mb,13.01,27.7141,86.2177,G+020+0080,11,2.7,0,SEQ_us20002926,train
us20002ek5,2015-05-12T07:36:54Z,2015,6.3,mww,15.0,27.625,86.1617,G+020+0080,61,6.6,1,SEQ_us20002926,train
us20002ekr,2015-05-12T08:21:10Z,2015,5.2,mb,15.0,27.7298,86.1316,G+020+0080,17,5.7,0,SEQ_us20002926,train
us20002et4,2015-05-12T21:12:58Z,2015,6.8,mww,35.0,38.9056,142.0317,G+030+0140,151,7.9,1,SEQ_us20002et4,development
us20002etn,2015-05-12T21:25:11Z,2015,5.2,mb,10.0,27.783,84.6384,G+020+0080,59,4.9,0,SEQ_us20002926,train
us100028tz,2015-05-13T21:38:06Z,2015,5.0,mb,8.38,27.7199,86.0503,G+020+0080,37,4.3,0,SEQ_us20002926,train
us10002964,2015-05-15T03:30:34Z,2015,5.1,mb,37.95,37.0459,141.2026,G+030+0140,24,4.6,0,SEQ_us20002axt,train
us100029rn,2015-05-16T11:34:09Z,2015,5.5,mww,7.0,27.5603,86.0734,G+020+0080,183,5.9,0,SEQ_us20002926,train
us10002aah,2015-05-18T20:05:45Z,2015,5.1,mb,86.23,14.4906,-91.8153,G+010-0100,29,4.3,0,SEQ_us10002aah,train
us10002aq2,2015-05-20T03:31:42Z,2015,5.2,mww,14.6,38.6418,70.1959,G+030+0070,12,6.4,1,SEQ_us10002aq2,development
nn00495477,2015-05-22T18:47:42Z,2015,5.3,ml,4.0,37.2925,-114.6546,G+030-0120,2266,4.6,0,SEQ_nn00495477,train
us10002bzr,2015-05-25T05:28:08Z,2015,5.1,mwr,38.74,35.995,139.6134,G+030+0130,218,6.1,1,SEQ_us10002bzr,train
ak0156uj8rk3,2015-05-29T07:00:09Z,2015,6.8,mw,72.6,56.594,-156.4301,G+050-0160,109,4.6,0,SEQ_ak0156uj8rk3,train
us20002kha,2015-05-30T06:26:05Z,2015,5.3,mww,13.0,1.22,-79.57,G+000-0080,15,5.6,0,SEQ_us20002kha,train
us20002ki3,2015-05-30T11:23:02Z,2015,7.8,mww,664.0,27.8386,140.4931,G+020+0140,360,6.0,1,SEQ_us20002ki3,train
us20002kqi,2015-05-30T20:57:22Z,2015,5.3,mb,40.33,-4.7858,103.0184,G-010+0100,40,6.1,1,SEQ_us20002kqi,development
us20002kxa,2015-06-01T06:52:41Z,2015,5.8,mww,10.0,44.4584,-129.8114,G+040-0130,22,3.4,0,SEQ_us20002kxa,development
us20002l3n,2015-06-01T20:11:30Z,2015,5.9,mww,10.0,44.4971,-129.9582,G+040-0130,26,3.1,0,SEQ_us20002kxa,development
us20002m5s,2015-06-04T23:15:43Z,2015,6.0,mww,10.0,5.9867,116.5409,G+000+0110,111,6.6,1,SEQ_us20002m5s,train
us20002mvq,2015-06-08T06:01:08Z,2015,6.1,mww,42.0,41.5615,142.0308,G+040+0140,10,4.3,0,SEQ_us20002mvq,train
us20002n56,2015-06-09T01:09:03Z,2015,5.3,mww,13.0,38.62,23.39,G+030+0020,57,6.0,1,SEQ_us20002n56,train
us20002nkt,2015-06-10T13:52:09Z,2015,6.0,mww,124.0,-22.4,-68.4323,G-030-0070,16,6.1,1,SEQ_us20002nkt,train
us20002pak,2015-06-12T11:07:08Z,2015,6.0,mww,48.0,-15.6758,-173.0098,G-020-0180,12,3.8,0,SEQ_us20002pak,train
us20002pfr,2015-06-12T18:29:15Z,2015,5.3,mb,7.25,6.2053,116.6814,G+000+0110,81,5.2,0,SEQ_us20002m5s,train
us10002ke8,2015-06-20T02:10:07Z,2015,6.4,mww,11.0,-36.3601,-73.812,G-040-0080,54,4.8,0,SEQ_us10002ke8,development
ak01581sc69w,2015-06-24T22:32:21Z,2015,5.8,mw,114.2,61.6644,-151.9621,G+060-0160,857,5.0,0,SEQ_ak01581sc69w,train
us10002m3f,2015-06-27T15:34:03Z,2015,5.5,mwb,22.0,29.0402,34.6672,G+020+0030,88,4.0,0,SEQ_us10002m3f,development
us10002m67,2015-06-28T01:05:28Z,2015,5.1,mwb,26.0,26.6384,90.41,G+020+0090,74,6.6,1,SEQ_us10002m67,train
hv60968241,2015-06-28T08:10:10Z,2015,5.2,ml,7.714,19.335,-155.2093333,G+010-0160,862,4.3,0,SEQ_hv60968241,train
us10002mft,2015-06-29T22:07:48Z,2015,5.5,mwb,191.0,36.6802,71.3004,G+030+0070,31,5.0,0,SEQ_us10002mft,train
us10002mzg,2015-07-02T07:18:24Z,2015,5.3,mb,10.0,34.4513,73.7102,G+030+0070,10,5.4,0,SEQ_us10002mzg,development
us10002n6s,2015-07-03T06:43:21Z,2015,6.1,mww,32.0,10.1691,125.8907,G+010+0120,40,7.0,1,SEQ_us10002n6s,train
us10002nih,2015-07-05T12:56:47Z,2015,5.2,mww,13.14,17.972,120.6844,G+010+0120,11,7.2,1,SEQ_us10002nih,train
us20002wd2,2015-07-09T18:32:51Z,2015,5.5,mww,81.0,40.3631,141.4646,G+040+0140,15,5.6,0,SEQ_us20002wd2,train
us20002wz9,2015-07-12T17:52:06Z,2015,5.5,mww,53.0,33.0229,131.7493,G+030+0130,40,5.4,0,SEQ_us20002wz9,train
us20002xw5,2015-07-16T11:01:45Z,2015,5.7,mww,7.07,13.8769,-58.4736,G+010-0060,25,3.1,0,SEQ_us20002xw5,train
us20002xx1,2015-07-16T15:16:33Z,2015,6.5,mww,20.0,13.8672,-58.5479,G+010-0060,94,3.8,0,SEQ_us20002xw5,train
us20002zz3,2015-07-24T20:59:54Z,2015,5.1,mwr,17.03,33.8564,73.1926,G+030+0070,75,7.0,1,SEQ_us10002mzg,development
us20002zzg,2015-07-24T21:44:38Z,2015,5.5,mwb,48.0,-8.2477,108.9163,G-010+0100,33,4.3,0,SEQ_us20002zzg,train
us20003001,2015-07-24T23:14:39Z,2015,5.3,mww,34.03,-20.2963,-70.2472,G-030-0080,13,6.2,1,SEQ_us20003001,development
ak0159h0d1de,2015-07-25T19:57:43Z,2015,5.1,mw,125.6,61.9493,-152.0518,G+060-0160,21,3.8,0,SEQ_ak0159h0d1de,development
us2000306u,2015-07-26T07:05:10Z,2015,5.9,mww,52.0,-9.2585,112.6695,G-010+0110,19,3.9,0,SEQ_us2000306u,train
us200030kn,2015-07-27T21:41:21Z,2015,7.0,mww,48.0,-2.6286,138.5277,G-010+0130,10,8.5,1,SEQ_us200030kn,train
us2000314h,2015-07-29T00:10:24Z,2015,5.9,mww,12.0,8.2309,-77.3152,G+000-0080,39,3.4,0,SEQ_us2000314h,train
ak0159nc9dk8,2015-07-29T02:35:59Z,2015,6.4,mw,119.3,59.8935,-153.1962,G+050-0160,1099,6.1,1,SEQ_ak0159nc9dk8,train
us10002w8v,2015-07-29T23:41:40Z,2015,5.5,mww,9.0,-25.3727,154.2281,G-030+0150,51,4.9,0,SEQ_us10002w8v,train
us10002x0r,2015-07-31T23:39:25Z,2015,5.0,mwr,63.37,14.1304,-91.4205,G+010-0100,41,5.2,0,SEQ_us10002x0r,train
us10002x1x,2015-08-01T03:38:44Z,2015,5.4,mww,9.0,-25.343,154.3348,G-030+0150,74,4.1,0,SEQ_us10002w8v,train
us10002x2n,2015-08-01T04:46:24Z,2015,5.2,mb,10.0,-25.4093,154.1987,G-030+0150,16,4.1,0,SEQ_us10002w8v,train
us10002xe9,2015-08-03T05:30:11Z,2015,5.0,mwr,43.15,37.7836,141.5287,G+030+0140,11,3.4,0,SEQ_us10002xe9,train
us10002y1z,2015-08-05T09:13:24Z,2015,5.7,mww,100.85,16.1408,-93.664,G+010-0100,25,4.5,0,SEQ_us10002y1z,train
us10002zzn,2015-08-07T01:25:02Z,2015,5.8,mww,11.0,-2.1412,28.8973,G-010+0020,23,4.6,0,SEQ_us10002zzn,train
us10002zzr,2015-08-07T01:28:37Z,2015,5.5,mwc,10.0,-2.0913,28.9515,G-010+0020,13,4.1,0,SEQ_us10002zzn,train
us100030qs,2015-08-10T10:05:25Z,2015,5.9,mww,224.0,36.5326,71.2147,G+030+0070,116,4.3,0,SEQ_us100030qs,development
us100031b7,2015-08-12T00:14:40Z,2015,5.5,mww,30.0,-31.6968,-71.6227,G-040-0080,21,3.8,0,SEQ_us100031b7,train
us100031xw,2015-08-13T14:08:00Z,2015,5.6,mww,17.32,23.9689,122.4897,G+020+0120,15,3.8,0,SEQ_us100031xw,development
us1000322j,2015-08-13T19:30:14Z,2015,5.2,mww,58.03,14.0922,-91.3013,G+010-0100,20,4.8,0,SEQ_us10002x0r,train
us1000323i,2015-08-13T20:13:33Z,2015,5.1,mww,34.63,37.2211,141.3681,G+030+0140,32,5.3,0,SEQ_us10002xe9,train
us100034du,2015-08-23T23:10:04Z,2015,5.7,mww,31.11,-29.7191,-71.2958,G-030-0080,49,4.3,0,SEQ_us100034du,train
us100035pm,2015-08-28T14:46:20Z,2015,5.0,mb,34.97,36.3989,140.8818,G+030+0140,40,4.0,0,SEQ_us100035pm,train
us1000360t,2015-08-29T20:02:26Z,2015,5.1,mb,34.44,-10.8411,116.3414,G-020+0110,15,3.2,0,SEQ_us1000360t,train
us20003fck,2015-09-01T13:24:45Z,2015,5.0,mww,19.11,23.8865,121.5205,G+020+0120,10,3.6,0,SEQ_us100031xw,development
us20003fyz,2015-09-03T13:37:59Z,2015,5.0,mb,60.0,-36.81,-72.579,G-040-0080,15,3.8,0,SEQ_us20003fyz,train
us20003ghh,2015-09-04T20:08:31Z,2015,5.4,mww,37.0,-8.043,107.2248,G-010+0100,14,5.8,0,SEQ_us20003ghh,train
us20003iv1,2015-09-11T20:49:07Z,2015,5.1,mww,51.18,35.5042,139.9064,G+030+0130,179,6.0,1,SEQ_us20003iv1,train
us20003izx,2015-09-12T08:13:49Z,2015,5.0,mb,10.0,-31.661,-68.3557,G-040-0070,24,4.3,0,SEQ_us20003izx,development
us20003j4u,2015-09-13T08:14:08Z,2015,6.7,mww,10.0,24.913,-109.6226,G+020-0110,34,5.2,0,SEQ_us20003j4u,train
us20003jrf,2015-09-15T19:37:34Z,2015,5.3,mww,15.59,24.2353,121.8676,G+020+0120,32,6.3,1,SEQ_us100031xw,development
us20003jy9,2015-09-16T13:08:59Z,2015,5.2,mww,16.74,24.2526,121.8286,G+020+0120,19,3.4,0,SEQ_us100031xw,development
us20003k7a,2015-09-16T22:54:32Z,2015,8.3,mww,22.44,-31.5729,-71.6744,G-040-0080,1216,9.0,1,SEQ_us20003k7a,train
us20003k7w,2015-09-16T23:18:41Z,2015,7.0,mww,28.41,-31.5622,-71.4262,G-040-0080,57,8.0,1,SEQ_us20003k7a,train
us20003kfj,2015-09-17T03:55:15Z,2015,6.5,mww,27.0,-31.4244,-71.6876,G-040-0080,12,6.1,1,SEQ_us20003k7a,train
us20003kfv,2015-09-17T04:10:27Z,2015,6.7,mww,23.0,-31.5173,-71.804,G-040-0080,50,5.4,0,SEQ_us20003k7a,train
us20003l5d,2015-09-18T09:10:44Z,2015,6.2,mww,8.0,-32.3681,-72.2292,G-040-0080,24,4.6,0,SEQ_us20003k7a,train
us20003luw,2015-09-19T12:52:20Z,2015,6.2,mww,18.0,-32.3335,-72.0629,G-040-0080,49,4.6,0,SEQ_us20003k7a,train
us20003mcj,2015-09-21T05:39:34Z,2015,6.1,mww,30.0,-31.5757,-71.7431,G-040-0080,128,4.8,0,SEQ_us20003k7a,train
us20003mgp,2015-09-21T15:37:08Z,2015,5.4,mww,25.57,-31.0239,-71.7936,G-040-0080,29,3.0,0,SEQ_us20003k7a,train
us20003mi0,2015-09-21T17:40:00Z,2015,6.6,mww,35.0,-31.7275,-71.3792,G-040-0080,283,5.3,0,SEQ_us20003k7a,train
us20003mis,2015-09-21T18:36:53Z,2015,5.5,mww,26.95,-31.0458,-71.82,G-040-0080,11,2.8,0,SEQ_us20003k7a,train
us20003mjn,2015-09-21T19:56:08Z,2015,5.6,mww,28.36,-31.7819,-71.6407,G-040-0080,43,3.8,0,SEQ_us20003k7a,train
us20003msd,2015-09-22T07:13:00Z,2015,6.0,mww,58.0,-31.4441,-71.2653,G-040-0080,112,6.4,1,SEQ_us20003k7a,train
us20003p9y,2015-09-26T02:51:18Z,2015,6.3,mww,46.0,-30.8148,-71.3217,G-040-0080,110,6.5,1,SEQ_us20003k7a,train
us20003pnw,2015-09-28T15:28:05Z,2015,5.9,mww,219.0,-23.8028,-66.6126,G-030-0070,11,3.4,0,SEQ_us20003pnw,train
us10003jb2,2015-09-30T17:25:54Z,2015,5.4,mww,42.0,18.0401,-101.3369,G+010-0110,71,5.3,0,SEQ_us10003jb2,train
us10003jyn,2015-10-03T06:03:42Z,2015,5.8,mww,14.53,-37.4557,-73.6761,G-040-0080,33,4.6,0,SEQ_us10003jyn,train
us10003jyt,2015-10-03T06:26:55Z,2015,5.9,mww,38.0,-30.301,-71.551,G-040-0080,19,6.0,1,SEQ_us20003k7a,train
us10003k7q,2015-10-04T14:50:34Z,2015,5.3,mww,92.0,-16.2684,-72.1052,G-020-0080,10,4.9,0,SEQ_us10003k7q,development
us10003kg9,2015-10-05T16:33:26Z,2015,5.9,mww,34.0,-30.3035,-71.5318,G-040-0080,37,4.5,0,SEQ_us20003k7a,train
us10003ksq,2015-10-06T21:27:33Z,2015,5.2,mww,22.4,36.1682,29.8952,G+030+0020,26,4.8,0,SEQ_us10003ksq,development
us10003mjs,2015-10-09T18:27:36Z,2015,5.5,mww,35.0,-31.7323,-71.7325,G-040-0080,18,4.1,0,SEQ_us20003k7a,train
us10003mxv,2015-10-12T08:05:01Z,2015,5.6,mww,22.0,-40.5837,176.2884,G-050+0170,13,5.0,0,SEQ_us10003mxv,train
us10003niy,2015-10-14T07:47:18Z,2015,5.0,mww,125.68,7.6522,-73.3038,G+000-0080,35,5.9,0,SEQ_us10003niy,train
us10003nud,2015-10-15T10:07:28Z,2015,5.4,mww,97.13,-2.5015,-78.7623,G-010-0080,33,6.4,1,SEQ_us10003nud,development
us10003pc9,2015-10-17T11:33:08Z,2015,5.8,mww,17.0,-25.4674,-64.4839,G-030-0070,39,5.1,0,SEQ_us10003pc9,development
us10003pkj,2015-10-19T02:17:37Z,2015,5.3,mww,10.0,24.7696,122.0479,G+020+0120,26,3.9,0,SEQ_us10003pkj,train
us10003pnb,2015-10-19T13:50:41Z,2015,5.8,mww,106.0,13.8654,120.6172,G+010+0120,153,5.2,0,SEQ_us10003pnb,development
us10003ptl,2015-10-20T00:36:54Z,2015,5.4,mww,78.0,12.8678,143.9008,G+010+0140,40,3.8,0,SEQ_us10003ptl,development
us10003q5k,2015-10-21T06:04:49Z,2015,5.3,mww,24.16,37.3186,141.0771,G+030+0140,56,5.5,0,SEQ_us10003q5k,train
us10003qv5,2015-10-23T00:27:39Z,2015,5.6,mww,11.0,29.6377,70.326,G+020+0070,13,6.4,1,SEQ_us10003qv5,train
us10003re5,2015-10-26T09:09:42Z,2015,7.5,mww,231.0,36.5244,70.3676,G+030+0070,568,7.9,1,SEQ_us10003re5,train
us2000416s,2015-11-01T15:16:17Z,2015,5.8,mww,111.0,-23.2468,-68.4169,G-030-0070,16,4.1,0,SEQ_us2000416s,train
us2000417s,2015-11-01T21:09:40Z,2015,5.5,mww,7.0,22.7548,121.6561,G+020+0120,12,3.8,0,SEQ_us2000417s,train
us200041ty,2015-11-04T03:44:15Z,2015,6.5,mww,20.0,-8.3381,124.8754,G-010+0120,14,5.3,0,SEQ_us200041ty,train
us200041us,2015-11-04T06:14:32Z,2015,5.1,mb,10.0,-6.7492,105.0488,G-010+0100,18,3.8,0,SEQ_us200041us,train
us10003vgf,2015-11-07T06:58:30Z,2015,5.3,mww,15.12,8.4672,-71.3957,G+000-0080,21,5.5,0,SEQ_us10003vgf,train
us10003vgt,2015-11-07T07:31:43Z,2015,6.8,mww,46.0,-30.8796,-71.4519,G-040-0080,180,7.2,1,SEQ_us20003k7a,train
us10003vjs,2015-11-07T13:44:44Z,2015,5.0,mww,107.5,35.9067,139.9683,G+030+0130,97,5.3,0,SEQ_us10003vjs,train
us10003vl4,2015-11-07T19:40:13Z,2015,5.5,mww,37.0,16.4895,119.8464,G+010+0110,21,4.0,0,SEQ_us10003vl4,train
us10003vph,2015-11-08T09:34:57Z,2015,5.7,mww,69.0,0.7863,98.8905,G+000+0090,17,7.2,1,SEQ_us10003vph,train
us10003vw4,2015-11-09T04:46:27Z,2015,5.3,mww,101.0,-23.5755,-68.9458,G-030-0070,11,3.4,0,SEQ_us2000416s,train
us10003x8t,2015-11-11T01:54:38Z,2015,6.9,mww,12.0,-29.5067,-72.0068,G-030-0080,48,5.9,0,SEQ_us10003x8t,train
us10003x9g,2015-11-11T02:46:19Z,2015,6.9,mww,10.0,-29.5097,-72.0585,G-030-0080,23,5.0,0,SEQ_us10003x8t,train
us10003xd3,2015-11-11T11:45:23Z,2015,5.5,mww,83.02,-8.9416,110.2187,G-010+0110,22,4.8,0,SEQ_us10003xd3,development
us10003xni,2015-11-11T23:36:19Z,2015,5.8,mww,126.0,-7.2493,128.93,G-010+0120,10,3.4,0,SEQ_us10003xni,train
us10003xzv,2015-11-13T06:04:17Z,2015,5.6,mww,27.0,-29.8492,-64.4985,G-030-0070,53,4.6,0,SEQ_us10003xzv,train
us10003y71,2015-11-13T20:51:31Z,2015,6.7,mww,12.0,31.0009,128.8729,G+030+0120,24,4.8,0,SEQ_us10003y71,train
us10003ywp,2015-11-17T07:10:07Z,2015,6.5,mww,11.0,38.67,20.6,G+030+0020,25,7.2,1,SEQ_us10003ywp,train
us10003yzt,2015-11-17T17:29:36Z,2015,5.6,mww,18.0,40.3762,73.2038,G+040+0070,25,4.0,0,SEQ_us10003yzt,train
us10003zfw,2015-11-19T04:15:52Z,2015,5.0,mb,16.51,27.8525,85.6776,G+020+0080,20,4.6,0,SEQ_us10003zfw,train
us10004077,2015-11-21T23:05:30Z,2015,5.8,mww,27.0,-30.5754,-71.7676,G-040-0080,10,4.1,0,SEQ_us20003k7a,train
us100040aj,2015-11-22T08:11:15Z,2015,5.0,mb,49.01,16.8532,-96.412,G+010-0100,10,4.5,0,SEQ_us100040aj,train
us100040ct,2015-11-22T18:16:04Z,2015,5.7,mww,102.0,36.4344,71.4233,G+030+0070,93,5.3,0,SEQ_us10003re5,train
us100040dr,2015-11-22T20:38:31Z,2015,5.1,mwr,10.0,8.5217,-71.3869,G+000-0080,24,4.3,0,SEQ_us10003vgf,train
us100040iy,2015-11-23T20:41:21Z,2015,5.6,mww,34.0,16.9762,-98.9116,G+010-0100,74,6.0,1,SEQ_us100040iy,train
us100040ww,2015-11-24T22:45:38Z,2015,7.6,mww,606.21,-10.5372,-70.9437,G-020-0080,124,5.5,0,SEQ_us100040ww,train
us100040x6,2015-11-24T22:50:54Z,2015,7.6,mww,620.56,-10.0598,-71.0184,G-020-0080,15,4.9,0,SEQ_us100040ww,train
us100041q5,2015-11-27T11:46:27Z,2015,5.6,mww,52.0,13.0906,-88.9476,G+010-0090,23,4.6,0,SEQ_us100041q5,train
us100041t7,2015-11-27T21:00:22Z,2015,6.2,mww,34.0,-24.828,-70.6009,G-030-0080,26,6.0,1,SEQ_us100041t7,development
us100041wc,2015-11-28T14:47:18Z,2015,5.4,mww,51.34,-7.0548,105.9999,G-010+0100,47,4.3,0,SEQ_us100041wc,train
us1000421x,2015-11-29T18:52:49Z,2015,5.8,mww,11.0,-23.5597,-64.6521,G-030-0070,16,5.8,0,SEQ_us1000421x,train
us100044k6,2015-12-07T07:50:05Z,2015,7.2,mww,22.0,38.2107,72.7797,G+030+0070,73,4.1,0,SEQ_us100044k6,train
us100044k5,2015-12-07T07:51:11Z,2015,5.5,mwr,49.53,-31.3985,-71.2624,G-040-0080,11,4.8,0,SEQ_us20003k7a,train
us100044xh,2015-12-07T22:53:35Z,2015,5.7,mww,84.0,14.2197,-90.8905,G+010-0100,74,7.1,1,SEQ_us100044xh,train
us20004g1p,2015-12-10T00:09:32Z,2015,5.5,mww,10.0,-35.8838,-73.2763,G-040-0080,15,4.2,0,SEQ_us20004g1p,train
us100047wy,2015-12-17T12:44:03Z,2015,5.3,mww,69.65,17.7537,120.5815,G+010+0120,14,5.7,0,SEQ_us100047wy,train
us100047zq,2015-12-17T19:49:53Z,2015,6.6,mww,85.0,15.8015,-93.633,G+010-0100,122,7.8,1,SEQ_us100047zq,train
us100048du,2015-12-19T19:25:05Z,2015,5.8,mww,48.34,-30.6053,-71.3057,G-040-0080,38,5.9,0,SEQ_us20003k7a,train
us100048hc,2015-12-20T18:47:36Z,2015,6.1,mww,14.0,3.6455,117.6359,G+000+0110,19,6.4,1,SEQ_us100048hc,train
us100049i1,2015-12-25T19:14:47Z,2015,6.3,mww,206.0,36.4935,71.1263,G+030+0070,337,6.2,1,SEQ_us100049i1,train
us10004a1v,2015-12-28T06:55:29Z,2015,5.6,mww,150.0,14.6571,-61.3454,G+010-0070,29,3.8,0,SEQ_us10004a1v,train
us10004a6p,2015-12-29T02:54:06Z,2015,5.0,mwr,5.7,6.862,-76.701,G+000-0080,22,4.6,0,SEQ_us10004a6p,train
us10004acp,2015-12-30T03:25:34Z,2015,5.0,mwr,81.05,14.137,-91.1098,G+010-0100,29,3.8,0,SEQ_us100044xh,train
us10004akg,2015-12-31T10:56:58Z,2015,5.8,mww,20.0,11.1535,-86.6205,G+010-0090,31,4.3,0,SEQ_us10004akg,train
us10004aur,2016-01-02T08:37:22Z,2016,5.2,mwb,189.0,36.5426,70.932,G+030+0070,34,4.6,0,SEQ_us100049i1,train
us10004b2n,2016-01-03T23:05:22Z,2016,6.7,mww,55.0,24.8036,93.6505,G+020+0090,666,7.6,1,SEQ_us10004b2n,train
us10004c4b,2016-01-07T15:40:42Z,2016,5.0,mww,22.6,-41.6653,-74.0885,G-050-0080,20,3.4,0,SEQ_us10004c4b,train
us10004c96,2016-01-08T01:12:01Z,2016,5.7,mww,24.03,-30.664,-71.6383,G-040-0080,26,5.3,0,SEQ_us20003k7a,train
us10004cbi,2016-01-08T09:07:09Z,2016,5.0,mb,223.13,36.6015,70.9688,G+030+0070,33,4.6,0,SEQ_us100049i1,train
us10004dbv,2016-01-10T17:40:49Z,2016,5.0,mwr,10.0,39.5649,34.3373,G+030+0030,16,5.0,0,SEQ_us10004dbv,development
us10004dtm,2016-01-12T20:04:59Z,2016,5.7,mww,239.0,36.5979,70.9503,G+030+0070,63,4.6,0,SEQ_us100049i1,train
us10004ebx,2016-01-14T03:25:33Z,2016,6.7,mww,46.0,41.9723,142.781,G+040+0140,51,5.3,0,SEQ_us10004ebx,train
us10004g3i,2016-01-21T13:47:19Z,2016,5.1,mwr,10.0,35.6247,-3.6499,G+030-0010,16,3.4,0,SEQ_us10004g3i,train
us10004g4l,2016-01-21T18:06:57Z,2016,6.6,mww,10.0,18.8239,-106.9337,G+010-0110,11,2.7,0,SEQ_us10004g4l,development
ak01613v15nv,2016-01-24T10:30:29Z,2016,7.1,mw,125.6,59.6204,-153.3392,G+050-0160,1858,6.6,1,SEQ_ak01613v15nv,development
us10004gy9,2016-01-25T04:22:02Z,2016,6.3,mww,12.0,35.6493,-3.6818,G+030-0010,122,6.3,1,SEQ_us10004g3i,train
us20004wk0,2016-02-02T14:19:23Z,2016,5.7,mww,196.0,25.5745,123.4476,G+020+0120,10,4.5,0,SEQ_us20004wk0,train
us20004wnp,2016-02-02T19:36:19Z,2016,5.0,mwr,18.98,16.8595,-86.225,G+010-0090,12,4.8,0,SEQ_us20004wnp,train
us20004y4t,2016-02-05T16:20:11Z,2016,5.2,mb,23.53,27.8782,85.3377,G+020+0080,87,5.6,0,SEQ_us20004y4t,train
us20004y6h,2016-02-05T19:57:27Z,2016,6.4,mww,23.0,22.9375,120.6014,G+020+0120,139,8.2,1,SEQ_us20004y6h,train
us20004yi3,2016-02-07T07:25:39Z,2016,5.1,mb,89.12,14.0933,145.22,G+010+0140,26,3.9,0,SEQ_us20004yi3,train
us20004ywf,2016-02-09T00:39:00Z,2016,5.2,mwr,53.72,-42.1199,173.0747,G-050+0170,11,3.3,0,SEQ_us20004ywf,train
us20004z5b,2016-02-10T00:33:05Z,2016,6.3,mww,29.0,-30.5723,-71.5838,G-040-0080,71,6.5,1,SEQ_us20004z5b,train
us20004zp9,2016-02-12T10:02:24Z,2016,6.3,mww,28.0,-9.6338,119.4013,G-010+0110,14,4.5,0,SEQ_us20004zp9,train
us20004zy8,2016-02-13T17:07:06Z,2016,5.1,mww,8.31,36.4898,-98.709,G+030-0100,4049,6.8,1,SEQ_us20004zy8,train
us20005019,2016-02-14T00:13:44Z,2016,5.8,mww,7.63,-43.4798,172.7715,G-050+0170,22,6.9,1,SEQ_us20005019,train
us10004r0w,2016-02-19T13:13:52Z,2016,5.1,mww,18.86,37.2534,142.2432,G+030+0140,13,2.7,0,SEQ_us10004r0w,train
us10004rhs,2016-02-21T09:12:08Z,2016,5.2,mww,174.0,36.4892,70.8607,G+030+0070,13,3.1,0,SEQ_us10004rhs,train
us10004rjm,2016-02-21T18:10:00Z,2016,5.1,mb,16.72,27.9633,84.6943,G+020+0080,21,4.3,0,SEQ_us20004y4t,train
us10004u1y,2016-03-02T12:49:48Z,2016,7.8,mww,24.0,-4.9521,94.3299,G-010+0090,31,3.8,0,SEQ_us10004u1y,development
us10004vl0,2016-03-06T00:54:41Z,2016,5.1,mb,10.0,-1.4279,-80.4011,G-010-0090,28,6.5,1,SEQ_us10004vl0,train
us10004xp4,2016-03-15T04:40:39Z,2016,5.2,mww,10.0,35.6879,-3.634,G+030-0010,11,5.3,0,SEQ_us10004xp4,development
us20005a3a,2016-03-16T03:49:32Z,2016,5.3,mww,25.41,-31.241,-71.7314,G-040-0080,11,3.1,0,SEQ_us20005a3a,train
us20005awl,2016-03-18T22:46:56Z,2016,5.5,mww,10.0,49.673,-129.8485,G+040-0130,10,2.5,0,SEQ_us20005awl,train
us20005azy,2016-03-19T11:26:33Z,2016,6.0,mww,26.0,17.996,-60.7019,G+010-0070,84,5.0,0,SEQ_us20005azy,train
us20005du0,2016-04-01T02:39:08Z,2016,5.9,mww,14.0,33.3807,136.3901,G+030+0130,39,4.8,0,SEQ_us20005du0,development
us20005fj8,2016-04-05T07:42:24Z,2016,5.0,mb,10.0,25.7595,90.5452,G+020+0090,40,4.3,0,SEQ_us20005fj8,train
us20005fv5,2016-04-06T14:45:29Z,2016,6.1,mww,29.0,-8.2036,107.3857,G-010+0100,30,5.3,0,SEQ_us20005fv5,train
us20005g43,2016-04-07T12:22:21Z,2016,5.2,mb,86.21,10.5418,-62.5876,G+010-0070,28,4.3,0,SEQ_us20005g43,train
us20005gs0,2016-04-10T07:11:21Z,2016,5.5,mww,25.0,16.0557,-96.2563,G+010-0100,26,5.4,0,SEQ_us20005gs0,train
us20005gsg,2016-04-10T10:28:58Z,2016,6.6,mww,212.0,36.4725,71.1311,G+030+0070,117,5.8,0,SEQ_us20005gsg,train
us20005hqz,2016-04-13T13:55:17Z,2016,6.9,mww,136.0,23.0944,94.8654,G+020+0090,289,5.9,0,SEQ_us20005hqz,train
us20005hux,2016-04-13T18:21:52Z,2016,6.0,mww,17.0,7.7917,122.0231,G+000+0120,10,4.3,0,SEQ_us20005hux,train
us20005hz4,2016-04-14T09:38:44Z,2016,5.1,mww,110.52,-33.8833,-70.4192,G-040-0080,31,4.7,0,SEQ_us20005hz4,train
us20005hzn,2016-04-14T12:26:35Z,2016,6.2,mww,9.0,32.788,130.7042,G+030+0130,31,7.9,1,SEQ_us20005hzn,development
us20005iis,2016-04-15T16:25:06Z,2016,7.0,mww,10.0,32.7906,130.7543,G+030+0130,113,8.5,1,SEQ_us20005hzn,development
us20005iy5,2016-04-16T06:05:22Z,2016,5.3,mww,59.32,-26.4613,-69.8601,G-030-0070,11,4.3,0,SEQ_us20005iy5,train
us20005j32,2016-04-16T23:58:36Z,2016,7.8,mww,20.59,0.3819,-79.9218,G+000-0080,194,8.6,1,SEQ_us20005j32,train
us20005k37,2016-04-20T08:33:47Z,2016,6.2,mww,14.0,0.639,-80.2104,G+000-0090,12,4.3,0,SEQ_us20005j32,train
us20005k66,2016-04-20T12:19:43Z,2016,5.9,mww,33.11,37.8013,141.6216,G+030+0140,34,3.4,0,SEQ_us20005k66,train
us20005kqh,2016-04-22T03:03:41Z,2016,6.0,mww,10.0,-0.2921,-80.5039,G-010-0090,29,5.6,0,SEQ_us20005j32,train
us10005bxy,2016-04-27T15:17:14Z,2016,5.5,mww,13.0,24.2309,121.8009,G+020+0120,35,4.7,0,SEQ_us10005bxy,train
us10005ftw,2016-05-08T07:34:00Z,2016,5.8,mww,22.0,16.4107,-97.8416,G+010-0100,45,4.1,0,SEQ_us10005ftw,train
us10005gpt,2016-05-12T03:17:15Z,2016,5.8,mww,8.0,24.6953,121.9839,G+020+0120,35,5.0,0,SEQ_us10005bxy,train
us10005gq4,2016-05-12T04:29:55Z,2016,5.7,mww,9.0,24.6833,122.0531,G+020+0120,17,4.3,0,SEQ_us10005bxy,train
ak016690dapx,2016-05-15T05:51:00Z,2016,5.3,mw,131.5,63.0765,-150.9465,G+060-0160,236,4.5,0,SEQ_ak016690dapx,train
us10005hqy,2016-05-16T12:23:02Z,2016,5.4,mww,44.51,36.023,139.806,G+030+0130,155,6.3,1,SEQ_us10005hqy,train
us10005i5t,2016-05-18T07:57:02Z,2016,6.7,mww,16.0,0.4261,-79.7899,G+000-0080,104,5.1,0,SEQ_us20005j32,train
us10005i9n,2016-05-18T16:46:43Z,2016,6.9,mww,29.95,0.4947,-79.616,G+000-0080,62,7.6,1,SEQ_us20005j32,train
us10005jdq,2016-05-23T19:20:39Z,2016,5.4,mww,124.03,16.7065,-93.8984,G+010-0100,10,4.3,0,SEQ_us10005jdq,development
us20005yxt,2016-05-28T23:54:53Z,2016,5.4,mww,11.43,36.4313,3.5166,G+030+0000,13,5.3,0,SEQ_us20005yxt,train
us20005zay,2016-05-31T05:23:47Z,2016,6.4,mww,246.4,25.5615,122.5458,G+020+0120,43,4.9,0,SEQ_us20005zay,development
us200062zs,2016-06-09T04:13:08Z,2016,6.1,mww,19.0,-11.2487,116.2669,G-020+0110,25,4.3,0,SEQ_us200062zs,train
us200063cy,2016-06-10T03:25:22Z,2016,6.1,mww,10.0,12.8318,-86.9633,G+010-0090,120,6.6,1,SEQ_us200063cy,train
ci37374687,2016-06-10T08:04:38Z,2016,5.19,mw,12.31,33.4315,-116.4426667,G+030-0120,14183,6.0,1,SEQ_ci37374687,development
us200063vx,2016-06-11T22:54:22Z,2016,5.0,mb,34.71,35.9783,139.9693,G+030+0130,51,4.1,0,SEQ_us10005hqy,train
us200064ir,2016-06-15T13:46:55Z,2016,5.4,mww,61.0,14.1118,-91.6462,G+010-0100,38,5.2,0,SEQ_us200064ir,development
us200066ri,2016-06-25T06:40:29Z,2016,5.2,mww,49.89,6.5759,126.1078,G+000+0120,10,3.4,0,SEQ_us200066ri,train
us2000671z,2016-06-26T22:57:06Z,2016,5.7,mww,12.82,36.9968,142.2226,G+030+0140,24,3.4,0,SEQ_us2000671z,train
us200067az,2016-06-27T20:50:34Z,2016,5.7,mww,19.0,16.5502,-97.8332,G+010-0100,51,4.2,0,SEQ_us200067az,train
us10005zjd,2016-07-03T01:58:32Z,2016,5.3,mb,8.42,10.6872,-85.1375,G+010-0090,22,6.1,1,SEQ_us10005zjd,train
us100062hd,2016-07-11T02:01:09Z,2016,5.9,mww,17.0,0.5874,-79.6358,G+000-0080,13,4.3,0,SEQ_us100062hd,train
us100062hg,2016-07-11T02:11:04Z,2016,6.3,mww,21.0,0.5812,-79.638,G+000-0080,88,6.4,1,SEQ_us100062hd,train
us20006fax,2016-07-17T04:24:01Z,2016,5.0,mb,40.22,36.0052,139.9227,G+030+0130,139,5.3,0,SEQ_us20006fax,train
us20006ffx,2016-07-18T01:35:52Z,2016,5.2,mb,75.42,-11.2038,-77.7367,G-020-0080,91,4.8,0,SEQ_us20006ffx,train
us20006fzz,2016-07-19T22:25:32Z,2016,5.0,mb,39.28,35.9914,140.0323,G+030+0140,113,5.0,0,SEQ_us20006fax,train
ak0169f6vp18,2016-07-23T09:59:01Z,2016,5.5,mw,203.6,58.4734,-156.4569,G+050-0160,10,2.9,0,SEQ_ak0169f6vp18,development
us20006h4k,2016-07-23T20:09:23Z,2016,5.9,mww,37.0,-15.1308,-173.6725,G-020-0180,10,3.8,0,SEQ_us20006h4k,train
us20006hg4,2016-07-25T15:11:54Z,2016,5.2,mww,21.0,26.5081,128.702,G+020+0120,21,3.4,0,SEQ_us20006hg4,train
us20006hi2,2016-07-25T17:26:50Z,2016,6.1,mww,72.0,-26.1067,-70.5111,G-030-0080,18,6.4,1,SEQ_us20006hi2,train
us20006hs4,2016-07-26T14:29:08Z,2016,5.2,mb,10.11,9.7313,125.5185,G+000+0120,12,5.8,0,SEQ_us20006hs4,train
us20006i35,2016-07-27T14:47:17Z,2016,5.3,mww,46.0,36.492,140.7576,G+030+0140,125,5.4,0,SEQ_us20006fax,train
us100068jg,2016-07-29T21:18:24Z,2016,7.7,mww,196.0,18.5429,145.5073,G+010+0140,129,4.6,0,SEQ_us100068jg,development
us1000692a,2016-07-31T23:40:01Z,2016,5.6,mww,21.0,-8.1935,117.8136,G-010+0110,17,3.1,0,SEQ_us1000692a,train
us10006btr,2016-08-06T09:08:23Z,2016,5.4,mww,87.83,6.1145,125.3072,G+000+0120,12,5.3,0,SEQ_us10006btr,train
nc72672610,2016-08-10T02:57:17Z,2016,5.09,mw,14.45,39.3293333,-122.8018333,G+030-0130,960,4.8,0,SEQ_nc72672610,train
us10006ci7,2016-08-10T04:06:58Z,2016,5.2,mwb,126.97,5.5673,125.7151,G+000+0120,13,3.4,0,SEQ_us10006btr,train
us10006dkr,2016-08-13T14:05:04Z,2016,5.1,mb,30.46,11.5445,124.4906,G+010+0120,22,5.0,0,SEQ_us10006dkr,train
us10006dmp,2016-08-13T20:15:07Z,2016,5.2,mb,38.44,34.5221,140.3732,G+030+0140,19,3.8,0,SEQ_us10006dmp,train
us10006dr1,2016-08-14T11:15:14Z,2016,5.7,mww,11.0,50.4696,142.2749,G+050+0140,11,4.3,0,SEQ_us10006dr1,train
us10006du3,2016-08-15T02:59:00Z,2016,5.5,mwb,20.0,-15.6542,-72.0092,G-020-0080,22,6.8,1,SEQ_us10006du3,train
us10006dvd,2016-08-15T07:04:41Z,2016,5.6,mww,33.0,37.4115,141.7203,G+030+0140,55,4.3,0,SEQ_us20006fax,train
us10006dwi,2016-08-15T11:32:02Z,2016,5.4,mww,29.0,10.9027,122.1945,G+010+0120,48,4.8,0,SEQ_us10006dwi,train
us10006em9,2016-08-18T04:30:08Z,2016,5.7,mww,10.0,-19.8352,148.7233,G-020+0140,239,5.2,0,SEQ_us10006em9,train
us10006eyx,2016-08-19T09:49:10Z,2016,5.3,mwr,44.91,-17.0241,-72.349,G-020-0080,16,4.3,0,SEQ_us10006eyx,train
us10006f0e,2016-08-19T12:07:42Z,2016,5.0,mwr,37.25,36.6132,141.2096,G+030+0140,83,5.4,0,SEQ_us20006fax,train
us10006fpt,2016-08-22T06:11:08Z,2016,5.1,mww,35.0,38.3251,142.113,G+030+0140,10,2.7,0,SEQ_us10006fpt,train
us10006fx8,2016-08-23T02:11:12Z,2016,5.0,mwr,101.74,23.8972,94.6983,G+020+0090,43,4.3,0,SEQ_us10006fx8,train
us10006g7d,2016-08-24T01:36:32Z,2016,6.2,mww,4.44,42.723,13.1877,G+040+0010,763,8.9,1,SEQ_us10006g7d,development
us10006g7w,2016-08-24T02:33:29Z,2016,5.6,mww,3.25,42.8413,13.1533,G+040+0010,80,7.1,1,SEQ_us10006g7d,development
us10006gbf,2016-08-24T10:34:54Z,2016,6.8,mww,82.0,20.9228,94.569,G+020+0090,300,6.4,1,SEQ_us10006gbf,train
us20006v8s,2016-08-30T08:09:09Z,2016,5.4,mww,14.2,-34.8956,-72.555,G-040-0080,25,4.3,0,SEQ_us20006v8s,train
us10006jbi,2016-09-01T16:37:57Z,2016,7.0,mww,19.0,-37.3586,179.1461,G-040+0170,272,5.0,0,SEQ_us10006jbi,train
nc72689331,2016-09-03T03:27:57Z,2016,5.64,mw,28.57,40.3208333,-125.6876667,G+040-0130,573,3.8,0,SEQ_nc72689331,train
us10006jxs,2016-09-03T12:02:44Z,2016,5.8,mww,5.557,36.4251,-96.9291,G+030-0100,48764,7.9,1,SEQ_us10006jxs,train
us10006k8f,2016-09-04T02:38:12Z,2016,5.8,mww,16.0,8.3989,125.8874,G+000+0120,19,6.1,1,SEQ_us10006k8f,train
us10006nax,2016-09-09T11:53:15Z,2016,5.4,mww,32.09,36.3925,141.1259,G+030+0140,53,4.3,0,SEQ_us20006fax,train
us10006nkg,2016-09-10T10:08:20Z,2016,6.1,mww,121.0,-5.573,-76.9536,G-010-0080,40,4.8,0,SEQ_us10006nkg,development
us10006nkx,2016-09-10T12:27:33Z,2016,5.9,mww,40.0,-1.0355,31.6181,G-010+0030,182,4.9,0,SEQ_us10006nkx,train
us10006nuj,2016-09-11T13:10:08Z,2016,5.1,mww,13.2,42.0081,21.4876,G+040+0020,237,7.6,1,SEQ_us10006nuj,development
us10006p1f,2016-09-12T11:32:55Z,2016,5.4,mww,13.0,35.7808,129.2162,G+030+0120,433,8.3,1,SEQ_us10006p1f,train
us10006p8f,2016-09-13T10:12:26Z,2016,5.0,mww,74.0,35.8978,139.7844,G+030+0130,106,4.6,0,SEQ_us10006p8f,train
us10006pdp,2016-09-14T01:58:31Z,2016,6.0,mww,18.0,7.3736,-76.1686,G+000-0080,175,5.3,0,SEQ_us10006pdp,train
us10006ppy,2016-09-15T05:57:24Z,2016,5.7,mww,10.0,12.44,-86.6423,G+010-0090,56,6.4,1,SEQ_us10006ppy,train
us10006psr,2016-09-15T13:46:43Z,2016,5.2,mww,50.85,17.1295,-94.9137,G+010-0100,13,3.9,0,SEQ_us10006psr,train
us10006rte,2016-09-23T00:14:34Z,2016,6.2,mww,10.0,34.4619,141.6368,G+030+0140,24,3.9,0,SEQ_us10006rte,train
us10006s4v,2016-09-23T22:53:10Z,2016,6.3,mww,65.0,6.5717,126.4918,G+000+0120,52,4.9,0,SEQ_us10006s4v,train
us10006s5c,2016-09-23T23:11:20Z,2016,5.6,mww,92.0,45.7275,26.6097,G+040+0020,922,6.6,1,SEQ_us10006s5c,train
us10006sp7,2016-09-26T05:19:58Z,2016,5.7,mww,38.0,27.4646,128.578,G+020+0120,80,5.8,0,SEQ_us10006sp7,development
us10006td4,2016-09-27T20:57:08Z,2016,5.1,mww,85.2,36.3888,27.6141,G+030+0020,108,4.9,0,SEQ_us10006td4,train
us10006th7,2016-09-28T07:17:35Z,2016,5.0,mb,46.53,36.7738,21.912,G+030+0020,15,4.8,0,SEQ_us10006th7,train
us10006tk4,2016-09-28T16:48:55Z,2016,5.5,mww,7.56,12.4417,-86.5146,G+010-0090,39,4.1,0,SEQ_us10006ppy,train
us10006txy,2016-09-29T20:23:14Z,2016,5.3,mww,10.0,16.1182,-84.9751,G+010-0090,28,3.4,0,SEQ_us10006txy,train
us10006ui7,2016-10-02T13:40:04Z,2016,5.4,mww,10.0,16.4787,119.7489,G+010+0110,28,5.3,0,SEQ_us10006ui7,train
us10006w2j,2016-10-05T16:06:14Z,2016,5.3,mb,102.78,-9.7981,-74.8533,G-010-0080,28,4.0,0,SEQ_us10006w2j,train
us20007ccf,2016-10-06T15:51:59Z,2016,5.8,mww,14.0,22.6258,121.436,G+020+0120,57,4.1,0,SEQ_us20007ccf,train
us20007dr2,2016-10-13T03:55:12Z,2016,5.3,mww,24.03,25.476,-109.7346,G+020-0110,13,4.1,0,SEQ_us20007dr2,development
us20007e6x,2016-10-14T18:29:04Z,2016,5.4,mb,40.32,9.1253,125.6031,G+000+0120,23,4.4,0,SEQ_us20007e6x,train
us20007ebw,2016-10-15T08:18:32Z,2016,5.1,mww,6.4,42.2088,30.7242,G+040+0030,18,3.4,0,SEQ_us20007ebw,development
us20007eec,2016-10-15T20:14:49Z,2016,5.5,mww,22.0,39.8063,20.6463,G+030+0020,158,5.7,0,SEQ_us20007eec,train
us20007efm,2016-10-16T00:41:14Z,2016,5.2,mww,13.3,39.8168,20.5912,G+030+0020,27,4.1,0,SEQ_us20007eec,train
us20007ept,2016-10-17T06:14:58Z,2016,6.8,mww,42.0,-6.0033,148.8871,G-010+0140,13,3.4,0,SEQ_us20007ept,train
us20007f6l,2016-10-18T22:08:14Z,2016,5.6,mww,146.0,15.223,-61.5065,G+010-0070,27,3.8,0,SEQ_us20007f6l,development
us20007f7j,2016-10-19T00:26:01Z,2016,6.6,mww,614.0,-4.8626,108.1627,G-010+0100,20,3.4,0,SEQ_us20007f7j,train
us20007fic,2016-10-20T02:49:53Z,2016,5.3,mww,18.91,35.8196,140.5082,G+030+0140,82,4.4,0,SEQ_us20007fic,train
us20007fta,2016-10-21T05:07:22Z,2016,6.2,mww,5.63,35.3743,133.8092,G+030+0130,171,7.5,1,SEQ_us20007fta,train
us20007ga1,2016-10-23T22:59:29Z,2016,5.6,mww,12.0,18.9017,-104.5714,G+010-0110,77,4.3,0,SEQ_us20007ga1,train
us20007guh,2016-10-26T14:08:07Z,2016,5.1,mb,31.95,-9.315,-75.4178,G-010-0080,21,3.1,0,SEQ_us10006w2j,train
us20007guy,2016-10-26T17:10:37Z,2016,5.5,mww,6.0,42.858,13.0528,G+040+0010,243,6.7,1,SEQ_us20007guy,train
us1000725y,2016-10-26T19:18:08Z,2016,6.1,mww,10.0,42.9564,13.0666,G+040+0010,410,8.6,1,SEQ_us20007guy,train
us100072gn,2016-10-27T20:32:55Z,2016,6.0,mww,12.57,-33.7771,-72.5321,G-040-0080,14,4.3,0,SEQ_us100072gn,train
us1000731j,2016-10-30T06:40:18Z,2016,6.6,mww,8.0,42.8621,13.0961,G+040+0010,924,9.1,1,SEQ_us20007guy,train
us1000735j,2016-10-31T00:20:11Z,2016,5.6,mww,33.0,3.4466,-74.4951,G+000-0080,377,5.2,0,SEQ_us1000735j,development
us1000735x,2016-10-31T02:05:58Z,2016,5.0,mww,36.16,3.4027,-74.5019,G+000-0080,105,5.3,0,SEQ_us1000735j,development
us1000744u,2016-11-04T16:20:44Z,2016,6.3,mww,90.0,-35.0945,-71.0457,G-040-0080,542,6.3,1,SEQ_us1000744u,train
us100075y8,2016-11-07T01:44:24Z,2016,5.0,mww,4.43,35.9907,-96.803,G+030-0100,11428,7.1,1,SEQ_us100075y8,train
us10007681,2016-11-08T04:55:45Z,2016,6.0,mww,20.0,-36.5776,-73.5603,G-040-0080,175,5.3,0,SEQ_us10007681,train
us1000770m,2016-11-11T21:42:59Z,2016,6.1,mww,42.4,38.4973,141.5658,G+030+0140,79,5.4,0,SEQ_us1000770m,train
us1000778i,2016-11-13T11:02:56Z,2016,7.8,mww,15.11,-42.7373,173.054,G-050+0170,604,9.1,1,SEQ_us1000778i,development
us10007795,2016-11-13T11:32:06Z,2016,6.5,mww,10.0,-42.3205,173.6694,G-050+0170,11,6.5,1,SEQ_us1000778i,development
us100077ap,2016-11-13T14:01:01Z,2016,5.7,mwr,109.12,-28.8647,-67.4565,G-030-0070,10,3.8,0,SEQ_us100077ap,train
us100077hw,2016-11-14T00:34:22Z,2016,6.5,mww,9.0,-42.6058,173.2543,G-050+0170,19,7.4,1,SEQ_us1000778i,development
us100078bp,2016-11-15T16:02:56Z,2016,5.4,mww,190.95,36.5242,70.8421,G+030+0070,30,4.5,0,SEQ_us100078bp,train
us100078vh,2016-11-16T15:10:11Z,2016,5.7,mww,85.0,-9.0027,113.2445,G-010+0110,243,6.2,1,SEQ_us100078vh,train
us10007ace,2016-11-19T02:48:01Z,2016,5.3,mww,41.96,33.8144,135.42,G+030+0130,65,5.4,0,SEQ_us10007ace,train
us10007az5,2016-11-20T20:57:44Z,2016,6.4,mww,108.0,-31.6226,-68.6259,G-040-0070,315,6.8,1,SEQ_us10007az5,train
us10007azu,2016-11-20T21:59:26Z,2016,5.0,mb,18.66,35.9162,140.9682,G+030+0140,27,4.1,0,SEQ_us10007azu,train
us10007b88,2016-11-21T20:59:49Z,2016,6.9,mww,9.0,37.3931,141.387,G+030+0140,478,8.6,1,SEQ_us10007b88,train
us10007bew,2016-11-22T14:03:59Z,2016,5.2,mb,15.91,37.2338,141.366,G+030+0140,26,3.9,0,SEQ_us10007b88,train
us10007bwb,2016-11-23T21:23:36Z,2016,5.9,mww,9.0,37.2143,141.3209,G+030+0140,92,5.4,0,SEQ_us10007b88,train
us10007c4w,2016-11-24T18:43:47Z,2016,6.9,mww,10.0,11.9097,-88.8968,G+010-0090,226,5.4,0,SEQ_us10007c4w,development
us10007c5s,2016-11-24T21:55:54Z,2016,5.3,mb,24.12,24.0887,122.4318,G+020+0120,24,3.1,0,SEQ_us10007c5s,train
us10007ca5,2016-11-25T14:24:30Z,2016,6.6,mww,17.0,39.2732,73.9776,G+030+0070,27,8.3,1,SEQ_us10007ca5,train
us10007cuh,2016-11-27T23:35:21Z,2016,5.4,mb,10.0,27.8015,86.5319,G+020+0080,120,5.4,0,SEQ_us10007cuh,train
us10007cvf,2016-11-28T04:34:44Z,2016,5.5,mww,29.85,43.3669,-127.0223,G+040-0130,11,4.1,0,SEQ_us10007cvf,train
us10007dxa,2016-12-01T00:25:21Z,2016,5.3,mww,1.32,9.9485,-83.8069,G+000-0090,49,5.7,0,SEQ_us10007dxa,train
us10007e1x,2016-12-01T16:52:50Z,2016,5.2,mb,31.96,29.979,80.6321,G+020+0080,10,3.1,0,SEQ_us10007e1x,development
us10007e55,2016-12-01T22:40:26Z,2016,6.2,mww,12.0,-15.3122,-70.827,G-020-0080,10,7.3,1,SEQ_us10007e55,train
us10007e9p,2016-12-02T13:57:54Z,2016,5.0,mb,23.75,17.3706,-101.2981,G+010-0110,14,3.4,0,SEQ_us10007e9p,train
us10007eq8,2016-12-04T03:15:47Z,2016,5.3,mww,17.52,-41.7098,174.2006,G-050+0170,13,4.8,0,SEQ_us1000778i,development
us10007ggp,2016-12-06T21:42:20Z,2016,5.9,mww,31.75,11.0316,-60.9005,G+010-0070,218,5.5,0,SEQ_us10007ggp,development
us10007ghm,2016-12-06T22:03:33Z,2016,6.5,mww,13.0,5.2834,96.1678,G+000+0090,73,9.1,1,SEQ_us10007ghm,development
us20007z6r,2016-12-08T14:49:45Z,2016,6.6,mww,8.45,40.4535,-126.1936,G+040-0130,2588,4.5,0,SEQ_us20007z6r,train
us20007z80,2016-12-08T17:38:46Z,2016,7.8,mww,40.0,-10.6812,161.3273,G-020+0160,28,9.1,1,SEQ_us20007z80,development
us20007zam,2016-12-08T20:42:36Z,2016,5.2,mwr,41.2,-31.548,-71.798,G-040-0080,16,4.6,0,SEQ_us20007zam,development
us2000803e,2016-12-12T02:56:58Z,2016,5.0,mww,10.0,-30.9721,-68.062,G-040-0070,14,4.3,0,SEQ_us10007az5,train
nc72737985,2016-12-14T16:41:05Z,2016,5.01,mw,1.48,38.8221667,-122.8413333,G+030-0130,1476,5.9,0,SEQ_nc72737985,train
us2000819r,2016-12-16T11:34:58Z,2016,5.5,mww,70.61,14.0889,-90.8703,G+010-0100,77,5.6,0,SEQ_us2000819r,train
us200081v8,2016-12-17T10:51:10Z,2016,7.9,mww,94.54,-4.5049,153.5216,G-010+0150,14,8.7,1,SEQ_us200081v8,train
us200082i5,2016-12-19T07:11:39Z,2016,5.4,mwr,10.0,0.8754,-79.7079,G+000-0080,33,6.4,1,SEQ_us200082i5,train
us200082kx,2016-12-19T16:41:12Z,2016,5.1,mww,10.0,37.3989,141.5612,G+030+0140,11,2.7,0,SEQ_us10007b88,train
us10007lkw,2016-12-21T00:17:14Z,2016,6.7,mww,152.0,-7.5082,127.9206,G-010+0120,65,5.4,0,SEQ_us10007lkw,train
us10007mn3,2016-12-25T14:22:27Z,2016,7.6,mww,38.0,-43.4064,-73.9413,G-050-0080,283,9.1,1,SEQ_us10007mn3,train
us10007n3r,2016-12-27T23:20:56Z,2016,5.6,mww,97.0,45.7144,26.5283,G+040+0020,1036,5.6,0,SEQ_us10007n3r,train
nn00570709,2016-12-28T08:18:00Z,2016,5.6,ml,11.3,38.3755,-118.8989,G+030-0120,2326,6.8,1,SEQ_nn00570709,development
nn00570710,2016-12-28T08:22:12Z,2016,5.6,ml,12.2,38.3904,-118.8972,G+030-0120,11559,5.7,0,SEQ_nn00570709,development
nn00570744,2016-12-28T09:13:47Z,2016,5.5,ml,8.8,38.3777,-118.8957,G+030-0120,1919,6.1,1,SEQ_nn00570709,development
us10007naf,2016-12-28T12:38:49Z,2016,5.9,mww,7.0,36.8604,140.4421,G+030+0140,178,7.5,1,SEQ_us10007b88,train
us10007ngm,2016-12-29T02:34:33Z,2016,5.3,mww,17.88,-41.7011,174.5567,G-050+0170,10,4.8,0,SEQ_us1000778i,development
us10007nl0,2016-12-29T22:30:19Z,2016,6.3,mww,79.0,-9.0279,118.6639,G-010+0110,114,6.9,1,SEQ_us10007nl0,train
us10007ntd,2016-12-30T20:08:26Z,2016,5.1,mww,9.09,37.3732,141.459,G+030+0140,19,6.0,1,SEQ_us10007b88,train
us10007p7n,2017-01-02T13:13:48Z,2017,5.9,mww,106.0,-4.895,-76.3675,G-010-0080,28,4.8,0,SEQ_us10007p7n,train
us10007pfk,2017-01-03T09:09:02Z,2017,5.7,mww,32.0,24.0151,92.0177,G+020+0090,248,6.2,1,SEQ_us10007pfk,train
us10007pgc,2017-01-03T13:41:52Z,2017,5.2,mww,43.13,-19.9071,-70.4091,G-020-0080,12,4.4,0,SEQ_us10007pgc,development
us10007phv,2017-01-03T18:49:53Z,2017,5.1,mb,88.62,23.3168,94.5035,G+020+0090,31,4.6,0,SEQ_us10007phv,train
us10007pj6,2017-01-03T21:52:30Z,2017,6.9,mww,12.0,-19.3733,176.0518,G-020+0170,15,6.3,1,SEQ_us10007pj6,train
us10007pxb,2017-01-04T15:43:59Z,2017,5.2,mww,53.38,36.902,140.9426,G+030+0140,57,5.3,0,SEQ_us10007b88,train
us10007pxt,2017-01-04T16:45:08Z,2017,5.0,mb,68.22,13.1006,-89.3635,G+010-0090,18,4.0,0,SEQ_us10007pxt,train
us10007py4,2017-01-04T17:53:20Z,2017,5.3,mww,10.0,37.1515,141.3125,G+030+0140,69,4.3,0,SEQ_us10007b88,train
us10007rb1,2017-01-05T11:17:34Z,2017,5.4,mww,17.04,-41.8341,174.0614,G-050+0170,18,4.6,0,SEQ_us1000778i,development
us10007rrw,2017-01-06T22:55:33Z,2017,5.1,mb,37.91,-11.3197,-78.193,G-020-0080,18,4.6,0,SEQ_us10007rrw,train
us10007s9c,2017-01-10T06:13:48Z,2017,7.3,mww,627.17,4.4782,122.6171,G+000+0120,50,5.9,0,SEQ_us10007s9c,development
us10007sn1,2017-01-11T21:58:18Z,2017,5.8,mww,72.0,-22.821,-69.8033,G-030-0070,26,6.1,1,SEQ_us10007sn1,train
us10007snb,2017-01-11T22:06:58Z,2017,5.5,mww,7.26,-20.16,46.6469,G-030+0040,42,6.1,1,SEQ_us10007snb,train
us10007srd,2017-01-12T03:22:46Z,2017,5.3,mww,53.5,13.9092,-91.2441,G+010-0100,111,4.3,0,SEQ_us2000819r,train
us10007t0n,2017-01-13T03:25:30Z,2017,5.0,mww,49.46,35.6593,140.772,G+030+0140,32,3.1,0,SEQ_us10007t0n,train
us10007tii,2017-01-16T12:42:10Z,2017,5.6,mww,6.0,3.3168,98.4696,G+000+0090,72,5.5,0,SEQ_us10007tii,train
us10007tmh,2017-01-17T09:08:02Z,2017,5.8,mww,11.0,19.8529,-76.594,G+010-0080,13,7.1,1,SEQ_us10007tmh,development
us10007twc,2017-01-18T09:25:41Z,2017,5.3,mww,10.0,42.6598,13.2099,G+040+0010,57,4.9,0,SEQ_us10007twc,train
us10007twj,2017-01-18T10:14:10Z,2017,5.7,mww,7.0,42.6012,13.2268,G+040+0010,100,6.4,1,SEQ_us10007twc,train
us10007twn,2017-01-18T10:25:25Z,2017,5.6,mww,10.0,42.5855,13.1904,G+040+0010,23,4.8,0,SEQ_us10007twc,train
us10007txl,2017-01-18T13:33:38Z,2017,5.2,mww,7.39,42.5581,13.2487,G+040+0010,22,4.1,0,SEQ_us10007twc,train
us10007uph,2017-01-22T04:30:22Z,2017,7.9,mww,135.0,-6.2464,155.1718,G-010+0150,30,9.1,1,SEQ_us10007uph,train
us10007vdu,2017-01-25T18:50:51Z,2017,5.2,mww,56.63,35.3583,26.4196,G+030+0020,57,4.1,0,SEQ_us10007vdu,train
us10007vwu,2017-01-28T06:42:31Z,2017,5.3,mww,50.16,-9.3512,-79.0025,G-010-0080,13,5.3,0,SEQ_us10007vwu,train
ak0171ff8vv1,2017-01-31T09:38:37Z,2017,5.2,mw,132.9,63.0817,-150.9427,G+060-0160,504,4.1,0,SEQ_ak0171ff8vv1,train
us10007wew,2017-01-31T14:22:38Z,2017,5.5,mww,10.0,0.702,-79.6769,G+000-0080,10,3.8,0,SEQ_us10007wew,train
us20008h9r,2017-02-03T00:52:26Z,2017,5.4,mww,10.0,-33.0883,-69.7164,G-040-0070,63,4.1,0,SEQ_us20008h9r,train
us20008hh9,2017-02-03T19:54:22Z,2017,5.8,mww,44.0,15.0701,-60.5254,G+010-0070,98,5.4,0,SEQ_us20008hh9,train
us20008hv1,2017-02-06T03:51:40Z,2017,5.3,mww,10.0,39.5986,26.0647,G+030+0020,14,4.1,0,SEQ_us20008hv1,development
us20008hwm,2017-02-06T10:58:02Z,2017,5.2,mww,7.21,39.5734,26.0755,G+030+0020,14,5.5,0,SEQ_us20008hv1,development
us20008hx7,2017-02-06T13:02:45Z,2017,5.5,mww,37.95,3.4493,-74.6715,G+000-0080,250,5.7,0,SEQ_us20008hx7,development
us20008hyg,2017-02-06T17:03:06Z,2017,5.1,mwb,16.05,30.6544,79.1645,G+030+0070,399,5.1,0,SEQ_us20008hyg,development
us20008i2k,2017-02-07T02:24:04Z,2017,5.3,mww,8.38,39.5279,26.0993,G+030+0020,28,4.3,0,SEQ_us20008hv1,development
us20008i9k,2017-02-07T17:21:47Z,2017,5.2,mb,140.72,-8.4287,113.1306,G-010+0110,31,3.8,0,SEQ_us20008i9k,train
us20008ixa,2017-02-10T14:03:43Z,2017,6.5,mww,15.0,9.9071,125.4516,G+000+0120,92,7.7,1,SEQ_us20008ixa,development
us20008izc,2017-02-10T17:12:53Z,2017,5.3,mww,15.76,22.8269,120.2197,G+020+0120,78,6.5,1,SEQ_us20008izc,train
us20008j1z,2017-02-10T21:05:26Z,2017,5.2,mww,6.78,37.2748,141.7038,G+030+0140,23,4.1,0,SEQ_us20008j1z,development
us20008jcc,2017-02-12T13:48:16Z,2017,5.3,mww,6.01,39.6004,26.0884,G+030+0020,13,4.5,0,SEQ_us20008hv1,development
ak01720vwz40,2017-02-13T07:17:12Z,2017,5.3,ml,8.9,62.512,-142.7477,G+060-0150,25,5.2,0,SEQ_ak01720vwz40,train
us20008k1a,2017-02-15T18:53:38Z,2017,5.0,mb,77.33,-7.5161,107.3878,G-010+0100,10,3.8,0,SEQ_us20008k1a,train
us20008kn8,2017-02-18T12:10:17Z,2017,6.4,mww,222.0,-23.8613,-66.6592,G-030-0070,24,3.8,0,SEQ_us20008kn8,train
us20008ks7,2017-02-19T09:19:31Z,2017,5.4,mww,42.0,35.6621,140.7523,G+030+0140,127,4.6,0,SEQ_us20008ks7,train
us20008lph,2017-02-23T06:04:58Z,2017,5.1,mww,10.0,49.7062,-129.2457,G+040-0130,14,2.5,0,SEQ_us20008lph,train
us20008m0e,2017-02-24T12:02:50Z,2017,5.0,mb,59.8,24.0437,93.4825,G+020+0090,16,4.1,0,SEQ_us20008m0e,train
us20008mw4,2017-02-28T07:49:02Z,2017,5.7,mww,47.0,37.5666,141.3347,G+030+0140,100,5.4,0,SEQ_us20008j1z,development
us20008mxr,2017-02-28T13:42:18Z,2017,5.2,mwb,127.1,37.6873,72.101,G+030+0070,25,4.5,0,SEQ_us20008mxr,development
us100085wr,2017-03-01T06:43:05Z,2017,5.0,mb,53.9,37.5691,141.411,G+030+0140,12,2.7,0,SEQ_us20008j1z,development
ak0172sx1gks,2017-03-02T02:11:30Z,2017,5.6,mw,78.0,59.5785,-152.6546,G+050-0160,126,4.7,0,SEQ_ak0172sx1gks,train
us100086gw,2017-03-02T11:07:26Z,2017,5.6,mww,10.0,37.616,38.4305,G+030+0030,13,7.8,1,SEQ_us100086gw,train
us100086hr,2017-03-02T14:53:42Z,2017,5.3,mww,44.42,32.6336,132.1018,G+030+0130,10,5.0,0,SEQ_us100086hr,train
us1000870s,2017-03-05T00:08:18Z,2017,5.7,mww,10.51,9.8311,125.4961,G+000+0120,17,7.4,1,SEQ_us20008ixa,development
us1000885n,2017-03-10T13:46:40Z,2017,5.2,mww,15.0,11.9771,-69.5658,G+010-0070,141,5.4,0,SEQ_us1000885n,train
us100088fi,2017-03-11T19:57:48Z,2017,5.3,mww,43.92,37.529,141.5136,G+030+0140,49,3.8,0,SEQ_us20008j1z,development
us100088m4,2017-03-13T08:49:05Z,2017,5.5,mww,99.0,14.3879,145.2126,G+010+0140,119,4.3,0,SEQ_us100088m4,train
us100088mq,2017-03-13T14:19:06Z,2017,5.1,mb,10.0,17.3991,95.9998,G+010+0090,90,4.6,0,SEQ_us100088mq,train
us100088n2,2017-03-13T15:05:56Z,2017,5.1,mww,46.33,-30.4321,-71.3954,G-040-0080,24,5.3,0,SEQ_us100088n2,train
us20008shs,2017-03-16T15:38:10Z,2017,5.2,mb,17.47,4.8928,-72.6021,G+000-0080,61,2.6,0,SEQ_us20008shs,train
us20008tme,2017-03-21T23:10:25Z,2017,5.6,mww,111.71,-8.4915,115.3233,G-010+0110,180,5.0,0,SEQ_us20008tme,train
us20008uci,2017-03-24T16:43:27Z,2017,5.1,mww,77.39,26.8934,127.2226,G+020+0120,149,5.3,0,SEQ_us20008uci,train
us20008uxc,2017-03-27T03:03:32Z,2017,5.0,mwr,88.72,-36.2378,-71.741,G-040-0080,44,4.1,0,SEQ_us20008uxc,train
us20008vll,2017-03-29T15:15:23Z,2017,5.7,mww,17.0,25.7127,-110.0237,G+020-0120,31,4.3,0,SEQ_us20008vll,train
us10008d3j,2017-03-29T16:59:08Z,2017,5.1,mwr,79.53,11.8982,-86.602,G+010-0090,24,4.1,0,SEQ_us10008d3j,train
us10008dmt,2017-03-31T18:44:39Z,2017,5.2,mww,41.5,-30.7579,-71.4941,G-040-0080,27,4.5,0,SEQ_us100088n2,train
us10008dzu,2017-04-02T23:54:33Z,2017,5.3,mww,10.0,8.9766,-82.4604,G+000-0090,207,7.3,1,SEQ_us10008dzu,development
us10008e0f,2017-04-03T03:08:51Z,2017,5.2,mb,5.0,-26.9092,26.8014,G-030+0020,119,6.8,1,SEQ_us10008e0f,train
us10008e3k,2017-04-03T17:40:18Z,2017,6.5,mww,29.0,-22.6784,25.1558,G-030+0020,937,6.9,1,SEQ_us10008e3k,train
us10008ea7,2017-04-04T12:58:45Z,2017,5.1,mww,18.16,13.5863,121.0513,G+010+0120,351,6.0,1,SEQ_us10008ea7,development
us10008ebu,2017-04-04T15:13:47Z,2017,5.3,mb,10.0,13.6826,121.1344,G+010+0120,32,5.9,0,SEQ_us10008ea7,development
us10008ecq,2017-04-04T16:49:02Z,2017,5.2,mb,10.0,13.7668,120.9709,G+010+0120,25,3.8,0,SEQ_us10008ea7,development
us10008egm,2017-04-05T00:55:50Z,2017,5.0,mb,10.0,-22.5646,25.0868,G-030+0020,13,5.0,0,SEQ_us10008e3k,train
us10008ei0,2017-04-05T06:09:12Z,2017,6.1,mww,13.0,35.7755,60.4363,G+030+0060,249,7.3,1,SEQ_us10008ei0,train
us10008er2,2017-04-05T20:07:25Z,2017,5.1,mb,10.0,35.7971,60.4318,G+030+0060,27,4.3,0,SEQ_us10008ei0,train
us10008fsd,2017-04-08T07:09:23Z,2017,5.9,mww,14.26,13.7701,120.9354,G+010+0120,397,6.7,1,SEQ_us10008ea7,development
us10008gsq,2017-04-11T21:21:00Z,2017,5.8,mww,8.28,7.6766,124.8119,G+000+0120,41,7.6,1,SEQ_us10008gsq,train
us10008h1u,2017-04-12T20:01:05Z,2017,5.5,mww,10.0,7.7228,124.8623,G+000+0120,32,5.0,0,SEQ_us10008gsq,train
us10008h52,2017-04-13T03:42:52Z,2017,5.4,mww,38.17,-31.0061,-71.5482,G-040-0080,14,4.1,0,SEQ_us100088n2,train
us10008hu2,2017-04-15T08:19:43Z,2017,6.3,mww,155.0,-23.2653,-67.7225,G-030-0070,30,5.3,0,SEQ_us10008hu2,development
us10008iaa,2017-04-17T05:23:15Z,2017,5.6,mww,16.0,17.4498,-61.1423,G+010-0070,46,3.9,0,SEQ_us10008iaa,development
us10008igs,2017-04-17T23:04:36Z,2017,5.1,mb,194.44,36.5405,70.8619,G+030+0070,10,3.1,0,SEQ_us10008igs,train
us10008iq5,2017-04-18T17:49:55Z,2017,5.9,mww,14.0,-2.7118,-75.3035,G-010-0080,141,5.0,0,SEQ_us10008iq5,development
us10008j1y,2017-04-19T17:15:34Z,2017,5.0,mb,38.46,37.3094,141.8,G+030+0140,19,4.2,0,SEQ_us10008j1y,development
us10008ji3,2017-04-21T13:09:22Z,2017,5.0,mb,10.0,38.7709,29.0638,G+030+0020,21,5.4,0,SEQ_us10008ji3,train
us10008jvr,2017-04-23T02:36:07Z,2017,6.0,mww,21.0,-33.0354,-72.0296,G-040-0080,567,7.9,1,SEQ_us10008jvr,train
us10008k20,2017-04-23T18:01:13Z,2017,5.2,mb,72.22,-7.7404,108.0192,G-010+0100,15,5.4,0,SEQ_us10008k20,development
us10008k2i,2017-04-23T19:40:10Z,2017,5.6,mww,20.0,-33.0147,-72.1154,G-040-0080,60,7.1,1,SEQ_us10008jvr,train
us10008kce,2017-04-24T21:38:30Z,2017,6.9,mww,28.0,-33.0375,-72.0617,G-040-0080,1123,9.1,1,SEQ_us10008jvr,train
us10008kgt,2017-04-25T01:43:03Z,2017,5.2,mww,21.44,-33.1437,-72.0279,G-040-0080,22,5.3,0,SEQ_us10008jvr,train
us10008l82,2017-04-27T05:09:22Z,2017,5.1,mww,22.51,-33.2652,-71.9563,G-040-0080,57,6.3,1,SEQ_us10008jvr,train
us10008llg,2017-04-28T15:30:06Z,2017,5.9,mww,22.0,-33.219,-71.9694,G-040-0080,325,6.8,1,SEQ_us10008jvr,train
us10008lm3,2017-04-28T16:05:57Z,2017,5.8,mww,27.0,-33.1297,-71.7998,G-040-0080,52,7.9,1,SEQ_us10008jvr,train
us10008lnm,2017-04-28T17:41:49Z,2017,5.3,mww,17.98,-33.2794,-71.9578,G-040-0080,10,6.6,1,SEQ_us10008jvr,train
us10008ls4,2017-04-28T20:23:17Z,2017,6.9,mww,26.0,5.5043,125.0658,G+000+0120,115,7.4,1,SEQ_us10008ls4,train
us10008lwz,2017-04-29T01:46:02Z,2017,5.1,mww,18.79,-33.2157,-71.9616,G-040-0080,25,5.3,0,SEQ_us10008jvr,train
us10008m7z,2017-04-30T14:42:35Z,2017,5.3,mww,57.98,42.308,142.9945,G+040+0140,10,3.8,0,SEQ_us10008m7z,train
us10008mel,2017-05-01T12:31:55Z,2017,6.2,mww,10.0,59.8209,-136.7114,G+050-0140,728,6.1,1,SEQ_us10008mel,train
us10008mes,2017-05-01T12:49:18Z,2017,5.0,mwr,8.11,59.878,-136.838,G+050-0140,16,5.0,0,SEQ_us10008mel,train
us10008mgu,2017-05-01T14:18:15Z,2017,6.3,mww,2.53,59.8295,-136.7042,G+050-0140,486,7.5,1,SEQ_us10008mel,train
us10008nl9,2017-05-02T21:12:11Z,2017,5.1,mb,10.0,35.8339,60.5704,G+030+0060,31,4.6,0,SEQ_us10008ei0,train
us10008npq,2017-05-03T04:47:13Z,2017,6.0,mww,11.0,39.4939,71.4438,G+030+0070,30,4.6,0,SEQ_us10008npq,development
us10008p44,2017-05-04T02:28:58Z,2017,5.3,mww,154.8,-8.5791,-74.3591,G-010-0080,14,4.7,0,SEQ_us10008p44,train
us10008pk9,2017-05-05T05:09:35Z,2017,5.8,mww,10.0,39.4789,71.4223,G+030+0070,14,4.1,0,SEQ_us10008npq,development
ak0175u3s7id,2017-05-07T04:25:19Z,2017,5.3,mw,67.2,60.1828,-151.6783,G+060-0160,735,5.4,0,SEQ_ak0175u3s7id,train
us10008qyt,2017-05-09T19:52:13Z,2017,5.4,mww,124.6,13.6487,144.9481,G+010+0140,91,4.3,0,SEQ_us10008qyt,development
us10008rtu,2017-05-12T10:41:26Z,2017,6.2,mww,16.0,12.9187,-90.0611,G+010-0100,57,4.8,0,SEQ_us10008rtu,development
us10008s71,2017-05-13T16:54:45Z,2017,5.2,mww,14.99,-32.9281,-72.0307,G-040-0080,12,6.3,1,SEQ_us10008jvr,train
us10008s7b,2017-05-13T18:00:59Z,2017,5.6,mww,8.0,37.7693,57.2058,G+030+0050,62,6.9,1,SEQ_us10008s7b,train
us10008sjn,2017-05-15T13:22:38Z,2017,6.2,mww,10.0,-4.022,152.4781,G-010+0150,10,8.6,1,SEQ_us10008sjn,train
us10008sm6,2017-05-15T23:12:53Z,2017,5.3,mww,16.31,23.2637,121.4488,G+020+0120,12,3.4,0,SEQ_us10008sm6,train
us10008snf,2017-05-16T03:56:24Z,2017,5.4,mww,42.0,12.7464,145.1293,G+010+0140,47,4.1,0,SEQ_us10008snf,train
us10008ssf,2017-05-16T17:09:05Z,2017,5.4,mww,10.0,-14.5332,-73.4098,G-020-0080,15,6.4,1,SEQ_us10008ssf,train
us10008tp0,2017-05-20T01:06:14Z,2017,6.0,mww,533.0,9.3818,123.9537,G+000+0120,45,4.1,0,SEQ_us10008tp0,development
us10008tuw,2017-05-20T17:58:46Z,2017,5.7,mww,144.0,17.0514,-94.088,G+010-0100,47,4.6,0,SEQ_us10008tuw,development
us10008uvz,2017-05-24T16:44:53Z,2017,5.4,mb,58.3,-8.9692,111.9847,G-010+0110,14,4.8,0,SEQ_us10008uvz,train
us10008vb2,2017-05-25T14:27:04Z,2017,5.3,mww,75.46,15.0447,120.3494,G+010+0120,384,5.4,0,SEQ_us10008vb2,train
us10008vt5,2017-05-27T15:53:24Z,2017,5.1,mwr,10.0,38.7729,27.8234,G+030+0020,25,7.4,1,SEQ_us10008vt5,train
us10008w1z,2017-05-29T14:35:21Z,2017,6.6,mww,12.0,-1.2923,120.4313,G-010+0120,11,6.7,1,SEQ_us10008w1z,train
us10008w2b,2017-05-29T14:57:53Z,2017,5.9,mww,81.14,-37.3446,-71.6896,G-040-0080,92,5.3,0,SEQ_us10008w2b,train
ak0176w3wvpo,2017-05-30T02:18:45Z,2017,5.2,mw,81.2,60.8341,-151.8152,G+060-0160,711,3.8,0,SEQ_ak0175u3s7id,train
us20009jdx,2017-06-02T23:48:17Z,2017,5.9,mww,192.85,-4.7348,145.1363,G-010+0140,11,5.8,0,SEQ_us20009jdx,train
us20009kr6,2017-06-05T11:34:11Z,2017,5.6,mww,49.0,-4.072,-80.3583,G-010-0090,47,5.2,0,SEQ_us20009kr6,development
hv61792931,2017-06-08T17:01:19Z,2017,5.28,ml,6.47,19.33,-155.1206667,G+010-0160,1004,6.0,1,SEQ_hv61792931,development
us20009lwc,2017-06-11T23:15:06Z,2017,5.7,mww,7.0,-8.3206,106.259,G-010+0100,45,4.1,0,SEQ_us20009lwc,train
us20009lwp,2017-06-12T02:43:26Z,2017,5.7,mww,27.0,-31.5003,-71.76,G-040-0080,155,6.2,1,SEQ_us20009lwp,train
us20009ly0,2017-06-12T12:28:39Z,2017,6.3,mww,12.0,38.9296,26.365,G+030+0020,272,9.1,1,SEQ_us20009ly0,train
us20009mbt,2017-06-14T07:29:04Z,2017,6.9,mww,93.0,14.9091,-92.0092,G+010-0100,584,7.8,1,SEQ_us20009mbt,train
us20009nb8,2017-06-17T19:50:04Z,2017,5.2,mww,7.74,38.8864,26.4186,G+030+0020,70,5.6,0,SEQ_us20009ly0,train
us20009npy,2017-06-20T14:27:41Z,2017,5.0,mww,36.76,32.8717,132.036,G+030+0130,25,3.8,0,SEQ_us20009npy,train
us20009p1a,2017-06-22T12:31:03Z,2017,6.8,mww,38.12,13.7174,-90.9718,G+010-0100,512,6.3,1,SEQ_us20009p1a,train
us20009p84,2017-06-23T10:00:52Z,2017,5.0,mww,115.45,-39.3845,-71.8027,G-040-0080,31,3.4,0,SEQ_us20009p84,train
us20009pf9,2017-06-24T02:37:18Z,2017,5.6,mww,27.0,-19.45,34.4882,G-020+0030,43,5.4,0,SEQ_us20009pf9,train
us20009piw,2017-06-24T22:02:16Z,2017,5.2,mww,10.0,35.8637,137.5681,G+030+0130,121,4.8,0,SEQ_us20009piw,train
us20009pqf,2017-06-26T14:44:51Z,2017,5.1,mww,53.15,-30.6642,-71.3624,G-040-0080,15,5.4,0,SEQ_us20009pqf,train
us100095nr,2017-06-30T22:29:45Z,2017,6.0,mww,13.0,-0.2849,-80.4927,G-010-0090,96,7.1,1,SEQ_us100095nr,train
us100095qp,2017-07-01T14:45:53Z,2017,5.3,mb,36.73,42.814,141.9263,G+040+0140,32,5.7,0,SEQ_us100095qp,development
us1000969j,2017-07-02T19:26:28Z,2017,5.1,mb,27.64,3.5937,-73.9848,G+000-0080,23,4.1,0,SEQ_us1000969j,train
us100096p0,2017-07-04T16:05:58Z,2017,5.9,mww,13.0,-35.5047,-73.3356,G-040-0080,20,3.9,0,SEQ_us100096p0,train
us100096z1,2017-07-05T16:07:36Z,2017,5.1,mb,43.78,13.7152,-90.7273,G+010-0100,13,3.8,0,SEQ_us20009p1a,train
us10009757,2017-07-06T06:30:17Z,2017,5.8,mww,12.18,46.8811,-112.5753,G+040-0120,13377,7.6,1,SEQ_us10009757,train
us1000975k,2017-07-06T06:35:35Z,2017,5.0,mww,14.73,46.8128,-112.665,G+040-0120,171,5.4,0,SEQ_us10009757,train
us1000976a,2017-07-06T08:03:57Z,2017,6.5,mww,9.0,11.1269,124.6286,G+010+0120,107,8.7,1,SEQ_us1000976a,train
us100098gc,2017-07-10T01:41:48Z,2017,5.8,mww,7.1,10.9893,124.784,G+010+0120,46,5.6,0,SEQ_us1000976a,train
us100098pn,2017-07-11T02:56:36Z,2017,5.3,mb,23.91,31.3883,130.6243,G+030+0130,11,6.4,1,SEQ_us100098pn,train
us100098qm,2017-07-11T07:00:01Z,2017,6.6,mww,10.0,-49.4837,164.0157,G-050+0160,71,4.7,0,SEQ_us100098qm,train
us100098s3,2017-07-11T12:09:15Z,2017,5.4,mww,17.0,0.7164,-79.7006,G+000-0080,11,3.8,0,SEQ_us100098s3,train
us1000991f,2017-07-12T09:08:17Z,2017,5.6,mww,10.0,-35.3911,-73.265,G-040-0080,12,3.4,0,SEQ_us100096p0,train
us20009vzb,2017-07-13T14:30:32Z,2017,5.2,mb,17.38,-8.2566,119.3116,G-010+0110,13,3.9,0,SEQ_us20009vzb,train
us20009wav,2017-07-14T12:00:29Z,2017,5.4,mww,10.0,-33.7234,-72.5179,G-040-0080,17,5.8,0,SEQ_us20009wav,train
us20009wn5,2017-07-15T20:30:17Z,2017,5.3,mww,9.93,34.925,25.4294,G+030+0020,82,5.2,0,SEQ_us20009wn5,development
us20009x7r,2017-07-18T02:05:19Z,2017,6.4,mww,43.68,-16.4161,-73.6357,G-020-0080,42,7.3,1,SEQ_us20009x7r,train
us20009yb7,2017-07-20T00:11:24Z,2017,5.8,mww,31.0,37.417,141.5859,G+030+0140,112,4.1,0,SEQ_us20009yb7,train
us20009ynd,2017-07-20T22:31:11Z,2017,6.6,mww,7.0,36.9293,27.4139,G+030+0020,564,7.0,1,SEQ_us20009ynd,train
us20009zaf,2017-07-21T17:09:45Z,2017,5.0,mww,10.0,36.9074,27.3012,G+030+0020,36,4.9,0,SEQ_us20009ynd,train
us2000a20r,2017-07-27T23:58:52Z,2017,5.3,mww,10.0,29.2928,142.9552,G+020+0140,10,4.1,0,SEQ_us2000a20r,development
nc72852151,2017-07-29T00:02:40Z,2017,5.08,mw,26.54,40.7821667,-125.1806667,G+040-0130,510,4.6,0,SEQ_nc72852151,train
us2000a2mp,2017-07-30T07:02:29Z,2017,5.3,mww,10.0,-0.22,29.7824,G-010+0020,41,3.8,0,SEQ_us2000a2mp,train
us2000a2p8,2017-07-30T12:45:04Z,2017,5.3,mww,6.43,36.261,143.7218,G+030+0140,14,4.3,0,SEQ_us2000a2p8,train
us2000a30v,2017-07-31T21:29:14Z,2017,5.3,mww,39.02,34.5158,24.0577,G+030+0020,11,3.8,0,SEQ_us2000a30v,train
us2000a34a,2017-08-01T06:13:56Z,2017,5.6,mww,110.0,-28.545,-68.8943,G-030-0070,21,3.8,0,SEQ_us2000a34a,train
us2000a3d2,2017-08-01T17:02:05Z,2017,5.2,mww,8.33,36.7759,140.6801,G+030+0140,214,6.2,1,SEQ_us2000a3d2,development
us2000a3js,2017-08-02T07:15:13Z,2017,5.4,mww,92.0,-33.2117,-70.6255,G-040-0080,509,5.9,0,SEQ_us2000a3js,train
us2000a3r9,2017-08-02T18:18:08Z,2017,5.1,mww,53.23,24.3214,93.6199,G+020+0090,37,3.8,0,SEQ_us2000a3r9,train
us2000a4zc,2017-08-05T00:30:41Z,2017,5.8,mww,76.0,6.1147,125.415,G+000+0120,31,6.1,1,SEQ_us2000a4zc,train
us2000a52a,2017-08-05T07:39:19Z,2017,5.1,mb,20.8,7.9215,125.2212,G+000+0120,18,6.0,1,SEQ_us2000a52a,train
us2000a5uf,2017-08-08T05:49:36Z,2017,5.1,mb,30.34,26.4808,127.1733,G+020+0120,23,3.1,0,SEQ_us2000a5uf,train
us2000a5vf,2017-08-08T07:42:22Z,2017,5.3,mww,10.0,36.9645,27.5711,G+030+0020,46,4.5,0,SEQ_us20009ynd,train
us2000a5x1,2017-08-08T13:19:49Z,2017,6.5,mww,9.0,33.1926,103.8552,G+030+0100,107,5.4,0,SEQ_us2000a5x1,train
us2000a65e,2017-08-08T23:27:53Z,2017,6.3,mww,20.0,44.3023,82.8317,G+040+0080,39,7.2,1,SEQ_us2000a65e,development
us2000a6r5,2017-08-10T00:36:30Z,2017,5.1,mww,61.61,35.7086,140.1416,G+030+0140,193,4.3,0,SEQ_us2000a6r5,train
us2000a77i,2017-08-11T05:28:25Z,2017,6.2,mww,172.0,14.0065,120.7391,G+010+0120,349,5.5,0,SEQ_us2000a77i,development
us2000a7q2,2017-08-13T03:08:10Z,2017,6.4,mww,31.0,-3.7682,101.6228,G-010+0100,27,4.4,0,SEQ_us2000a7q2,development
us2000a8qf,2017-08-16T12:51:25Z,2017,5.7,mww,198.0,28.6737,127.9007,G+020+0120,23,3.1,0,SEQ_us2000a8qf,development
us2000a99s,2017-08-18T05:15:14Z,2017,5.1,mb,26.3,16.9872,-100.3035,G+010-0110,10,3.6,0,SEQ_us2000a99s,train
us2000a9yf,2017-08-20T17:42:16Z,2017,5.1,mww,79.75,-13.7578,-75.6917,G-020-0080,24,5.4,0,SEQ_us2000a9yf,train
us2000aay1,2017-08-23T13:42:53Z,2017,5.1,mww,8.0,36.1833,44.9358,G+030+0040,31,5.4,0,SEQ_us2000aay1,train
us2000acc8,2017-08-27T23:14:52Z,2017,5.2,mwr,17.29,37.9475,47.1318,G+030+0040,10,4.1,0,SEQ_us2000acc8,train
us2000adjh,2017-08-31T17:06:55Z,2017,6.3,mww,43.14,-1.159,99.6881,G-010+0090,28,5.6,0,SEQ_us2000adjh,train
ak017b65zkfy,2017-08-31T17:46:02Z,2017,5.6,mw,62.9,58.4501,-153.6515,G+050-0160,57,3.9,0,SEQ_ak017b65zkfy,train
us2000ads0,2017-09-01T07:42:45Z,2017,5.4,mww,27.75,10.113,-85.5035,G+010-0090,106,4.8,0,SEQ_us2000ads0,train
us2000aekg,2017-09-02T23:56:52Z,2017,5.3,mww,9.52,42.6474,-111.4492,G+040-0120,2059,4.4,0,SEQ_us2000aekg,train
us2000afnk,2017-09-04T21:55:19Z,2017,5.2,mww,61.06,-19.2621,-70.0097,G-020-0080,13,5.0,0,SEQ_us2000afnk,train
us2000ahv0,2017-09-08T04:49:19Z,2017,8.2,mww,47.39,15.0222,-93.8993,G+010-0100,2650,9.1,1,SEQ_us2000ahv0,train
us2000ahv7,2017-09-08T05:01:33Z,2017,5.7,mb,36.25,15.1793,-94.2971,G+010-0100,26,5.3,0,SEQ_us2000ahv0,train
us2000aj8s,2017-09-10T08:44:24Z,2017,5.5,mww,45.0,41.7813,142.8932,G+040+0140,14,3.7,0,SEQ_us2000aj8s,train
us2000aj9i,2017-09-10T09:47:10Z,2017,5.0,mww,9.83,42.5629,-111.4155,G+040-0120,72,5.0,0,SEQ_us2000aekg,train
us2000anhd,2017-09-15T17:45:46Z,2017,5.0,mb,12.23,-2.72,28.8046,G-010+0020,12,4.0,0,SEQ_us2000anhd,train
us2000apcc,2017-09-16T23:38:02Z,2017,5.0,mwr,6.55,59.8659,-136.7936,G+050-0140,220,3.5,0,SEQ_us2000apcc,train
us2000apwd,2017-09-18T13:46:57Z,2017,5.9,mww,17.0,-31.8216,-72.1261,G-040-0080,115,5.9,0,SEQ_us2000apwd,train
us2000ar20,2017-09-19T18:14:38Z,2017,7.1,mww,48.0,18.5499,-98.4887,G+010-0100,2480,7.2,1,SEQ_us2000ar20,train
us2000ar6z,2017-09-19T20:18:08Z,2017,5.4,mww,47.16,37.3074,141.6201,G+030+0140,31,3.1,0,SEQ_us2000ar6z,train
us2000arh1,2017-09-20T05:26:10Z,2017,5.3,mww,106.18,-16.293,-71.2327,G-020-0080,28,4.2,0,SEQ_us2000arh1,train
us2000arvi,2017-09-20T14:29:56Z,2017,5.4,mww,20.22,23.3263,121.7791,G+020+0120,38,3.4,0,SEQ_us2000arvi,train
us2000arxl,2017-09-20T16:25:11Z,2017,5.3,mb,10.84,-10.1961,118.8822,G-020+0110,11,2.0,0,SEQ_us2000arxl,development
us2000arxv,2017-09-20T16:37:16Z,2017,6.1,mww,11.0,37.9814,144.6601,G+030+0140,103,3.4,0,SEQ_us2000arxv,train
us2000as2f,2017-09-20T20:09:49Z,2017,6.4,mww,197.0,-18.7854,169.0946,G-020+0160,12,2.7,0,SEQ_us2000as2f,development
us2000at0m,2017-09-22T05:33:43Z,2017,5.6,mww,10.0,23.5482,-108.831,G+020-0110,38,3.8,0,SEQ_us2000at0m,development
us2000atbf,2017-09-22T19:50:15Z,2017,5.7,mww,12.68,40.4105,-126.8326,G+040-0130,115,3.8,0,SEQ_us2000atbf,development
us2000atis,2017-09-23T10:38:05Z,2017,5.8,mww,53.84,15.4897,-94.4287,G+010-0100,26,4.3,0,SEQ_us2000ahv0,train
us2000atjv,2017-09-23T12:53:01Z,2017,6.1,mww,10.0,16.6258,-95.0778,G+010-0100,205,6.7,1,SEQ_us2000ahv0,train
us2000atms,2017-09-23T17:25:53Z,2017,5.0,mww,116.97,-30.7504,-68.9583,G-040-0070,31,3.8,0,SEQ_us2000atms,train
us2000atpb,2017-09-23T20:47:06Z,2017,5.7,mww,8.18,7.5618,124.7428,G+000+0120,39,4.5,0,SEQ_us2000atpb,train
us2000atwe,2017-09-24T10:06:11Z,2017,5.8,mww,47.44,15.3135,-94.1702,G+010-0100,12,3.4,0,SEQ_us2000ahv0,train
us2000av31,2017-09-26T20:22:11Z,2017,5.8,mww,37.0,40.335,142.3424,G+040+0140,45,5.8,0,SEQ_us2000av31,train
us2000awib,2017-09-29T13:49:57Z,2017,5.1,mww,14.13,39.8279,68.0037,G+030+0060,12,3.4,0,SEQ_us2000awib,train
us2000ax3v,2017-09-30T06:14:36Z,2017,5.1,mww,10.0,32.2813,105.0428,G+030+0100,38,4.3,0,SEQ_us2000ax3v,train
us2000ax3z,2017-09-30T06:34:36Z,2017,5.0,mww,49.1,-37.1559,178.7721,G-040+0170,10,3.5,0,SEQ_us2000ax3z,train
us2000axct,2017-10-01T01:35:25Z,2017,5.1,mww,128.61,7.5275,-73.148,G+000-0080,125,4.3,0,SEQ_us2000axct,train
us2000b1v8,2017-10-06T07:59:32Z,2017,6.2,mww,9.0,37.5033,144.0201,G+030+0140,115,5.0,0,SEQ_us2000arxv,train
us2000b20f,2017-10-06T14:56:41Z,2017,5.6,mww,44.0,37.0959,141.0771,G+030+0140,158,5.6,0,SEQ_us2000ar6z,train
us2000b2fc,2017-10-07T09:26:13Z,2017,5.2,mww,137.9,-1.7015,-77.9133,G-010-0080,12,4.0,0,SEQ_us2000b2fc,train
us2000b3dm,2017-10-10T06:32:21Z,2017,6.3,mww,85.0,-18.5715,-69.7526,G-020-0070,82,5.8,0,SEQ_us2000b3dm,train
us1000aqij,2017-10-11T22:49:44Z,2017,5.1,mww,11.54,39.1647,24.2379,G+030+0020,52,4.1,0,SEQ_us1000aqij,train
us1000aqls,2017-10-12T06:12:38Z,2017,5.0,mww,15.55,36.7443,142.0711,G+030+0140,12,2.7,0,SEQ_us2000ar6z,train
us1000aqwn,2017-10-12T18:59:09Z,2017,5.5,mww,165.65,-30.9939,-65.6186,G-040-0070,17,3.8,0,SEQ_us1000aqwn,train
us1000arzf,2017-10-14T00:20:57Z,2017,5.5,mww,56.0,16.2276,-94.8656,G+010-0100,34,4.1,0,SEQ_us2000ahv0,train
us1000as2n,2017-10-14T08:35:43Z,2017,5.1,mwr,33.43,7.2692,-71.9426,G+000-0080,15,3.1,0,SEQ_us1000as2n,train
us1000avnl,2017-10-22T14:21:01Z,2017,5.4,mww,209.39,14.0002,120.7252,G+010+0120,14,4.3,0,SEQ_us1000avnl,train
us1000aw8q,2017-10-24T10:47:47Z,2017,6.7,mww,553.81,-7.2168,123.0735,G-010+0120,11,2.7,0,SEQ_us1000aw8q,train
us1000ay2z,2017-10-28T17:45:32Z,2017,5.2,mww,101.46,36.1991,70.6618,G+030+0070,66,4.8,0,SEQ_us1000ay2z,development
us1000ayky,2017-10-30T17:12:06Z,2017,5.4,mww,101.08,-10.756,-74.6931,G-020-0080,18,4.3,0,SEQ_us1000ayky,train
us1000azjt,2017-11-01T02:23:57Z,2017,6.6,mww,22.0,-21.6484,168.8585,G-030+0160,11,3.3,0,SEQ_us1000azjt,train
us2000bibm,2017-11-04T09:00:19Z,2017,6.8,mww,10.0,-15.3197,-173.1682,G-020-0180,35,4.6,0,SEQ_us2000bibm,development
us2000biid,2017-11-04T18:12:27Z,2017,5.2,mww,50.0,14.2304,-91.9734,G+010-0100,46,5.8,0,SEQ_us2000biid,train
us2000bivm,2017-11-05T15:00:24Z,2017,5.5,mww,47.22,11.6719,-61.1784,G+010-0070,70,3.3,0,SEQ_us2000bivm,train
us2000bk15,2017-11-07T21:26:38Z,2017,6.5,mww,110.57,-4.2433,143.4846,G-010+0140,18,5.9,0,SEQ_us2000bk15,train
us2000bmcg,2017-11-12T18:18:17Z,2017,7.3,mww,19.0,34.9109,45.9592,G+030+0040,1523,7.9,1,SEQ_us2000bmcg,train
us2000bme6,2017-11-12T18:29:52Z,2017,5.3,mb,10.0,34.9224,45.5873,G+030+0040,18,4.9,0,SEQ_us2000bmcg,train
us2000bmhe,2017-11-13T02:28:23Z,2017,6.5,mww,19.36,9.5147,-84.4865,G+000-0090,582,7.8,1,SEQ_us2000bmhe,train
us2000bnmq,2017-11-15T00:24:32Z,2017,5.8,mww,123.0,13.0996,143.7117,G+010+0140,53,4.1,0,SEQ_us2000bnmq,development
us2000bnrs,2017-11-15T05:29:32Z,2017,5.5,mww,10.0,36.0735,129.28,G+030+0120,367,7.5,1,SEQ_us2000bnrs,train
us2000bp3f,2017-11-15T19:48:03Z,2017,5.2,mww,22.13,40.3082,47.3317,G+040+0040,21,5.9,0,SEQ_us2000bp3f,train
us2000bp6i,2017-11-15T21:19:15Z,2017,5.0,mww,10.0,7.364,134.6386,G+000+0130,17,4.6,0,SEQ_us2000bp6i,train
us2000bpkq,2017-11-16T09:43:33Z,2017,5.8,mww,59.0,32.2203,140.5499,G+030+0140,50,2.8,0,SEQ_us2000bpkq,train
us2000bq34,2017-11-17T01:02:47Z,2017,5.0,mb,40.12,37.2273,141.4163,G+030+0140,10,3.4,0,SEQ_us2000bq34,train
us2000bqc4,2017-11-17T13:40:41Z,2017,5.4,mww,78.05,-2.4428,-79.8202,G-010-0080,111,4.6,0,SEQ_us2000bqc4,train
us2000bqsn,2017-11-17T22:34:19Z,2017,6.4,mww,8.0,29.8333,94.9838,G+020+0090,24,8.6,1,SEQ_us2000bqsn,development
us2000bqvz,2017-11-18T04:23:46Z,2017,5.5,mww,35.0,-2.9657,-79.707,G-010-0080,76,5.4,0,SEQ_us2000bqc4,train
us2000brbk,2017-11-19T09:25:48Z,2017,6.3,mww,14.0,-21.6377,168.6729,G-030+0160,29,5.0,0,SEQ_us1000azjt,train
us2000brgk,2017-11-19T15:09:02Z,2017,6.6,mww,13.0,-21.5027,168.5984,G-030+0160,16,3.8,0,SEQ_us1000azjt,train
us2000brlf,2017-11-19T22:43:29Z,2017,7.0,mww,10.0,-21.3246,168.6715,G-030+0160,44,3.8,0,SEQ_us1000azjt,train
us2000bruq,2017-11-20T15:23:42Z,2017,5.1,mb,35.0,32.8531,46.3892,G+030+0040,11,4.1,0,SEQ_us2000bruq,train
us2000bsu1,2017-11-22T14:20:10Z,2017,5.1,mww,16.47,23.5374,120.7357,G+020+0120,90,4.6,0,SEQ_us2000bsu1,train
ak017f7s3c06,2017-11-27T22:18:30Z,2017,5.3,mw,16.6,60.5552,-147.4303,G+060-0150,1033,3.6,0,SEQ_ak017f7s3c06,train
us2000bv8q,2017-11-28T02:04:26Z,2017,5.0,mb,70.02,-2.0618,-79.9736,G-010-0080,49,4.1,0,SEQ_us2000bqc4,train
us2000bvsl,2017-11-29T06:29:06Z,2017,5.7,mww,16.87,-14.4095,-76.1594,G-020-0080,11,5.0,0,SEQ_us2000bvsl,train
us1000bjky,2017-11-30T21:48:35Z,2017,5.0,mww,10.0,-2.6188,28.7075,G-010+0020,12,3.4,0,SEQ_us1000bjky,development
us1000bjnz,2017-12-01T02:32:46Z,2017,6.1,mww,9.0,30.7464,57.307,G+030+0050,40,5.0,0,SEQ_us1000bjnz,train
us1000bkjh,2017-12-03T11:19:05Z,2017,6.1,mww,17.0,-0.47,-80.3101,G-010-0090,124,6.0,1,SEQ_us1000bkjh,train
us1000bmdw,2017-12-05T15:13:49Z,2017,5.1,mww,2.87,36.3969,137.9329,G+030+0130,45,4.3,0,SEQ_us1000bmdw,development
us1000bmru,2017-12-06T15:19:49Z,2017,5.1,mb,10.0,30.6339,79.1601,G+030+0070,167,4.6,0,SEQ_us1000bmru,train
us2000c1xk,2017-12-08T02:51:18Z,2017,5.0,mb,10.0,27.7618,86.1471,G+020+0080,22,4.2,0,SEQ_us2000c1xk,train
us2000c2ue,2017-12-11T14:09:57Z,2017,5.4,mww,17.55,35.0786,45.7614,G+030+0040,75,6.2,1,SEQ_us2000bmcg,train
us2000c2xt,2017-12-11T19:00:56Z,2017,5.5,mww,12.0,-19.7083,-71.0591,G-020-0080,10,4.4,0,SEQ_us2000c2xt,development
us2000c3ag,2017-12-12T08:43:18Z,2017,6.0,mww,12.0,30.7372,57.2795,G+030+0050,12,4.2,0,SEQ_us1000bjnz,train
us2000c3mi,2017-12-12T21:41:31Z,2017,6.0,mww,8.0,30.8275,57.2982,G+030+0050,19,5.8,0,SEQ_us1000bjnz,train
us2000c4rw,2017-12-15T09:07:43Z,2017,5.1,mww,101.12,14.7213,-91.5224,G+010-0100,28,4.8,0,SEQ_us2000c4rw,train
us2000c4v8,2017-12-15T16:47:58Z,2017,6.5,mww,90.0,-7.4921,108.1743,G-010+0100,459,7.6,1,SEQ_us2000c4v8,train
us2000c4yj,2017-12-15T17:58:41Z,2017,5.2,mb,30.11,39.6987,141.9361,G+030+0140,13,3.8,0,SEQ_us2000c4yj,train
us2000c551,2017-12-16T00:22:30Z,2017,5.2,mww,44.0,-7.8842,106.8195,G-010+0100,15,3.4,0,SEQ_us2000c551,train
us1000bu4s,2017-12-21T03:23:35Z,2017,5.1,mww,14.17,16.1392,-98.2997,G+010-0100,22,3.8,0,SEQ_us1000bu4s,train
us1000bwzn,2017-12-28T03:54:52Z,2017,5.4,mww,47.78,-24.8871,-70.2061,G-030-0080,15,3.4,0,SEQ_us1000bwzn,train
us1000bx9g,2017-12-28T20:23:34Z,2017,5.0,mww,85.37,22.0556,94.4044,G+020+0090,10,3.3,0,SEQ_us1000bx9g,train
us1000byj1,2017-12-31T14:53:31Z,2017,5.1,mww,30.8,5.4949,124.9006,G+000+0120,16,4.6,0,SEQ_us1000byj1,development
us1000bzb5,2018-01-03T13:38:40Z,2018,5.2,mww,73.5,13.1978,-89.2796,G+010-0090,80,5.0,0,SEQ_us1000bzb5,train
us1000bzhb,2018-01-03T21:30:21Z,2018,5.5,mww,9.46,29.6374,140.5205,G+020+0140,12,3.8,0,SEQ_us1000bzhb,train
us1000c1my,2018-01-07T06:47:15Z,2018,5.6,mww,33.0,24.7382,94.9055,G+020+0090,13,5.4,0,SEQ_us1000c1my,train
us1000c1nx,2018-01-07T08:55:29Z,2018,5.3,mww,52.25,12.713,-88.1447,G+010-0090,11,4.1,0,SEQ_us1000c1nx,train
us1000c2w5,2018-01-09T22:30:19Z,2018,5.4,mb,18.93,35.3367,141.199,G+030+0140,26,3.1,0,SEQ_us1000c2w5,development
us1000c2zy,2018-01-10T02:51:33Z,2018,7.5,mww,19.0,17.4825,-83.52,G+010-0090,913,8.3,1,SEQ_us1000c2zy,development
us2000ci3s,2018-01-11T06:59:30Z,2018,5.5,mww,10.0,33.7131,45.7239,G+030+0040,57,4.5,0,SEQ_us2000ci3s,train
us2000ci4h,2018-01-11T08:00:39Z,2018,5.3,mww,10.0,33.7205,45.7027,G+030+0040,24,4.1,0,SEQ_us2000ci3s,train
us2000cidd,2018-01-11T17:03:18Z,2018,5.0,mb,10.0,10.6577,-84.9196,G+010-0090,10,4.3,0,SEQ_us2000cidd,train
us2000cifa,2018-01-11T18:26:24Z,2018,6.0,mww,9.0,18.3719,96.0717,G+010+0090,173,9.1,1,SEQ_us2000cifa,development
us2000cjfy,2018-01-14T09:18:45Z,2018,7.1,mww,39.0,-15.7675,-74.7092,G-020-0080,352,8.5,1,SEQ_us2000cjfy,train
us2000cjii,2018-01-14T15:49:27Z,2018,5.1,mb,54.71,13.464,120.51,G+010+0120,27,3.8,0,SEQ_us2000cjii,train
us2000cjyj,2018-01-16T15:03:53Z,2018,5.8,mww,22.0,10.9283,-86.3469,G+010-0090,85,3.8,0,SEQ_us2000cjyj,development
us2000ckau,2018-01-17T13:56:10Z,2018,5.2,mb,10.0,-17.6781,167.8608,G-020+0160,10,3.2,0,SEQ_us2000ckau,train
us2000cl83,2018-01-19T16:17:44Z,2018,6.3,mww,10.0,26.6862,-111.0785,G+020-0120,106,6.0,1,SEQ_us2000cl83,train
us2000cm0f,2018-01-21T01:06:42Z,2018,6.3,mww,116.0,-18.8806,-69.4445,G-020-0070,64,5.5,0,SEQ_us2000cm0f,train
us2000cmwz,2018-01-23T06:34:54Z,2018,5.9,mww,48.19,-7.0924,105.9632,G-010+0100,428,6.0,1,SEQ_us2000cmwz,development
us2000cmy3,2018-01-23T09:31:40Z,2018,7.9,mww,14.06,56.0039,-149.1658,G+050-0150,2383,7.6,1,SEQ_us2000cmy3,train
us2000cnnl,2018-01-24T10:51:19Z,2018,6.3,mww,31.0,41.1034,142.4323,G+040+0140,57,5.3,0,SEQ_us2000cnnl,train
us2000cpba,2018-01-25T16:39:43Z,2018,5.8,mww,8.88,40.4556,-126.3332,G+040-0130,216,4.8,0,SEQ_us2000cpba,train
us2000cpcn,2018-01-25T17:24:34Z,2018,5.1,mww,10.89,40.4185,-126.3804,G+040-0130,29,4.3,0,SEQ_us2000cpba,train
us2000cpsu,2018-01-26T13:27:06Z,2018,5.0,mww,10.0,-37.4468,-73.9807,G-040-0080,11,4.8,0,SEQ_us2000cpsu,train
us2000cq5t,2018-01-26T22:47:57Z,2018,6.3,mww,10.0,-3.5138,145.8477,G-010+0140,43,9.0,1,SEQ_us2000cq5t,train
us2000cqgn,2018-01-27T21:45:12Z,2018,5.7,mww,9.8,7.2827,-79.6764,G+000-0080,132,4.8,0,SEQ_us2000cqgn,train
us2000cqrl,2018-01-28T22:46:16Z,2018,5.5,mww,10.0,43.5517,-127.4685,G+040-0130,11,2.7,0,SEQ_us2000cqrl,train
us2000cqsd,2018-01-28T23:53:14Z,2018,5.4,mww,86.89,-31.2729,-68.6683,G-040-0070,21,3.9,0,SEQ_us2000cqsd,train
us2000crmu,2018-01-31T07:07:00Z,2018,6.2,mww,193.73,36.5261,70.8507,G+030+0070,313,6.4,1,SEQ_us2000crmu,train
us2000crq6,2018-01-31T11:49:38Z,2018,5.6,mww,67.8,-6.9051,147.2141,G-010+0140,10,4.0,0,SEQ_us2000crq6,train
us2000crtj,2018-01-31T16:37:05Z,2018,5.6,mww,7.0,7.2401,-79.6427,G+000-0080,31,3.8,0,SEQ_us2000cqgn,train
us1000cdgu,2018-01-31T23:13:21Z,2018,5.2,mb,20.54,-1.7441,-77.672,G-010-0080,22,4.4,0,SEQ_us1000cdgu,development
us1000ce18,2018-02-01T23:13:54Z,2018,5.2,mww,100.73,-31.5621,-70.0399,G-040-0080,13,4.9,0,SEQ_us1000ce18,train
us1000cfn6,2018-02-04T13:56:41Z,2018,6.1,mww,12.0,24.1572,121.7078,G+020+0120,306,5.4,0,SEQ_us1000cfn6,train
us1000chhc,2018-02-06T15:50:43Z,2018,6.4,mww,17.0,24.1338,121.6586,G+020+0120,306,7.8,1,SEQ_us1000cfn6,train
us1000ci9y,2018-02-07T15:21:31Z,2018,5.7,mww,15.0,24.0739,121.7386,G+020+0120,70,7.7,1,SEQ_us1000cfn6,train
us2000cz4c,2018-02-08T21:19:24Z,2018,5.6,mww,4.3,-37.4387,-73.9794,G-040-0080,25,6.1,1,SEQ_us2000cpsu,train
us2000czig,2018-02-09T14:05:48Z,2018,5.8,mww,13.0,18.9311,-104.6522,G+010-0110,431,6.1,1,SEQ_us2000czig,development
us2000czp4,2018-02-09T17:43:37Z,2018,5.2,mww,43.36,18.6315,-61.9765,G+010-0070,53,4.0,0,SEQ_us2000czp4,development
us2000d0ik,2018-02-11T10:29:23Z,2018,5.3,mww,11.99,8.1718,-83.0015,G+000-0090,13,4.3,0,SEQ_us2000d0ik,development
us2000d0p1,2018-02-11T23:14:15Z,2018,6.0,mww,10.0,13.8205,146.4377,G+010+0140,25,3.6,0,SEQ_us2000d0p1,train
us2000d3km,2018-02-16T23:39:39Z,2018,7.2,mww,22.0,16.3855,-97.9787,G+010-0100,795,7.4,1,SEQ_us2000d3km,train
us2000d3m0,2018-02-17T00:36:52Z,2018,5.8,mww,3.48,16.1557,-97.8665,G+010-0100,44,5.4,0,SEQ_us2000d3km,train
us2000d3ql,2018-02-17T03:54:46Z,2018,5.0,mb,34.38,16.4032,-97.4865,G+010-0100,14,3.9,0,SEQ_us2000d3km,train
us2000d3yq,2018-02-17T21:30:43Z,2018,5.2,mww,19.23,16.5065,-97.8801,G+010-0100,17,2.5,0,SEQ_us2000d3km,train
us2000d47c,2018-02-18T14:55:33Z,2018,5.1,mb,10.0,7.5807,-78.828,G+000-0080,25,4.1,0,SEQ_us2000cqgn,train
us2000d4a3,2018-02-18T18:31:36Z,2018,5.0,mww,42.04,32.802,132.1368,G+030+0130,23,4.1,0,SEQ_us2000d4a3,development
us2000d4lg,2018-02-19T06:56:58Z,2018,5.9,mww,22.0,16.2857,-97.7314,G+010-0100,296,6.4,1,SEQ_us2000d3km,train
us2000d4r5,2018-02-19T14:47:01Z,2018,5.0,mww,55.67,24.578,121.6247,G+020+0120,102,5.4,0,SEQ_us1000cfn6,train
us2000d669,2018-02-21T23:10:40Z,2018,5.0,mwr,22.24,23.4342,121.5882,G+020+0120,24,4.5,0,SEQ_us1000cfn6,train
us2000d7pu,2018-02-25T16:28:39Z,2018,5.6,mww,30.57,37.5968,141.7329,G+030+0140,113,4.3,0,SEQ_us2000d7pu,train
us2000d7q6,2018-02-25T17:44:44Z,2018,7.5,mww,25.21,-6.0699,142.7536,G-010+0140,86,9.0,1,SEQ_us2000d7q6,train
us2000d7r8,2018-02-25T18:28:39Z,2018,5.1,mb,10.0,24.4411,122.0403,G+020+0120,25,4.1,0,SEQ_us1000cfn6,train
us2000d9qu,2018-03-01T13:42:25Z,2018,5.2,mww,10.25,24.2648,123.7672,G+020+0120,10,4.6,0,SEQ_us2000d9qu,development
us2000damy,2018-03-02T02:20:12Z,2018,5.9,mww,135.0,-6.1353,130.2782,G-010+0130,17,2.6,0,SEQ_us2000damy,development
us1000d1cy,2018-03-08T08:49:46Z,2018,5.5,mww,17.0,-16.76,35.4269,G-020+0030,45,4.3,0,SEQ_us1000d1cy,train
us1000d1fc,2018-03-08T13:06:13Z,2018,5.2,mww,10.0,6.0846,116.5853,G+000+0110,106,7.7,1,SEQ_us1000d1fc,train
us1000d1kv,2018-03-08T17:39:51Z,2018,6.8,mww,22.86,-4.3762,153.1996,G-010+0150,12,6.3,1,SEQ_us1000d1kv,train
us1000d6dq,2018-03-19T12:51:17Z,2018,5.0,mww,113.06,-32.3782,-69.4389,G-040-0070,61,4.6,0,SEQ_us1000d6dq,train
us1000d6ul,2018-03-20T17:46:55Z,2018,5.2,mww,6.69,16.3103,-98.4707,G+010-0100,15,2.7,0,SEQ_us2000d3km,train
us1000d8qq,2018-03-24T22:17:50Z,2018,5.0,mb,200.25,36.4652,70.6687,G+030+0070,18,3.6,0,SEQ_us1000d8qq,train
us1000d8vk,2018-03-25T14:37:23Z,2018,5.7,mww,50.0,32.5916,140.6901,G+030+0140,36,3.1,0,SEQ_us1000d8vk,train
us1000d8xh,2018-03-25T20:14:47Z,2018,6.4,mww,169.0,-6.6343,129.8172,G-010+0120,76,3.5,0,SEQ_us2000damy,development
us1000d937,2018-03-26T09:51:00Z,2018,6.7,mww,40.0,-5.5024,151.4025,G-010+0150,10,5.3,0,SEQ_us1000d937,train
us1000day0,2018-03-29T18:51:12Z,2018,5.8,mww,32.0,-9.4211,159.5792,G-010+0150,13,4.2,0,SEQ_us1000day0,train
us1000db40,2018-03-29T21:25:36Z,2018,6.9,mww,35.0,-5.5321,151.4999,G-010+0150,10,8.6,1,SEQ_us1000d937,train
us1000db68,2018-03-29T23:17:33Z,2018,5.0,mwr,40.16,36.4375,140.7736,G+030+0140,155,5.4,0,SEQ_us1000db68,train
us1000dbk4,2018-03-30T18:45:16Z,2018,5.0,mww,237.94,36.4561,71.1277,G+030+0070,22,4.3,0,SEQ_us1000d8qq,train
us1000dce2,2018-04-02T13:40:34Z,2018,6.8,mww,559.0,-20.6588,-63.0058,G-030-0070,48,4.6,0,SEQ_us1000dce2,train
us1000dcru,2018-04-02T23:23:17Z,2018,5.9,mww,50.0,13.1086,-88.6821,G+010-0090,100,5.0,0,SEQ_us1000dcru,train
us2000dus5,2018-04-05T03:53:38Z,2018,6.0,mww,34.0,6.8325,126.7785,G+000+0120,11,4.8,0,SEQ_us2000dus5,train
us2000dux6,2018-04-05T11:12:10Z,2018,5.5,mww,44.0,-20.381,-70.5855,G-030-0080,34,6.5,1,SEQ_us2000dux6,train
ci37908735,2018-04-05T19:29:16Z,2018,5.29,mw,9.82,33.8198333,-119.734,G+030-0120,7586,5.8,0,SEQ_ci37908735,train
us2000dvwq,2018-04-07T05:48:40Z,2018,6.3,mww,18.07,-5.8382,142.5314,G-010+0140,23,7.3,1,SEQ_us2000dvwq,development
us2000dwar,2018-04-08T05:08:20Z,2018,5.2,mww,21.43,13.8832,-91.5365,G+010-0100,19,3.9,0,SEQ_us2000dwar,train
us2000dwh6,2018-04-08T16:32:31Z,2018,5.7,mww,10.34,35.2588,132.5528,G+030+0130,172,5.7,0,SEQ_us2000dwh6,train
us2000dxfc,2018-04-10T10:19:34Z,2018,6.2,mww,66.0,-31.0258,-71.5292,G-040-0080,389,7.0,1,SEQ_us2000dxfc,train
us2000e0mq,2018-04-15T19:30:43Z,2018,6.0,mww,34.0,1.4083,126.8759,G+000+0120,23,3.4,0,SEQ_us2000e0mq,train
us1000dngn,2018-04-19T06:34:46Z,2018,5.5,mww,10.0,28.3291,51.6106,G+020+0050,47,4.1,0,SEQ_us1000dngn,train
us1000dpt0,2018-04-21T09:47:18Z,2018,5.1,mww,21.69,35.5014,141.0884,G+030+0140,34,3.8,0,SEQ_us1000dpt0,train
us1000dqpz,2018-04-23T15:42:09Z,2018,5.3,mww,110.03,5.1865,-75.5438,G+000-0080,100,5.0,0,SEQ_us1000dqpz,development
us1000dr1j,2018-04-24T00:34:31Z,2018,5.2,mww,10.0,37.5963,38.5142,G+030+0030,14,7.4,1,SEQ_us1000dr1j,train
us1000dr32,2018-04-24T02:29:52Z,2018,5.6,mww,47.28,12.4928,-87.7466,G+010-0090,32,3.4,0,SEQ_us1000dr32,train
us1000dr4k,2018-04-24T04:08:35Z,2018,5.1,mww,106.27,22.9621,94.6137,G+020+0090,11,3.8,0,SEQ_us1000dr4k,train
us1000dsku,2018-04-26T09:54:19Z,2018,5.0,mb,360.63,-7.3343,115.5685,G-010+0110,33,4.3,0,SEQ_us1000dsku,development
us1000du0d,2018-04-28T15:14:20Z,2018,5.3,mww,88.42,36.3125,71.1715,G+030+0070,11,3.1,0,SEQ_us1000d8qq,train
us1000dvmt,2018-05-01T23:47:04Z,2018,5.1,mww,19.26,24.0443,122.3081,G+020+0120,25,3.8,0,SEQ_us1000dvmt,development
us1000dvqr,2018-05-02T04:08:13Z,2018,5.3,mww,8.0,30.7048,51.4904,G+030+0050,11,6.0,1,SEQ_us1000dvqr,train
hv70112126,2018-05-03T20:30:56Z,2018,5.06,mb,6.47,19.3388333,-155.0706667,G+010-0160,583,4.1,0,SEQ_hv70112126,train
hv70116411,2018-05-04T21:32:44Z,2018,5.73,ml,6.48,19.3303333,-155.0175,G+010-0160,1164,5.8,0,SEQ_hv70112126,train
hv70116556,2018-05-04T22:32:54Z,2018,6.9,mw,5.81,19.3181667,-154.9996667,G+010-0160,1630,6.6,1,SEQ_hv70112126,train
us1000dym9,2018-05-05T06:19:05Z,2018,6.1,mww,18.0,14.5708,123.9192,G+010+0120,72,4.6,0,SEQ_us1000dym9,train
us1000dz41,2018-05-06T02:44:20Z,2018,5.2,mww,12.08,-34.2685,-72.268,G-040-0080,27,5.0,0,SEQ_us1000dz41,train
us1000dzap,2018-05-06T12:37:58Z,2018,5.2,mww,10.0,13.2236,-88.0338,G+010-0090,13,3.8,0,SEQ_us1000dr32,train
us1000dzgr,2018-05-06T19:02:22Z,2018,5.4,mww,10.0,13.1036,-88.0615,G+010-0090,19,4.1,0,SEQ_us1000dr32,train
us1000dzhr,2018-05-06T20:00:48Z,2018,5.1,mww,96.72,39.6737,141.0775,G+030+0140,10,3.1,0,SEQ_us1000dzhr,train
us1000e15a,2018-05-09T03:23:26Z,2018,5.4,mb,19.35,33.1351,70.5177,G+030+0070,31,5.2,0,SEQ_us1000e15a,train
us1000e19e,2018-05-09T10:41:45Z,2018,6.2,mww,116.0,36.9942,71.3822,G+030+0070,189,5.0,0,SEQ_us1000d8qq,train
us1000e1lx,2018-05-09T21:02:42Z,2018,5.4,mww,95.59,13.969,145.6779,G+010+0140,93,4.2,0,SEQ_us1000e1lx,train
us1000e1yr,2018-05-10T11:56:59Z,2018,5.7,mww,29.0,10.1723,125.6372,G+010+0120,24,6.1,1,SEQ_us1000e1yr,train
us1000e205,2018-05-10T14:08:36Z,2018,5.0,mww,199.4,36.5631,71.0575,G+030+0070,17,3.4,0,SEQ_us1000d8qq,train
ak01860q4oj4,2018-05-11T04:58:24Z,2018,5.3,mw,63.2,57.4703,-155.5934,G+050-0160,16,3.4,0,SEQ_ak01860q4oj4,development
us1000e3dv,2018-05-12T01:29:29Z,2018,5.1,mb,9.94,36.643,137.9022,G+030+0130,15,3.8,0,SEQ_us1000e3dv,train
us1000e4md,2018-05-14T10:31:19Z,2018,5.0,mb,40.33,40.0942,142.6787,G+040+0140,10,3.1,0,SEQ_us1000e4md,train
us1000e4qp,2018-05-14T14:41:42Z,2018,5.1,mb,10.0,-12.8307,45.6127,G-020+0040,12,4.8,0,SEQ_us1000e4qp,train
us1000e5k1,2018-05-15T15:48:09Z,2018,5.9,mww,17.0,-12.7763,45.581,G-020+0040,20,6.0,1,SEQ_us1000e4qp,train
us1000e6dc,2018-05-16T14:20:27Z,2018,5.0,mb,50.99,18.2208,-100.4896,G+010-0110,45,4.8,0,SEQ_us1000e6dc,train
us1000e6yj,2018-05-17T03:12:32Z,2018,5.3,mww,41.89,35.6584,140.7193,G+030+0140,168,3.8,0,SEQ_us1000dpt0,train
us1000e76f,2018-05-17T11:07:14Z,2018,5.2,mb,56.47,-12.6677,-76.5657,G-020-0080,158,4.3,0,SEQ_us1000e76f,train
us1000e7fv,2018-05-17T18:47:05Z,2018,5.4,mww,15.5,12.9721,145.4202,G+010+0140,15,4.3,0,SEQ_us1000e7fv,train
us1000e952,2018-05-21T00:47:14Z,2018,5.5,mww,10.0,-12.8495,45.6536,G-020+0040,18,5.0,0,SEQ_us1000e4qp,train
us1000e95q,2018-05-21T02:15:18Z,2018,5.2,mb,36.61,17.071,-98.6744,G+010-0100,68,5.3,0,SEQ_us1000e95q,train
us1000e9w1,2018-05-22T12:37:08Z,2018,5.1,mb,10.0,-12.852,45.6146,G-020+0040,10,4.3,0,SEQ_us1000e4qp,train
us1000e9ww,2018-05-22T13:36:19Z,2018,5.0,mb,33.37,0.497,-78.4272,G+000-0080,39,4.3,0,SEQ_us1000e9ww,train
us1000eczp,2018-05-27T17:50:52Z,2018,5.3,mww,10.0,45.2355,124.642,G+040+0120,38,4.8,0,SEQ_us1000eczp,train
us1000edim,2018-05-28T19:25:22Z,2018,5.1,mww,10.0,-9.1493,118.4063,G-010+0110,17,3.8,0,SEQ_us1000edim,development
us1000ej4g,2018-06-05T18:40:30Z,2018,5.3,mww,22.65,41.5263,46.7857,G+040+0040,106,6.9,1,SEQ_us1000ej4g,train
us1000enmb,2018-06-11T19:54:21Z,2018,5.4,mww,30.0,31.295,131.3679,G+030+0130,15,4.8,0,SEQ_us1000enmb,train
us1000er1r,2018-06-13T23:54:44Z,2018,5.2,mww,10.0,7.4269,-80.5718,G+000-0090,76,4.8,0,SEQ_us1000er1r,development
us1000etr8,2018-06-17T09:46:24Z,2018,5.4,mww,25.0,14.9212,119.7097,G+010+0110,26,3.6,0,SEQ_us1000etr8,train
us1000etwv,2018-06-17T14:21:28Z,2018,5.1,mww,10.0,30.0772,70.2093,G+030+0070,11,4.6,0,SEQ_us1000etwv,development
us1000eu1c,2018-06-17T22:58:34Z,2018,5.5,mww,10.34,34.8246,135.6389,G+030+0130,496,7.9,1,SEQ_us1000eu1c,train
us1000eu39,2018-06-18T02:32:55Z,2018,5.7,mww,99.17,14.1325,-90.7154,G+010-0100,287,7.0,1,SEQ_us1000eu39,train
us1000ey2i,2018-06-21T21:13:32Z,2018,6.1,mww,28.0,-17.7905,168.0568,G-020+0160,50,6.6,1,SEQ_us1000ey2i,train
us1000ez9p,2018-06-23T01:54:40Z,2018,5.2,mww,90.62,10.7414,-62.6732,G+010-0070,137,4.7,0,SEQ_us1000ez9p,development
us1000f0te,2018-06-25T05:14:44Z,2018,5.5,mww,10.0,36.6404,21.3431,G+030+0020,50,4.4,0,SEQ_us1000f0te,train
us2000frwr,2018-06-30T03:56:49Z,2018,5.9,mww,15.0,19.0222,-105.119,G+010-0110,110,4.7,0,SEQ_us2000frwr,development
ak0188d4oyaj,2018-07-01T08:20:16Z,2018,5.0,mw,117.3,63.0676,-150.7973,G+060-0160,283,3.9,0,SEQ_ak0188d4oyaj,development
us2000ftxe,2018-07-02T11:53:21Z,2018,5.2,mb,37.82,41.2557,142.7104,G+040+0140,15,4.3,0,SEQ_us2000ftxe,train
us2000fvfq,2018-07-03T04:25:53Z,2018,5.2,mww,126.0,14.0197,120.6404,G+010+0120,67,3.2,0,SEQ_us2000fvfq,development
us2000fvnq,2018-07-03T09:59:54Z,2018,5.7,mww,97.0,5.8959,125.1334,G+000+0120,27,5.4,0,SEQ_us2000fvnq,train
us2000fwnu,2018-07-04T09:01:09Z,2018,5.1,mww,22.0,41.4466,19.5828,G+040+0010,94,5.6,0,SEQ_us2000fwnu,train
us2000fz0q,2018-07-07T11:23:50Z,2018,5.9,mww,40.0,35.1073,140.6424,G+030+0140,311,5.6,0,SEQ_us2000fz0q,development
ak0188rwahak,2018-07-10T01:08:21Z,2018,5.0,mw,113.4,62.9789,-150.6358,G+060-0160,221,3.6,0,SEQ_ak0188d4oyaj,development
us2000g3up,2018-07-13T09:46:49Z,2018,6.4,mww,167.0,-18.9279,169.0467,G-020+0160,30,3.4,0,SEQ_us2000g3up,train
us2000g6w8,2018-07-17T08:54:41Z,2018,5.1,mww,35.0,18.4075,-103.369,G+010-0110,13,3.3,0,SEQ_us2000g6w8,train
us2000g8gz,2018-07-19T05:39:34Z,2018,5.1,mb,47.77,3.4257,-74.5982,G+000-0080,189,6.6,1,SEQ_us2000g8gz,development
us2000g8sc,2018-07-19T13:31:53Z,2018,5.8,mww,48.46,17.9318,-97.7158,G+010-0100,130,6.3,1,SEQ_us2000g8sc,development
us2000g8tr,2018-07-19T14:16:27Z,2018,5.8,mww,21.39,54.443,-160.7975,G+050-0170,12,3.4,0,SEQ_us2000g8tr,train
us2000gb4d,2018-07-22T10:07:27Z,2018,5.8,mww,12.0,34.5909,46.1661,G+030+0040,31,8.6,1,SEQ_us2000gb4d,train
us2000gbea,2018-07-22T20:39:17Z,2018,5.6,mww,10.0,30.4313,57.4531,G+030+0050,28,5.8,0,SEQ_us2000gbea,train
us2000gcpa,2018-07-24T14:44:52Z,2018,5.6,mww,10.0,41.8105,-126.8616,G+040-0130,21,3.8,0,SEQ_us2000gcpa,train
us2000gfiz,2018-07-27T20:42:02Z,2018,5.3,mww,45.13,12.6931,-88.1963,G+010-0090,11,4.1,0,SEQ_us2000gfiz,train
us2000ggbs,2018-07-28T22:47:38Z,2018,6.4,mww,14.0,-8.2395,116.508,G-010+0110,404,5.5,0,SEQ_us2000ggbs,train
us2000ggpr,2018-07-29T14:10:22Z,2018,5.3,mww,10.0,44.0248,-128.7797,G+040-0130,12,3.1,0,SEQ_us2000ggpr,train
us2000gi03,2018-07-31T08:42:20Z,2018,5.5,mww,10.9,37.1788,141.0967,G+030+0140,40,3.8,0,SEQ_us2000gi03,train
us1000g3ub,2018-08-05T11:46:38Z,2018,6.9,mww,34.0,-8.2581,116.4375,G-010+0110,802,9.0,1,SEQ_us2000ggbs,train
us1000g3uy,2018-08-05T12:49:55Z,2018,5.5,mb,31.26,-8.358,116.1402,G-010+0110,38,5.0,0,SEQ_us2000ggbs,train
us1000g3vu,2018-08-05T16:49:41Z,2018,5.0,mb,10.0,-8.2702,116.2412,G-010+0110,10,6.2,1,SEQ_us2000ggbs,train
us1000g3yg,2018-08-06T00:28:18Z,2018,5.3,mww,10.0,-8.3667,116.3062,G-010+0110,18,2.5,0,SEQ_us2000ggbs,train
us1000g461,2018-08-06T15:50:55Z,2018,5.1,mww,26.01,-8.3988,116.0135,G-010+0110,157,4.8,0,SEQ_us2000ggbs,train
us1000g496,2018-08-06T18:21:19Z,2018,5.3,mww,22.5,-8.2479,116.364,G-010+0110,48,4.3,0,SEQ_us2000ggbs,train
us1000g4th,2018-08-07T15:12:57Z,2018,5.5,mww,14.47,37.8857,144.0549,G+030+0140,12,2.7,0,SEQ_us1000g4th,train
us1000g4v6,2018-08-07T15:53:59Z,2018,5.3,mww,146.36,6.7814,-72.9952,G+000-0080,126,4.6,0,SEQ_us1000g4v6,train
us1000g5n1,2018-08-09T05:25:32Z,2018,5.9,mww,15.0,-8.3065,116.2304,G-010+0110,217,6.7,1,SEQ_us2000ggbs,train
us1000g60s,2018-08-09T19:21:51Z,2018,5.6,mww,18.0,13.5731,-91.2308,G+010-0100,28,3.1,0,SEQ_us1000g60s,train
us1000g6wx,2018-08-11T15:38:33Z,2018,5.1,mww,10.0,41.5869,20.1018,G+040+0020,80,5.3,0,SEQ_us1000g6wx,development
ak018aap2cqu,2018-08-12T14:58:53Z,2018,6.4,mw,15.8,69.5762,-145.291,G+060-0150,104,5.4,0,SEQ_ak018aap2cqu,train
ak018aasz24z,2018-08-12T21:15:00Z,2018,6.0,mw,16.2,69.5227,-144.3388,G+060-0150,20,5.5,0,SEQ_ak018aap2cqu,train
us1000gaq7,2018-08-16T18:19:05Z,2018,5.3,mww,11.59,41.8753,14.8084,G+040+0010,76,6.6,1,SEQ_us1000gaq7,train
us1000gbi4,2018-08-17T15:35:01Z,2018,6.5,mww,529.0,-7.3718,119.8017,G-010+0110,173,5.4,0,SEQ_us1000gbi4,development
us1000gc0k,2018-08-17T23:22:24Z,2018,6.1,mww,15.0,8.7791,-83.1527,G+000-0090,165,7.1,1,SEQ_us1000gc0k,train
us1000gcek,2018-08-18T19:39:07Z,2018,5.6,mww,10.0,8.802,-77.2506,G+000-0080,11,4.1,0,SEQ_us1000gcek,train
us1000gcii,2018-08-19T00:19:40Z,2018,8.2,mww,600.0,-18.1125,-178.153,G-020-0180,36,5.0,0,SEQ_us1000gcii,train
us1000gcvr,2018-08-19T04:10:22Z,2018,6.3,mww,16.0,-8.3366,116.5993,G-010+0110,137,5.8,0,SEQ_us2000ggbs,train
us1000gda5,2018-08-19T14:56:27Z,2018,6.9,mww,21.0,-8.319,116.6272,G-010+0110,539,7.5,1,SEQ_us2000ggbs,train
us1000gdaz,2018-08-19T15:16:35Z,2018,5.8,mb,10.0,-8.3511,116.5565,G-010+0110,14,5.3,0,SEQ_us2000ggbs,train
us1000gez7,2018-08-21T21:31:47Z,2018,7.3,mww,146.82,10.7731,-62.9019,G+010-0070,1173,7.5,1,SEQ_us1000gez7,development
us1000gf8u,2018-08-22T09:31:45Z,2018,6.2,mww,10.0,43.5637,-127.7166,G+040-0130,168,5.3,0,SEQ_us2000ggpr,train
us1000gfc8,2018-08-22T13:27:48Z,2018,5.8,mww,108.0,10.6593,-62.9288,G+010-0070,173,5.0,0,SEQ_us1000gez7,development
us1000gfiy,2018-08-22T18:03:07Z,2018,5.3,mww,16.92,16.6048,-98.7299,G+010-0100,24,3.4,0,SEQ_us1000gfiy,train
us1000gfrs,2018-08-22T22:48:42Z,2018,5.1,mb,70.95,-9.0829,114.8224,G-010+0110,272,3.7,0,SEQ_us1000gfrs,train
us1000ghbd,2018-08-25T18:33:15Z,2018,5.5,mww,11.58,-8.422,116.9263,G-010+0110,31,5.2,0,SEQ_us2000ggbs,train
us1000ghda,2018-08-25T22:13:25Z,2018,6.0,mww,10.0,34.6111,46.2422,G+030+0040,109,5.9,0,SEQ_us1000ghda,train
us1000ghwz,2018-08-27T09:16:04Z,2018,5.0,mwr,54.77,-29.7178,-71.5452,G-030-0080,14,5.8,0,SEQ_us1000ghwz,development
us1000gigb,2018-08-28T04:51:40Z,2018,5.2,mww,35.03,-29.6839,-71.3635,G-030-0080,18,4.4,0,SEQ_us1000ghwz,development
us1000gj2a,2018-08-28T18:36:32Z,2018,5.2,mww,40.0,-9.0219,110.1451,G-010+0110,28,3.8,0,SEQ_us1000gj2a,train
us1000gj78,2018-08-28T22:35:13Z,2018,6.4,mww,55.0,16.8044,146.8395,G+010+0140,45,4.1,0,SEQ_us1000gj78,train
us2000h52e,2018-08-29T21:33:42Z,2018,5.4,mww,14.0,8.6677,-83.129,G+000-0090,35,5.4,0,SEQ_us1000gc0k,train
us2000h5w7,2018-08-31T07:12:25Z,2018,5.1,mww,10.44,39.3299,21.683,G+030+0020,23,3.9,0,SEQ_us2000h5w7,development
us2000h5yi,2018-08-31T13:25:01Z,2018,5.0,mww,96.26,-32.2062,-70.4787,G-040-0080,28,6.1,1,SEQ_us2000h5yi,train
us2000h5z6,2018-08-31T14:40:27Z,2018,5.5,mww,116.3,13.5571,120.8426,G+010+0120,12,4.1,0,SEQ_us2000h5z6,train
us2000h8dj,2018-09-04T20:11:19Z,2018,5.4,mww,39.53,36.4802,141.392,G+030+0140,82,5.0,0,SEQ_us2000h8dj,train
us2000h8ty,2018-09-05T18:07:59Z,2018,6.6,mww,35.0,42.6861,141.9294,G+040+0140,99,8.1,1,SEQ_us2000h8ty,train
us2000h8y2,2018-09-05T20:16:41Z,2018,5.1,mwr,113.14,-34.4405,-70.5143,G-040-0080,33,3.4,0,SEQ_us2000h8y2,train
us2000h9e2,2018-09-06T15:49:18Z,2018,7.9,mww,670.81,-18.4743,179.3502,G-020+0170,27,7.0,1,SEQ_us2000h9e2,train
us2000ha13,2018-09-07T02:12:06Z,2018,6.2,mww,110.5,-2.2532,-78.7903,G-010-0080,108,5.6,0,SEQ_us2000ha13,train
us2000ha1k,2018-09-07T02:39:17Z,2018,5.8,mww,93.13,-28.8696,-69.9459,G-030-0070,20,5.0,0,SEQ_us2000ha1k,development
us2000haxi,2018-09-08T07:16:49Z,2018,6.2,mww,10.0,7.2377,126.4779,G+000+0120,30,6.6,1,SEQ_us2000haxi,train
us2000hc2z,2018-09-10T20:22:24Z,2018,5.0,mww,10.0,-8.1902,116.5118,G-010+0110,13,3.8,0,SEQ_us2000ggbs,train
us2000hc6y,2018-09-10T23:02:56Z,2018,5.1,mwr,108.14,37.2304,30.6131,G+030+0030,63,4.6,0,SEQ_us2000hc6y,train
us2000hd8v,2018-09-12T04:50:46Z,2018,5.3,mww,10.0,26.3711,90.1611,G+020+0090,142,6.0,1,SEQ_us2000hd8v,train
us2000hdam,2018-09-12T06:21:48Z,2018,5.3,mww,50.02,36.185,31.0563,G+030+0030,45,3.8,0,SEQ_us2000hdam,train
us2000hdas,2018-09-12T06:29:53Z,2018,5.4,mww,103.0,12.1932,-86.7841,G+010-0090,38,4.2,0,SEQ_us2000hdas,development
us2000hewm,2018-09-15T00:08:21Z,2018,5.7,mww,9.32,26.7302,129.6429,G+020+0120,15,3.4,0,SEQ_us2000hewm,development
us2000hfcw,2018-09-16T04:56:25Z,2018,5.3,mww,10.0,-34.3146,116.759,G-040+0110,184,5.9,0,SEQ_us2000hfcw,train
us2000hivv,2018-09-23T05:32:11Z,2018,5.3,mww,61.2,-24.3507,-70.041,G-030-0080,20,3.5,0,SEQ_us2000hivv,development
us2000hiw5,2018-09-23T05:45:50Z,2018,5.2,mww,19.82,19.6495,-71.2739,G+010-0080,159,5.4,0,SEQ_us2000hiw5,train
us2000hiwb,2018-09-23T05:52:15Z,2018,5.8,mww,32.0,12.2222,146.2385,G+010+0140,42,3.8,0,SEQ_us2000hiwb,train
us1000h3p4,2018-09-28T10:02:45Z,2018,7.5,mww,20.0,-0.2559,119.8462,G-010+0110,40,8.6,1,SEQ_us1000h3p4,train
us1000h3s0,2018-09-28T12:32:43Z,2018,5.4,mb,27.44,15.1157,-60.3912,G+010-0070,40,5.3,0,SEQ_us1000h3s0,train
us1000h5c4,2018-10-01T21:43:03Z,2018,5.3,mww,119.8,16.7656,-94.0096,G+010-0100,20,5.4,0,SEQ_us1000h5c4,train
us1000h8an,2018-10-07T00:11:51Z,2018,5.9,mww,24.0,20.0343,-73.0128,G+020-0080,179,5.5,0,SEQ_us1000h8an,train
us1000h8gb,2018-10-07T17:57:21Z,2018,5.1,mww,10.0,-8.361,116.8232,G-010+0110,17,4.3,0,SEQ_us2000ggbs,train
us1000h8hi,2018-10-07T20:00:18Z,2018,5.4,mww,23.0,20.0414,-73.0143,G+020-0080,33,4.6,0,SEQ_us1000h8an,train
us1000ha6q,2018-10-10T18:44:55Z,2018,6.0,mww,9.0,-7.4525,114.4553,G-010+0110,142,5.4,0,SEQ_us1000ha6q,train
us1000haxq,2018-10-12T04:15:47Z,2018,5.2,mww,34.51,35.7549,140.7582,G+030+0140,62,4.1,0,SEQ_us1000haxq,development
us1000hbcu,2018-10-12T21:09:49Z,2018,5.7,mww,64.33,14.1973,-91.1973,G+010-0100,64,4.1,0,SEQ_us1000hbcu,train
us1000hfc9,2018-10-21T21:08:56Z,2018,5.1,mww,68.88,-1.8538,-79.874,G-010-0080,18,6.0,1,SEQ_us1000hfc9,train
us1000hfgn,2018-10-22T05:39:39Z,2018,6.5,mww,10.0,49.2586,-129.4124,G+040-0130,55,3.4,0,SEQ_us1000hfgn,train
us1000hfgv,2018-10-22T06:16:26Z,2018,6.8,mww,10.0,49.3346,-129.289,G+040-0130,170,3.8,0,SEQ_us1000hfgn,train
us1000hfh3,2018-10-22T06:22:48Z,2018,6.5,mww,10.0,49.297,-129.7237,G+040-0130,26,2.0,0,SEQ_us1000hfgn,train
us1000hfk1,2018-10-22T10:47:18Z,2018,5.0,mb,43.05,37.5457,141.4753,G+030+0140,17,3.4,0,SEQ_us1000hfk1,development
us1000hfn8,2018-10-22T16:27:00Z,2018,5.2,mww,10.0,49.0689,-128.9922,G+040-0130,10,3.4,0,SEQ_us1000hfgn,train
us1000hfxx,2018-10-23T04:34:58Z,2018,5.8,mww,30.0,24.1153,122.6027,G+020+0120,48,3.4,0,SEQ_us1000hfxx,train
us1000hg5i,2018-10-23T16:04:04Z,2018,5.7,mww,31.0,23.9912,122.6791,G+020+0120,30,3.4,0,SEQ_us1000hfxx,train
us1000hh6r,2018-10-25T18:36:09Z,2018,5.7,mww,40.0,38.3158,141.785,G+030+0140,43,4.1,0,SEQ_us1000hfk1,development
us1000hhay,2018-10-25T22:22:54Z,2018,5.1,mb,10.0,37.4501,20.5853,G+030+0020,22,4.8,0,SEQ_us1000hhay,train
us1000hhb1,2018-10-25T22:54:52Z,2018,6.8,mww,14.0,37.5203,20.5565,G+030+0020,315,7.7,1,SEQ_us1000hhay,train
ak018dsf3btv,2018-10-27T16:57:28Z,2018,5.1,mw,14.8,65.2283,-151.5744,G+060-0160,47,3.0,0,SEQ_ak018dsf3btv,train
us1000hi43,2018-10-28T00:38:11Z,2018,5.5,mww,151.0,45.6575,26.3972,G+040+0020,562,5.3,0,SEQ_us1000hi43,train
us1000hiup,2018-10-30T02:13:39Z,2018,6.1,mww,225.48,-39.057,174.9584,G-040+0170,52,5.5,0,SEQ_us1000hiup,development
us2000i5mj,2018-11-01T22:19:51Z,2018,6.2,mww,102.0,-19.5827,-69.2656,G-020-0070,69,6.2,1,SEQ_us2000i5mj,train
us2000i5s1,2018-11-02T07:53:54Z,2018,5.4,mww,28.2,33.6719,135.1475,G+030+0130,26,3.4,0,SEQ_us2000i5s1,train
us1000hpej,2018-11-08T21:07:01Z,2018,5.2,mww,10.0,-34.3508,116.8388,G-040+0110,397,5.3,0,SEQ_us1000hpej,train
us1000hpmp,2018-11-09T09:20:30Z,2018,5.4,mww,10.0,8.7153,-83.2612,G+000-0090,57,5.0,0,SEQ_us1000hpmp,train
us1000hqbh,2018-11-10T17:15:46Z,2018,5.2,mww,52.39,23.9724,93.3925,G+020+0090,75,4.2,0,SEQ_us1000hqbh,train
us1000hqkp,2018-11-11T14:03:59Z,2018,6.3,mww,10.0,15.5653,-49.8719,G+010-0050,10,2.7,0,SEQ_us1000hqkp,train
us1000hrpc,2018-11-14T17:23:31Z,2018,5.0,mb,68.09,-9.0392,115.4621,G-010+0110,208,4.3,0,SEQ_us1000hrpc,train
us1000hub0,2018-11-20T06:38:06Z,2018,5.4,mww,57.44,-9.8483,-78.5753,G-010-0080,10,4.3,0,SEQ_us1000hub0,development
ak018exsi6u4,2018-11-21T18:21:44Z,2018,5.6,mw,143.3,59.955,-153.2658,G+050-0160,599,3.8,0,SEQ_ak018exsi6u4,train
us1000hw7f,2018-11-24T20:41:13Z,2018,5.2,mww,18.92,9.3095,-70.6681,G+000-0080,13,5.4,0,SEQ_us1000hw7f,train
us1000hwdw,2018-11-25T16:37:32Z,2018,6.3,mww,18.0,34.3609,45.7443,G+030+0040,136,7.3,1,SEQ_us1000hwdw,train
us1000hwix,2018-11-25T23:57:25Z,2018,5.7,mww,16.0,23.4043,118.5785,G+020+0110,72,3.9,0,SEQ_us1000hwix,train
ak018fcnsk91,2018-11-30T17:29:29Z,2018,7.1,mw,46.7,61.3464,-149.9552,G+060-0150,2342,7.5,1,SEQ_ak018fcnsk91,train
ak018fcntv5m,2018-11-30T17:35:37Z,2018,5.8,mw,40.8,61.2822,-149.9571,G+060-0150,122,7.6,1,SEQ_ak018fcnsk91,train
us1000hyge,2018-11-30T18:00:06Z,2018,5.2,mww,40.2,61.459,-149.9541,G+060-0150,79,8.1,1,SEQ_ak018fcnsk91,train
ak018fcpk9xi,2018-11-30T20:26:55Z,2018,5.0,ml,37.7,61.384,-150.0795,G+060-0160,172,7.8,1,SEQ_ak018fcnsk91,train
ak018fe58vlz,2018-12-01T07:07:37Z,2018,5.0,mw,51.3,61.4833,-149.9362,G+060-0150,68,7.1,1,SEQ_ak018fcnsk91,train
ak018fe5jk85,2018-12-01T07:57:22Z,2018,5.1,mw,42.9,61.3548,-149.9913,G+060-0150,234,5.8,0,SEQ_ak018fcnsk91,train
us1000hzjp,2018-12-01T13:27:21Z,2018,6.4,mww,136.0,-7.3841,128.7065,G-010+0120,44,4.6,0,SEQ_us1000hzjp,development
us1000i02j,2018-12-01T23:55:24Z,2018,5.5,mww,10.0,-33.9216,-72.401,G-040-0080,17,6.8,1,SEQ_us1000i02j,train
us1000i2gt,2018-12-05T04:18:08Z,2018,7.5,mww,10.0,-21.9496,169.4266,G-030+0160,17,3.4,0,SEQ_us1000i2gt,train
us1000i2xc,2018-12-05T17:12:13Z,2018,5.0,mww,34.75,-33.6578,-71.6324,G-040-0080,139,5.4,0,SEQ_us1000i02j,train
us1000i36p,2018-12-06T01:02:46Z,2018,5.5,mww,12.0,-8.3948,116.0135,G-010+0110,85,4.1,0,SEQ_us1000hrpc,train
us1000i5c1,2018-12-09T15:15:40Z,2018,5.1,mb,16.6,23.9818,121.586,G+020+0120,11,3.1,0,SEQ_us1000i5c1,train
us2000itxb,2018-12-15T21:21:03Z,2018,5.1,mww,19.28,23.7656,122.001,G+020+0120,18,3.1,0,SEQ_us1000i5c1,train
us2000iu4a,2018-12-16T14:26:19Z,2018,5.8,mww,10.0,-23.3226,112.4979,G-030+0110,15,5.2,0,SEQ_us2000iu4a,development
us2000iw7g,2018-12-22T05:37:38Z,2018,5.6,mww,16.0,-20.6428,32.8029,G-030+0030,64,5.7,0,SEQ_us2000iw7g,train
us2000ixky,2018-12-26T02:19:14Z,2018,5.0,mwr,1.0,37.63,15.1,G+030+0010,47,7.5,1,SEQ_us2000ixky,train
us2000iy0q,2018-12-27T08:59:11Z,2018,5.4,mww,8.0,10.2636,-67.9035,G+010-0070,306,6.1,1,SEQ_us2000iy0q,train
us2000iyta,2018-12-29T03:39:09Z,2018,7.0,mww,60.21,5.8983,126.9209,G+000+0120,94,6.6,1,SEQ_us2000iyta,development
us2000iyzj,2018-12-29T19:08:30Z,2018,5.2,mww,52.0,42.3513,143.079,G+040+0140,28,3.7,0,SEQ_us2000iyzj,train
us2000izcv,2018-12-31T02:35:37Z,2018,6.0,mww,31.0,54.4266,-161.5131,G+050-0170,22,3.8,0,SEQ_us2000izcv,development
us2000izex,2018-12-31T10:49:41Z,2018,5.3,mww,99.39,-31.7756,-69.2343,G-040-0070,49,5.0,0,SEQ_us2000izex,train
ak0191pccr7,2019-01-01T03:03:30Z,2019,5.0,ml,44.4,61.2975,-149.9523,G+060-0150,1073,4.4,0,SEQ_ak0191pccr7,train
us2000j0ja,2019-01-05T19:25:38Z,2019,6.8,mww,570.41,-8.144,-71.587,G-010-0080,13,2.8,0,SEQ_us2000j0ja,train
ak0199za3yf,2019-01-06T03:45:34Z,2019,5.1,ml,17.1,65.407,-153.2799,G+060-0160,22,5.0,0,SEQ_ak0199za3yf,train
us2000j0th,2019-01-06T13:41:59Z,2019,5.6,mww,14.0,34.1248,45.6794,G+030+0040,46,4.0,0,SEQ_us2000j0th,train
us2000j0uj,2019-01-06T17:27:18Z,2019,6.6,mww,43.21,2.258,126.758,G+000+0120,10,2.0,0,SEQ_us2000j0uj,train
us2000j1c6,2019-01-08T09:54:47Z,2019,5.2,mb,35.0,-7.8778,106.5655,G-010+0100,20,3.3,0,SEQ_us2000j1c6,development
us2000j1d4,2019-01-08T12:39:30Z,2019,6.3,mww,35.0,30.5872,131.0441,G+030+0130,18,3.8,0,SEQ_us2000j1d4,train
ak019lrs7iu,2019-01-13T16:45:55Z,2019,5.0,ml,44.8,61.2993,-150.0647,G+060-0160,2525,5.4,0,SEQ_ak0191pccr7,train
us2000j3mh,2019-01-14T04:23:41Z,2019,5.0,mb,53.43,36.1902,139.8748,G+030+0130,137,5.0,0,SEQ_us2000j3mh,development
us2000j5qm,2019-01-18T12:46:24Z,2019,5.1,mww,49.97,35.8998,140.5698,G+030+0140,103,4.3,0,SEQ_us2000j3mh,development
us2000j6hy,2019-01-20T01:32:52Z,2019,6.7,mww,63.0,-30.0404,-71.3815,G-040-0080,790,7.6,1,SEQ_us2000j6hy,train
us2000j6tj,2019-01-21T11:57:20Z,2019,5.6,mww,29.0,15.584,-94.7368,G+010-0100,27,4.3,0,SEQ_us2000j6tj,train
ak01910ggmj6,2019-01-22T04:43:19Z,2019,5.2,mww,121.5,58.3317,-155.3231,G+050-0160,50,4.3,0,SEQ_ak01910ggmj6,train
us2000j832,2019-01-24T03:04:57Z,2019,5.2,mb,159.2,6.7506,-73.0062,G+000-0080,123,4.1,0,SEQ_us2000j832,train
us2000j86l,2019-01-24T10:28:28Z,2019,5.1,mb,58.3,-30.1191,-71.3753,G-040-0080,19,5.4,0,SEQ_us2000j6hy,train
us2000j898,2019-01-24T14:30:54Z,2019,5.1,mww,47.7,36.0652,28.0928,G+030+0020,10,3.8,0,SEQ_us2000j898,train
us2000j8n4,2019-01-25T04:45:22Z,2019,5.7,mww,60.5,-14.5333,-75.3517,G-020-0080,68,5.8,0,SEQ_us2000j8n4,train
us2000j94y,2019-01-26T08:23:03Z,2019,5.5,mww,48.24,40.3332,142.2224,G+040+0140,10,5.4,0,SEQ_us2000j94y,train
us2000j967,2019-01-26T12:32:26Z,2019,5.6,mww,10.0,3.0345,-75.7383,G+000-0080,360,5.0,0,SEQ_us2000j967,train
us2000j9mr,2019-01-28T09:00:47Z,2019,5.2,mww,21.0,-35.5891,-72.9602,G-040-0080,10,3.8,0,SEQ_us2000j9mr,train
us2000j9um,2019-01-28T21:07:09Z,2019,5.5,mww,13.06,3.0835,-75.6461,G+000-0080,242,4.9,0,SEQ_us2000j967,train
us1000irvq,2019-01-30T01:46:11Z,2019,5.4,mww,171.68,17.456,-93.9655,G+010-0100,13,3.4,0,SEQ_us1000irvq,development
us1000irxk,2019-01-30T05:21:35Z,2019,5.3,mww,24.94,23.7346,122.4948,G+020+0120,19,2.7,0,SEQ_us1000irxk,train
us2000jbub,2019-02-01T16:14:12Z,2019,6.7,mww,66.0,14.6802,-92.4527,G+010-0100,377,5.8,0,SEQ_us2000jbub,train
us2000jcbz,2019-02-02T09:27:36Z,2019,6.0,mww,20.0,-2.8462,100.0743,G-010+0100,15,6.7,1,SEQ_us2000jcbz,train
us2000jcds,2019-02-02T12:04:34Z,2019,5.6,mww,211.72,36.4642,70.7006,G+030+0070,62,4.1,0,SEQ_us2000jcds,development
pr2019035005,2019-02-04T14:33:48Z,2019,5.3,ml,74.0,18.1358,-68.5523,G+010-0070,422,4.7,0,SEQ_pr2019035005,train
us2000jd8d,2019-02-04T17:45:48Z,2019,5.8,mww,70.0,-2.4081,-79.8348,G-010-0080,118,4.9,0,SEQ_us2000jd8d,train
us2000jdgj,2019-02-05T02:26:09Z,2019,5.4,mww,7.73,39.052,20.5868,G+030+0020,34,5.6,0,SEQ_us2000jdgj,train
us2000jdp4,2019-02-05T16:47:06Z,2019,5.2,mww,20.67,35.103,74.1694,G+030+0070,81,4.6,0,SEQ_us2000jdp4,development
us2000jds8,2019-02-05T19:31:36Z,2019,5.0,mww,10.0,40.8961,48.6067,G+040+0040,33,4.2,0,SEQ_us2000jds8,train
us2000je43,2019-02-06T10:25:20Z,2019,5.5,mww,130.2,15.858,120.6186,G+010+0120,55,2.9,0,SEQ_us2000je43,train
us2000jfb2,2019-02-08T11:55:07Z,2019,5.9,mww,20.0,9.8456,126.5791,G+000+0120,67,5.2,0,SEQ_us2000jfb2,train
us2000jfx7,2019-02-10T10:54:48Z,2019,5.4,mww,10.0,27.0899,55.5458,G+020+0050,86,4.8,0,SEQ_us2000jfx7,train
us2000jhyq,2019-02-14T14:33:16Z,2019,5.5,mww,10.0,-12.1674,-74.3097,G-020-0080,12,8.2,1,SEQ_us2000jhyq,development
us2000jjm5,2019-02-18T19:30:22Z,2019,5.7,mww,23.0,-9.5093,112.8605,G-010+0110,10,2.0,0,SEQ_us2000jjm5,train
us2000jkr3,2019-02-20T18:23:29Z,2019,5.1,mww,10.0,39.6916,26.4007,G+030+0020,140,4.3,0,SEQ_us2000jkr3,train
us2000jl3a,2019-02-21T12:22:40Z,2019,5.4,mww,28.0,42.76,141.9473,G+040+0140,101,5.6,0,SEQ_us2000jl3a,train
us2000jlfv,2019-02-22T10:17:23Z,2019,7.5,mww,145.0,-2.1862,-77.0505,G-010-0080,418,6.7,1,SEQ_us2000jlfv,train
us2000jlh2,2019-02-22T10:40:40Z,2019,5.5,mb,70.89,-2.2377,-79.7366,G-010-0080,45,6.1,1,SEQ_us2000jd8d,train
us1000j96d,2019-03-01T08:50:42Z,2019,7.0,mww,267.0,-14.7131,-70.1546,G-020-0080,160,7.2,1,SEQ_us1000j96d,development
us1000j9s1,2019-03-02T03:22:54Z,2019,5.9,mww,18.73,41.9469,146.894,G+040+0140,11,3.1,0,SEQ_us1000j9s1,development
us1000j9yd,2019-03-02T19:46:21Z,2019,5.6,mww,15.68,18.6542,120.3562,G+010+0120,11,4.8,0,SEQ_us1000j9yd,train
us1000j9yt,2019-03-02T20:21:52Z,2019,5.5,mww,10.42,-33.6774,-72.5954,G-040-0080,16,5.0,0,SEQ_us1000j9yt,train
us1000ja57,2019-03-03T15:25:53Z,2019,5.1,mww,49.22,18.4451,-101.4137,G+010-0110,32,4.1,0,SEQ_us1000ja57,train
us1000jaaq,2019-03-04T10:06:00Z,2019,5.9,mww,10.0,-5.2208,146.2053,G-010+0140,12,3.4,0,SEQ_us1000jaaq,train
ak0192zumrhu,2019-03-06T21:33:13Z,2019,5.2,mww,9.1,66.3108,-157.2186,G+060-0160,11,2.0,0,SEQ_ak0192zumrhu,development
us1000jbws,2019-03-07T15:34:28Z,2019,5.7,mww,17.0,-29.4648,-72.6945,G-030-0080,13,2.0,0,SEQ_us1000jbws,train
us1000jccx,2019-03-08T15:06:12Z,2019,6.0,mww,30.0,10.384,126.006,G+010+0120,62,2.0,0,SEQ_us2000jfb2,train
us1000jeji,2019-03-13T04:48:49Z,2019,5.2,mww,37.25,33.8114,134.8565,G+030+0130,56,5.7,0,SEQ_us1000jeji,train
hv70863117,2019-03-13T10:55:13Z,2019,5.54,ml,6.97,19.3258333,-155.2005,G+010-0160,1998,5.3,0,SEQ_hv70863117,development
us1000jg5z,2019-03-15T05:03:50Z,2019,6.3,mww,359.0,-17.8744,-65.9072,G-020-0070,127,5.0,0,SEQ_us1000jg5z,train
us1000jgvf,2019-03-15T23:07:56Z,2019,5.5,mww,90.11,6.2517,125.3722,G+000+0120,17,4.1,0,SEQ_us1000jgvf,train
us1000jh4d,2019-03-16T18:06:15Z,2019,5.2,mww,41.0,-29.7721,-71.5547,G-030-0080,12,4.6,0,SEQ_us1000jh4d,train
us1000jhbv,2019-03-17T07:07:25Z,2019,5.6,mww,10.0,-8.4179,116.5208,G-010+0110,58,4.8,0,SEQ_us1000jhbv,train
us1000jj23,2019-03-20T06:34:27Z,2019,5.7,mww,8.0,37.4078,29.531,G+030+0020,21,4.7,0,SEQ_us1000jj23,train
us1000jjp9,2019-03-21T09:15:40Z,2019,5.5,mww,22.0,-7.9143,32.1088,G-010+0030,26,4.6,0,SEQ_us1000jjp9,train
us1000jkrq,2019-03-23T19:21:17Z,2019,6.1,mww,122.0,4.5595,-76.223,G+000-0080,204,6.6,1,SEQ_us1000jkrq,train
us1000jkxw,2019-03-24T09:30:01Z,2019,5.3,mww,87.82,12.0851,-86.7566,G+010-0090,59,4.4,0,SEQ_us1000jkxw,train
us1000jlpq,2019-03-26T12:01:47Z,2019,5.5,mww,8.0,12.5488,-89.1992,G+010-0090,10,7.0,1,SEQ_us1000jlpq,train
us1000jm4k,2019-03-27T00:11:22Z,2019,5.2,mww,16.55,32.1572,131.9791,G+030+0130,10,3.8,0,SEQ_us1000jm4k,train
us2000k7ki,2019-03-30T10:46:19Z,2019,5.3,mww,10.0,38.3657,22.3935,G+030+0020,34,4.8,0,SEQ_us2000k7ki,train
us2000k7vu,2019-03-31T07:04:04Z,2019,6.2,mww,18.0,-1.9446,-80.8101,G-010-0090,75,6.2,1,SEQ_us2000k7vu,development
us2000k89w,2019-04-01T02:16:53Z,2019,5.6,mww,50.09,10.6035,125.8523,G+010+0120,17,4.5,0,SEQ_us2000jfb2,train
us2000k9g3,2019-04-03T01:52:56Z,2019,5.4,mww,10.0,22.9701,120.9569,G+020+0120,52,5.8,0,SEQ_us2000k9g3,train
us2000ka3r,2019-04-04T07:45:30Z,2019,5.1,mww,61.78,25.4467,94.4235,G+020+0090,41,4.6,0,SEQ_us2000ka3r,train
us2000kbgw,2019-04-06T21:01:41Z,2019,5.2,mww,10.0,30.8278,-114.0297,G+030-0120,14,3.0,0,SEQ_us2000kbgw,development
us700034d3,2019-04-11T08:18:21Z,2019,6.0,mww,18.0,40.4096,143.2985,G+040+0140,16,3.4,0,SEQ_us700034d3,train
us700034xq,2019-04-12T11:40:49Z,2019,6.8,mww,15.46,-1.8146,122.5798,G-010+0120,11,4.8,0,SEQ_us700034xq,train
us700034ya,2019-04-12T12:23:04Z,2019,6.0,mww,15.36,-15.4067,-172.8171,G-020-0180,10,4.6,0,SEQ_us700034ya,train
hv70907436,2019-04-14T03:09:02Z,2019,5.34,ml,13.33,19.742,-155.7905,G+010-0160,1986,5.1,0,SEQ_hv70907436,development
us700038b8,2019-04-18T04:06:34Z,2019,5.6,mww,54.0,-29.3648,-71.5891,G-030-0080,30,4.8,0,SEQ_us700038b8,train
us700038c1,2019-04-18T05:01:06Z,2019,6.1,mww,20.0,24.0374,121.6501,G+020+0120,286,5.7,0,SEQ_us700038c1,development
us70003a63,2019-04-22T09:11:12Z,2019,6.1,mww,21.84,14.9538,120.5149,G+010+0120,620,8.2,1,SEQ_us70003a63,train
us70003adr,2019-04-22T20:15:24Z,2019,5.4,mww,12.46,16.3586,-98.4853,G+010-0100,28,3.8,0,SEQ_us70003adr,development
us70003aj3,2019-04-23T05:37:53Z,2019,6.4,mww,56.0,11.7547,125.2013,G+010+0120,150,7.8,1,SEQ_us70003aj3,train
us70003axc,2019-04-23T20:15:50Z,2019,5.9,mww,14.0,28.4073,94.5605,G+020+0090,260,6.7,1,SEQ_us70003axc,train
us70003d16,2019-04-27T17:24:45Z,2019,5.4,mww,110.52,42.4547,142.8191,G+040+0140,15,3.9,0,SEQ_us70003d16,train
us70003dbt,2019-04-28T07:43:46Z,2019,5.1,mww,10.0,16.7696,-86.113,G+010-0090,48,4.3,0,SEQ_us70003dbt,development
us70003gig,2019-05-04T01:05:09Z,2019,5.7,mww,10.0,12.3713,120.9321,G+010+0120,25,5.0,0,SEQ_us70003gig,train
us70003gm1,2019-05-04T11:04:01Z,2019,5.2,mww,85.93,26.2288,95.7216,G+020+0090,47,4.3,0,SEQ_us70003gm1,train
us70003hqb,2019-05-06T21:19:37Z,2019,7.1,mww,146.0,-6.9746,146.4494,G-010+0140,77,6.5,1,SEQ_us70003hqb,train
us70003j46,2019-05-09T23:48:42Z,2019,6.2,mww,22.0,31.7772,131.8483,G+030+0130,31,6.0,1,SEQ_us70003j46,train
us70003k3p,2019-05-12T19:24:50Z,2019,6.0,mww,19.0,8.625,-82.8298,G+000-0090,140,8.2,1,SEQ_us70003k3p,train
us70003k8m,2019-05-13T07:10:31Z,2019,5.2,mww,89.72,-12.1597,-74.8826,G-020-0080,36,5.1,0,SEQ_us70003k8m,train
us70003kxm,2019-05-14T11:16:36Z,2019,5.1,mww,10.0,-39.4368,178.3629,G-040+0170,14,7.1,1,SEQ_us70003kxm,train
us70003kyy,2019-05-14T12:58:25Z,2019,7.6,mww,10.0,-4.051,152.5967,G-010+0150,58,6.9,1,SEQ_us70003kyy,development
us70003lxa,2019-05-16T00:32:13Z,2019,5.1,mww,105.45,-31.456,-69.3931,G-040-0070,14,4.1,0,SEQ_us70003lxa,train
us70003m2q,2019-05-16T16:22:17Z,2019,5.9,mww,71.96,12.6436,-87.8168,G+010-0090,63,4.6,0,SEQ_us70003m2q,train
us70003mi2,2019-05-17T14:16:24Z,2019,5.0,mww,69.47,-19.8024,-70.2795,G-020-0080,21,6.2,1,SEQ_us70003mi2,train
us70003nha,2019-05-20T11:18:33Z,2019,5.5,mww,108.0,-31.4782,-70.0028,G-040-0080,66,4.6,0,SEQ_us70003lxa,train
us60003rlu,2019-05-24T09:36:17Z,2019,5.1,mww,10.0,-16.4554,178.0574,G-020+0170,10,5.7,0,SEQ_us60003rlu,development
us60003sc0,2019-05-26T07:41:15Z,2019,8.0,mww,122.57,-5.8119,-75.2697,G-010-0080,1080,8.9,1,SEQ_us60003sc0,train
ak0196r9o3rq,2019-05-27T09:52:21Z,2019,5.8,ml,64.0,58.8565,-152.3581,G+050-0160,1226,5.3,0,SEQ_ak0196r9o3rq,train
us70003t2n,2019-05-30T09:03:32Z,2019,6.6,mww,57.92,13.1994,-89.3056,G+010-0090,301,7.2,1,SEQ_us70003m2q,train
us70003tl7,2019-05-31T10:12:32Z,2019,6.1,mww,98.72,6.2795,126.479,G+000+0120,37,5.3,0,SEQ_us70003tl7,train
us70003u1a,2019-06-01T04:26:19Z,2019,5.2,mww,10.0,40.5257,20.7025,G+040+0020,27,5.0,0,SEQ_us70003u1a,train
us70003u2y,2019-06-01T09:45:28Z,2019,5.4,mww,82.0,6.1857,126.6003,G+000+0120,13,4.3,0,SEQ_us70003tl7,train
us70003uny,2019-06-03T08:42:12Z,2019,5.2,mww,47.38,-19.6837,-70.4952,G-020-0080,28,6.1,1,SEQ_us70003mi2,train
us70003v7s,2019-06-04T09:46:18Z,2019,5.5,mww,10.0,22.9032,121.6864,G+020+0120,23,4.6,0,SEQ_us70003v7s,development
ak01979jl6pt,2019-06-07T14:57:33Z,2019,5.0,mb,25.4,58.2809,-151.1795,G+050-0160,31,3.8,0,SEQ_ak0196r9o3rq,train
us70003xl5,2019-06-10T09:12:18Z,2019,5.1,mww,72.37,13.0499,-88.5673,G+010-0090,24,5.6,0,SEQ_us70003m2q,train
us70003ydx,2019-06-12T03:10:24Z,2019,5.2,mb,12.9,34.6813,72.8572,G+030+0070,10,4.8,0,SEQ_us70003ydx,development
us600040ak,2019-06-13T10:34:31Z,2019,5.0,mb,10.0,11.2117,142.9162,G+010+0140,10,4.1,0,SEQ_us600040ak,development
us600040ja,2019-06-14T00:19:12Z,2019,6.4,mww,11.0,-30.0557,-72.0819,G-040-0080,34,5.0,0,SEQ_us600040ja,train
us600040n3,2019-06-14T07:50:56Z,2019,5.2,mww,59.71,13.5416,145.3384,G+010+0140,54,3.9,0,SEQ_us600040n3,train
us600040xy,2019-06-14T20:10:52Z,2019,5.7,mww,105.0,-5.8431,130.725,G-010+0130,17,3.1,0,SEQ_us600040xy,train
us6000417i,2019-06-15T22:55:04Z,2019,7.3,mww,46.0,-30.6441,-178.0995,G-040-0180,12,8.3,1,SEQ_us6000417i,train
us600041f4,2019-06-16T17:25:23Z,2019,5.1,mb,60.71,18.5738,-101.7714,G+010-0110,13,4.7,0,SEQ_us600041f4,train
us600041ry,2019-06-17T14:55:44Z,2019,5.8,mww,6.0,28.4056,104.9333,G+020+0100,73,8.2,1,SEQ_us600041ry,development
us600042fx,2019-06-18T13:22:19Z,2019,6.4,mww,12.0,38.6391,139.4769,G+030+0130,140,7.0,1,SEQ_us600042fx,train
us600043h2,2019-06-20T01:23:26Z,2019,5.4,mww,150.19,-33.6324,-68.7592,G-040-0070,62,4.1,0,SEQ_us600043h2,train
us600044mq,2019-06-22T14:29:56Z,2019,5.3,mww,10.0,28.3946,104.8105,G+020+0100,25,5.8,0,SEQ_us600041ry,development
nc73201181,2019-06-23T03:53:02Z,2019,5.58,mw,9.44,40.2735,-124.3003333,G+040-0130,1778,6.6,1,SEQ_nc73201181,train
us600044yu,2019-06-24T00:11:45Z,2019,5.2,mww,46.43,34.9288,140.01,G+030+0140,271,6.0,1,SEQ_us600044yu,train
us600044zz,2019-06-24T02:53:39Z,2019,7.3,mww,212.0,-6.4078,129.1692,G-010+0120,295,4.1,0,SEQ_us600044zz,train
us7000455l,2019-06-26T05:23:51Z,2019,6.2,mww,32.58,8.4612,-82.754,G+000-0090,470,8.7,1,SEQ_us7000455l,train
us700046ge,2019-06-28T08:30:42Z,2019,5.0,mww,78.31,-29.3602,-71.0244,G-030-0080,17,3.8,0,SEQ_us700046ge,train
us700047eq,2019-06-29T19:00:07Z,2019,5.0,mww,44.54,9.7108,125.0675,G+000+0120,18,4.5,0,SEQ_us700047eq,development
us70004840,2019-07-01T17:13:28Z,2019,6.0,mww,91.0,-15.4403,167.531,G-020+0160,14,4.0,0,SEQ_us70004840,development
us700049qz,2019-07-04T02:17:58Z,2019,5.1,mww,10.0,28.4885,104.8396,G+020+0100,21,8.2,1,SEQ_us600041ry,development
us700049sf,2019-07-04T04:30:44Z,2019,6.2,mww,10.0,51.2369,-130.5005,G+050-0140,75,3.8,0,SEQ_us700049sf,train
ci38443183,2019-07-04T17:33:49Z,2019,6.4,mw,10.5,35.7053333,-117.5038333,G+030-0120,27543,7.9,1,SEQ_ci38443183,train
ci38450263,2019-07-05T11:07:53Z,2019,5.37,mw,6.95,35.7603333,-117.575,G+030-0120,3019,6.1,1,SEQ_ci38443183,train
ci38457511,2019-07-06T03:19:53Z,2019,7.1,mw,8.0,35.7695,-117.5993333,G+030-0120,39888,8.7,1,SEQ_ci38443183,train
ci38457687,2019-07-06T03:47:53Z,2019,5.5,mw,5.04,35.9011667,-117.7495,G+030-0120,32,7.1,1,SEQ_ci38443183,train
ci38457847,2019-07-06T04:18:55Z,2019,5.44,mw,7.41,35.9101667,-117.6848333,G+030-0120,33,5.4,0,SEQ_ci38443183,train
us70004dz3,2019-07-07T15:08:40Z,2019,6.9,mww,35.0,0.5126,126.1892,G+000+0120,21,6.8,1,SEQ_us70004dz3,train
us70004ed6,2019-07-08T00:09:02Z,2019,5.1,mww,59.13,10.8415,-85.6324,G+010-0090,78,3.8,0,SEQ_us70004ed6,train
us70004ejm,2019-07-08T07:00:32Z,2019,5.6,mww,19.0,31.7564,49.5611,G+030+0040,53,7.0,1,SEQ_us70004ejm,development
us70004fsk,2019-07-09T12:36:58Z,2019,5.6,mww,10.0,6.8138,125.1193,G+000+0120,54,5.5,0,SEQ_us70004fsk,train
us70004ggm,2019-07-10T00:56:38Z,2019,5.0,mww,31.19,6.8679,125.1054,G+000+0120,10,5.4,0,SEQ_us70004fsk,train
us70004i7x,2019-07-11T15:31:27Z,2019,5.0,mb,10.0,-17.8918,167.7113,G-020+0160,17,3.8,0,SEQ_us70004i7x,train
us70004j4g,2019-07-12T17:01:56Z,2019,5.3,mww,49.79,-8.9356,117.8057,G-010+0110,12,3.8,0,SEQ_us70004j4g,train
us70004j9u,2019-07-12T20:42:55Z,2019,5.8,mww,14.29,9.3281,126.043,G+000+0120,22,4.0,0,SEQ_us70004j9u,train
us70004jea,2019-07-13T00:57:44Z,2019,6.1,mww,251.0,29.3533,128.1534,G+020+0120,22,3.1,0,SEQ_us70004jea,train
us70004jxe,2019-07-14T05:39:23Z,2019,6.6,mww,10.0,-18.2242,120.3584,G-020+0120,242,5.0,0,SEQ_us70004jxe,train
us70004jyv,2019-07-14T09:10:51Z,2019,7.2,mww,18.98,-0.5858,128.034,G-010+0120,17,6.7,1,SEQ_us70004jyv,development
us70004k8e,2019-07-14T23:01:36Z,2019,5.0,mww,10.0,-18.2782,120.2792,G-020+0120,11,4.8,0,SEQ_us70004jxe,train
us70004l29,2019-07-16T00:18:36Z,2019,5.7,mww,80.0,-8.8208,114.487,G-010+0110,293,6.3,1,SEQ_us70004l29,train
us70004m7u,2019-07-17T14:59:59Z,2019,5.4,mww,10.0,43.4212,-127.1745,G+040-0130,21,2.7,0,SEQ_us70004m7u,train
us70004nrn,2019-07-19T09:22:15Z,2019,5.5,mww,15.0,27.7188,92.8302,G+020+0090,75,4.9,0,SEQ_us70004nrn,development
us70004nt3,2019-07-19T11:13:15Z,2019,5.3,mww,10.0,38.0951,23.5251,G+030+0020,561,7.4,1,SEQ_us70004nt3,train
us70004q4u,2019-07-21T17:35:33Z,2019,5.5,mww,9.0,12.2619,144.2534,G+010+0140,11,3.1,0,SEQ_us70004q4u,train
us60004ugn,2019-07-24T01:29:12Z,2019,5.0,mb,102.51,-8.5946,114.3134,G-010+0110,76,3.7,0,SEQ_us70004l29,train
us60004v54,2019-07-24T22:14:22Z,2019,5.0,mww,44.67,35.1339,140.6881,G+030+0140,79,3.3,0,SEQ_us60004v54,train
us60004wjb,2019-07-27T18:31:07Z,2019,6.3,mww,367.0,33.1492,137.3029,G+030+0130,284,6.2,1,SEQ_us60004wjb,train
us60004wrw,2019-07-28T14:25:02Z,2019,5.1,mb,58.47,-6.9777,106.1423,G-010+0100,22,5.9,0,SEQ_us60004wrw,train
us60004x4m,2019-07-29T20:37:43Z,2019,5.8,mww,59.14,32.8383,140.569,G+030+0140,82,3.8,0,SEQ_us60004x4m,train
us60004xtc,2019-07-31T05:54:53Z,2019,5.9,mww,43.0,13.1476,-89.3951,G+010-0090,161,5.4,0,SEQ_us60004xtc,development
us60004yps,2019-08-01T18:28:07Z,2019,6.8,mww,25.0,-34.2364,-72.3102,G-040-0080,421,5.6,0,SEQ_us60004yps,train
us60004ys7,2019-08-01T20:01:28Z,2019,5.6,mww,15.41,-34.2812,-72.3734,G-040-0080,15,4.3,0,SEQ_us60004yps,train
us60004z17,2019-08-02T00:55:16Z,2019,5.4,mww,13.23,-34.1825,-72.1958,G-040-0080,19,3.8,0,SEQ_us60004yps,train
us60004zhq,2019-08-02T12:03:27Z,2019,6.9,mww,49.0,-7.2822,104.7907,G-010+0100,332,4.5,0,SEQ_us60004zhq,train
us600050if,2019-08-04T10:23:03Z,2019,6.3,mww,38.0,37.7594,141.6031,G+030+0140,323,7.1,1,SEQ_us600050if,train
us600050ld,2019-08-04T19:04:54Z,2019,5.1,mww,226.29,36.6761,71.2747,G+030+0070,24,4.8,0,SEQ_us600050ld,train
us600050lk,2019-08-04T19:51:16Z,2019,5.4,mb,7.72,30.5857,50.8453,G+030+0050,20,7.4,1,SEQ_us600050lk,development
us6000522g,2019-08-07T21:28:03Z,2019,5.8,mww,20.79,24.4782,121.9301,G+020+0120,321,6.1,1,SEQ_us6000522g,train
us60005247,2019-08-08T00:45:26Z,2019,5.8,mww,226.0,36.5272,70.0571,G+030+0070,50,5.0,0,SEQ_us600050ld,train
us6000529r,2019-08-08T11:25:31Z,2019,5.9,mww,11.0,37.935,29.7003,G+030+0020,91,5.4,0,SEQ_us6000529r,train
us600053tn,2019-08-11T22:51:33Z,2019,5.0,mb,35.0,-9.6418,113.9469,G-010+0110,23,3.9,0,SEQ_us600053tn,development
us600053z3,2019-08-12T10:35:28Z,2019,5.4,mww,10.0,-44.5471,167.9051,G-050+0160,42,5.3,0,SEQ_us600053z3,train
us60005489,2019-08-12T20:39:34Z,2019,5.5,mww,93.0,15.9767,-93.7276,G+010-0100,23,4.6,0,SEQ_us60005489,development
us6000559v,2019-08-15T05:32:53Z,2019,5.4,mww,86.0,40.8275,141.2441,G+040+0140,24,6.0,1,SEQ_us6000559v,train
us600055rs,2019-08-16T02:09:20Z,2019,5.1,mww,207.71,36.4389,70.693,G+030+0070,18,5.0,0,SEQ_us600050ld,train
us600056nv,2019-08-18T09:28:29Z,2019,5.0,mww,84.69,-2.3237,-79.2769,G-010-0080,42,3.5,0,SEQ_us600056nv,train
us7000582j,2019-08-25T20:30:20Z,2019,5.0,mww,61.45,2.7344,-78.0396,G+000-0080,12,2.5,0,SEQ_us7000582j,train
us700059ee,2019-08-28T23:46:40Z,2019,5.9,mww,23.77,41.0682,142.9955,G+040+0140,17,4.1,0,SEQ_us700059ee,train
us700059qh,2019-08-29T15:07:58Z,2019,6.3,mww,10.0,43.5425,-127.8817,G+040-0130,796,5.0,0,SEQ_us700059qh,train
us70005alm,2019-08-31T15:09:21Z,2019,5.4,mww,10.0,22.7414,95.522,G+020+0090,50,5.4,0,SEQ_us70005alm,train
ak019b7lpbt4,2019-09-01T04:32:26Z,2019,5.0,mww,9.8,59.1033,-136.9727,G+050-0140,544,3.6,0,SEQ_ak019b7lpbt4,train
us70005c7g,2019-09-05T05:41:31Z,2019,5.1,mww,10.0,-36.0838,-73.8035,G-040-0080,10,3.3,0,SEQ_us70005c7g,train
us70005c87,2019-09-05T07:32:35Z,2019,5.1,mb,10.0,-17.8643,168.3279,G-020+0160,16,4.3,0,SEQ_us70005c87,train
us70005cba,2019-09-05T15:02:45Z,2019,5.9,mww,10.0,43.7183,-127.8191,G+040-0130,61,4.3,0,SEQ_us700059qh,train
us70005deu,2019-09-08T13:49:16Z,2019,5.0,mww,35.0,6.1092,125.515,G+000+0120,11,4.3,0,SEQ_us70005deu,train
us70005dj8,2019-09-09T00:38:46Z,2019,5.4,mww,25.0,-6.4714,30.7391,G-010+0030,10,5.6,0,SEQ_us70005dj8,train
us70005drn,2019-09-09T18:05:17Z,2019,5.4,mww,10.0,10.5125,-64.4206,G+010-0070,49,6.0,1,SEQ_us70005drn,train
us70005dza,2019-09-10T05:39:24Z,2019,5.7,mww,48.0,6.6371,126.4167,G+000+0120,50,6.2,1,SEQ_us70005dza,train
us70005eee,2019-09-10T20:32:12Z,2019,5.7,mww,9.94,57.0194,-139.5292,G+050-0140,11,2.7,0,SEQ_us70005eee,train
us70005fry,2019-09-13T08:28:17Z,2019,5.3,mww,48.13,15.053,122.2746,G+010+0120,65,5.8,0,SEQ_us70005fry,development
us70005g9f,2019-09-14T05:15:30Z,2019,5.0,mww,102.87,-31.396,-68.6181,G-040-0070,17,3.7,0,SEQ_us70005g9f,train
us70005gcr,2019-09-14T13:25:54Z,2019,5.4,mww,67.0,53.9929,-165.8339,G+050-0170,29,4.4,0,SEQ_us70005gcr,train
ak019by0dpof,2019-09-17T01:09:56Z,2019,5.2,mww,63.1,61.7197,-150.8904,G+060-0160,1174,4.4,0,SEQ_ak019by0dpof,train
us60005kta,2019-09-19T07:06:33Z,2019,6.1,mww,610.0,-6.0708,111.8422,G-010+0110,103,3.1,0,SEQ_us60005kta,train
us60005ku0,2019-09-19T07:32:01Z,2019,5.9,mww,617.56,-6.0586,111.8877,G-010+0110,23,4.1,0,SEQ_us60005kta,train
us60005lrf,2019-09-21T14:04:25Z,2019,5.6,mww,20.0,41.3375,19.5303,G+040+0010,343,8.0,1,SEQ_us60005lrf,train
us60005lrg,2019-09-21T14:15:52Z,2019,5.1,mwr,13.73,41.4685,19.5438,G+040+0010,16,5.4,0,SEQ_us60005lrf,train
pr2019267000,2019-09-24T03:23:40Z,2019,6.0,mw,10.0,19.077,-67.2701,G+010-0070,665,5.4,0,SEQ_pr2019267000,development
pr2019267004,2019-09-24T03:32:41Z,2019,5.06,ml,5.0,19.0225,-67.2081,G+010-0070,390,7.1,1,SEQ_pr2019267000,development
us60005mqp,2019-09-24T11:01:54Z,2019,5.4,mww,10.0,33.0779,73.7936,G+030+0070,478,6.6,1,SEQ_us60005mqp,train
us70005lkl,2019-09-26T10:59:25Z,2019,5.7,mww,8.0,40.9035,28.1502,G+040+0020,609,7.4,1,SEQ_us70005lkl,train
us70005lt4,2019-09-26T16:36:18Z,2019,6.1,mww,129.0,-40.8145,-71.9993,G-050-0080,114,5.4,0,SEQ_us70005lt4,train
us70005lzd,2019-09-26T20:31:30Z,2019,5.4,mww,35.1,-29.855,-71.3503,G-030-0080,53,5.9,0,SEQ_us70005lzd,train
us70005nbb,2019-09-29T02:02:51Z,2019,6.2,mww,73.0,5.6756,126.5481,G+000+0120,33,6.1,1,SEQ_us70005nbb,train
us70005nie,2019-09-29T15:57:53Z,2019,6.7,mww,11.0,-35.4758,-73.163,G-040-0080,225,6.8,1,SEQ_us70005c7g,train
us70005s4q,2019-09-29T16:09:46Z,2019,5.2,mb,10.0,-35.4534,-73.2386,G-040-0080,50,4.2,0,SEQ_us70005c7g,train
us70005nud,2019-09-30T11:53:22Z,2019,5.6,mww,117.0,-22.1911,-68.799,G-030-0070,11,4.1,0,SEQ_us70005nud,development
us70005p7u,2019-10-01T05:16:38Z,2019,5.1,mww,10.0,-39.2281,177.736,G-040+0170,18,4.6,0,SEQ_us70005p7u,train
us70005prt,2019-10-02T10:13:09Z,2019,5.3,mww,29.98,15.7287,-95.1017,G+010-0100,10,4.6,0,SEQ_us70005prt,train
us70005q4l,2019-10-03T04:44:56Z,2019,5.1,mww,17.77,36.2765,28.5721,G+030+0020,236,4.3,0,SEQ_us70005q4l,train
ak019cqb6c9o,2019-10-04T12:28:02Z,2019,5.0,mww,92.8,62.4964,-151.5688,G+060-0160,593,4.9,0,SEQ_ak019by0dpof,train
us70005r33,2019-10-05T14:51:37Z,2019,5.0,mb,76.05,35.9894,27.978,G+030+0020,17,3.1,0,SEQ_us70005q4l,train
us70005r9l,2019-10-06T10:40:56Z,2019,5.7,mww,119.0,-21.9343,-68.5934,G-030-0070,16,5.4,0,SEQ_us70005nud,development
us70005sii,2019-10-09T10:44:35Z,2019,5.1,mww,203.28,36.5069,70.6409,G+030+0070,13,4.8,0,SEQ_us70005sii,development
us70005tn2,2019-10-12T09:21:53Z,2019,5.3,mww,48.04,34.7248,140.6235,G+030+0140,126,4.1,0,SEQ_us70005tn2,train
us70005ulm,2019-10-16T11:37:06Z,2019,6.4,mww,16.12,6.7147,125.007,G+000+0120,163,8.2,1,SEQ_us70005ulm,train
us70005uym,2019-10-17T11:44:33Z,2019,5.1,mww,17.82,24.0539,122.4814,G+020+0120,16,3.4,0,SEQ_us70005uym,development
ak019dd9qhea,2019-10-18T00:58:28Z,2019,5.4,mww,6.3,66.2966,-157.2159,G+060-0160,13,4.8,0,SEQ_ak019dd9qhea,train
us70005vys,2019-10-19T12:42:07Z,2019,5.0,mww,90.72,13.9933,145.4339,G+010+0140,41,4.8,0,SEQ_us70005vys,train
us70005w2i,2019-10-19T20:31:55Z,2019,5.7,mww,17.49,-18.9154,178.0608,G-020+0170,27,6.7,1,SEQ_us70005w2i,train
us70005w9m,2019-10-20T08:55:32Z,2019,5.1,mww,10.0,6.5826,125.0345,G+000+0120,14,5.3,0,SEQ_us70005ulm,train
us70005wp5,2019-10-21T10:58:52Z,2019,5.5,mww,9.0,27.2259,55.0039,G+020+0050,23,5.0,0,SEQ_us70005wp5,train
us600063ts,2019-10-28T03:55:07Z,2019,5.0,mww,12.26,-30.2439,-68.9122,G-040-0070,12,5.0,0,SEQ_us600063ts,train
nc73298125,2019-10-28T11:01:04Z,2019,5.24,mw,9.99,41.8911667,-125.8366667,G+040-0130,19,3.8,0,SEQ_nc73298125,train
us6000645n,2019-10-29T01:04:43Z,2019,6.6,mww,15.0,6.7567,125.0082,G+000+0120,160,8.3,1,SEQ_us70005ulm,train
us7000642x,2019-10-29T01:13:35Z,2019,5.3,mb,10.0,6.5879,125.182,G+000+0120,15,6.5,1,SEQ_us70005ulm,train
us6000645y,2019-10-29T01:28:03Z,2019,5.1,mb,10.0,6.7182,124.9719,G+000+0120,10,6.6,1,SEQ_us70005ulm,train
us60006470,2019-10-29T02:42:38Z,2019,5.9,mww,10.0,6.8659,124.9846,G+000+0120,18,6.6,1,SEQ_us70005ulm,train
us700061cc,2019-10-30T20:55:27Z,2019,5.1,mww,10.0,-2.7816,28.4691,G-010+0020,19,4.2,0,SEQ_us700061cc,train
us700061e9,2019-10-31T01:11:19Z,2019,6.5,mww,10.0,6.9098,125.1782,G+000+0120,122,8.3,1,SEQ_us70005ulm,train
us700061lx,2019-10-31T15:43:59Z,2019,5.0,mb,10.0,26.158,54.7286,G+020+0050,11,3.4,0,SEQ_us700061lx,train
us70006345,2019-11-04T21:53:25Z,2019,6.1,mww,53.0,-31.8362,-71.3753,G-040-0080,294,6.1,1,SEQ_us70006345,train
us7000645k,2019-11-06T20:52:54Z,2019,5.6,mww,6.6,14.8741,122.7951,G+010+0120,51,4.6,0,SEQ_us7000645k,train
us600068w0,2019-11-07T22:47:07Z,2019,5.9,mww,20.0,37.8026,47.5814,G+030+0040,625,7.9,1,SEQ_us600068w0,train
us6000690v,2019-11-08T05:31:44Z,2019,5.3,mww,58.88,10.7611,125.6472,G+010+0120,13,3.9,0,SEQ_us6000690v,train
us6000692t,2019-11-08T09:41:14Z,2019,5.8,mww,43.0,-15.7806,-172.8512,G-020-0180,11,4.1,0,SEQ_us6000692t,train
us600069n1,2019-11-09T08:32:52Z,2019,5.5,mww,200.0,14.5086,-90.2743,G+010-0100,17,4.2,0,SEQ_us600069n1,train
us60006av9,2019-11-12T21:35:06Z,2019,5.1,mww,60.26,12.9265,-88.4934,G+010-0090,15,4.1,0,SEQ_us60006av9,train
us60006b3s,2019-11-13T16:28:52Z,2019,5.5,mww,45.0,13.6755,-90.9373,G+010-0100,147,5.4,0,SEQ_us60006b3s,train
us60006bff,2019-11-14T09:23:33Z,2019,5.1,mb,97.63,36.4665,71.5096,G+030+0070,11,2.5,0,SEQ_us60006bff,train
us60006bg4,2019-11-14T10:21:39Z,2019,5.0,mww,10.0,-8.1384,114.8864,G-010+0110,54,4.8,0,SEQ_us60006bg4,train
us60006bjl,2019-11-14T16:17:40Z,2019,7.1,mww,33.0,1.6213,126.4156,G+000+0120,41,5.8,0,SEQ_us60006bjl,development
us60006c5a,2019-11-15T17:16:42Z,2019,5.2,mww,13.68,-34.0029,-72.2462,G-040-0080,12,5.8,0,SEQ_us60006c5a,train
us70006937,2019-11-17T08:39:09Z,2019,5.0,mww,10.0,32.6609,-4.2534,G+030-0010,33,5.8,0,SEQ_us70006937,train
us700069ai,2019-11-17T23:55:49Z,2019,5.0,mww,66.32,13.4448,145.28,G+010+0140,60,4.6,0,SEQ_us70005vys,train
us700069f4,2019-11-18T13:22:10Z,2019,5.9,mww,14.45,7.6222,124.9103,G+000+0120,102,7.4,1,SEQ_us70005ulm,train
us700069vd,2019-11-19T13:30:55Z,2019,5.0,mww,10.0,29.3228,81.1433,G+020+0080,21,4.2,0,SEQ_us700069vd,train
us70006a4q,2019-11-19T23:10:40Z,2019,5.7,mww,10.0,-33.6399,-66.8723,G-040-0070,74,4.5,0,SEQ_us70006a4q,train
us70006a6q,2019-11-20T04:27:05Z,2019,6.3,mww,15.0,13.8859,-93.2068,G+010-0100,60,5.5,0,SEQ_us70006a6q,train
us70006anm,2019-11-20T21:03:57Z,2019,5.7,mww,10.0,19.4452,101.2534,G+010+0100,121,5.8,0,SEQ_us70006anm,train
us70006ara,2019-11-20T23:50:43Z,2019,6.2,mww,10.0,19.4533,101.3558,G+010+0100,385,4.9,0,SEQ_us70006anm,train
us70006bz9,2019-11-22T22:27:31Z,2019,5.0,mww,103.75,-32.7003,-70.0996,G-040-0080,60,6.0,1,SEQ_us70006bz9,train
us70006c81,2019-11-23T16:34:43Z,2019,5.8,mww,120.5,-37.3696,177.2566,G-040+0170,11,4.2,0,SEQ_us70006c81,train
us70006cl3,2019-11-25T01:18:22Z,2019,5.0,mww,10.0,22.951,106.6881,G+020+0100,19,5.9,0,SEQ_us70006cl3,train
us70006d0m,2019-11-26T02:54:12Z,2019,6.4,mww,22.0,41.5138,19.5256,G+040+0010,786,9.1,1,SEQ_us70006d0m,train
us70006d0w,2019-11-26T03:02:59Z,2019,5.3,mb,10.0,41.422,19.6383,G+040+0010,83,6.9,1,SEQ_us70006d0m,train
us70006d2z,2019-11-26T06:08:21Z,2019,5.5,mww,10.0,41.5708,19.4242,G+040+0010,26,7.2,1,SEQ_us70006d0m,train
us70006d4h,2019-11-26T09:19:25Z,2019,5.3,mww,10.0,43.2235,17.9118,G+040+0010,185,6.8,1,SEQ_us70006d4h,development
us70006d5e,2019-11-26T11:05:57Z,2019,5.3,mww,60.78,19.2269,94.9378,G+010+0090,11,4.6,0,SEQ_us70006d5e,train
us70006dlt,2019-11-27T07:23:42Z,2019,6.0,mww,69.0,35.7174,23.2284,G+030+0020,108,5.7,0,SEQ_us70006dlt,train
us70006dsc,2019-11-27T14:45:23Z,2019,5.3,mww,10.0,41.5498,19.4787,G+040+0010,24,6.0,1,SEQ_us70006d0m,train
us70006e6m,2019-11-28T14:39:13Z,2019,5.2,mww,10.0,23.1791,96.0354,G+020+0090,16,3.8,0,SEQ_us70006e6m,train
us70006eqm,2019-11-30T07:44:21Z,2019,5.7,mww,19.0,13.8429,-91.893,G+010-0100,28,4.7,0,SEQ_us70006eqm,train
us70006fh0,2019-12-03T07:29:30Z,2019,5.3,mww,10.0,-20.9138,-70.7619,G-030-0080,24,4.8,0,SEQ_us70006fh0,train
us70006fh7,2019-12-03T08:46:35Z,2019,6.0,mww,38.0,-18.5042,-70.576,G-020-0080,58,4.4,0,SEQ_us70006fh7,train
us60006lu8,2019-12-04T01:38:55Z,2019,5.0,mb,26.94,36.8425,140.4263,G+030+0140,66,5.0,0,SEQ_us60006lu8,train
us60006m8p,2019-12-05T03:23:19Z,2019,5.2,mww,35.03,-13.6781,-76.0687,G-020-0080,31,6.5,1,SEQ_us60006m8p,train
us60006p4t,2019-12-09T06:12:23Z,2019,5.0,mww,10.0,19.0781,-80.4369,G+010-0090,96,4.5,0,SEQ_us60006p4t,train
us60006pm8,2019-12-09T23:58:02Z,2019,5.2,mww,31.52,-38.8288,177.9684,G-040+0170,10,4.1,0,SEQ_us60006pm8,train
us60006pxs,2019-12-10T21:58:28Z,2019,5.4,mww,57.87,35.4972,26.4467,G+030+0020,11,5.3,0,SEQ_us60006pxs,development
us60006rp9,2019-12-15T06:11:51Z,2019,6.8,mww,18.0,6.6969,125.1739,G+000+0120,187,7.9,1,SEQ_us60006rp9,train
us60006s4x,2019-12-16T11:25:56Z,2019,5.0,mb,35.0,24.4963,121.8014,G+020+0120,29,3.8,0,SEQ_us60006s4x,train
us60006sjw,2019-12-17T06:07:17Z,2019,5.0,mb,10.0,6.6151,125.1607,G+000+0120,11,6.1,1,SEQ_us60006rp9,train
us60006st8,2019-12-17T20:18:05Z,2019,5.4,mww,14.28,6.4554,125.527,G+000+0120,35,5.9,0,SEQ_us60006rp9,train
ak019g6hzf53,2019-12-18T21:52:04Z,2019,5.1,mww,2.0,58.5347,-137.6983,G+050-0140,250,4.0,0,SEQ_ak019g6hzf53,train
us70006nbm,2019-12-19T06:21:33Z,2019,5.1,mww,49.32,40.5559,142.066,G+040+0140,14,4.6,0,SEQ_us70006nbm,development
us70006ng5,2019-12-19T12:35:31Z,2019,5.9,mww,21.0,13.7354,-91.2255,G+010-0100,45,4.5,0,SEQ_us70006eqm,train
us70006nih,2019-12-19T15:25:58Z,2019,5.5,mww,10.0,1.8052,8.184,G+000+0000,14,3.8,0,SEQ_us70006nih,train
us70006p18,2019-12-20T11:39:52Z,2019,6.1,mww,212.0,36.5374,70.4555,G+030+0070,249,5.6,0,SEQ_us70006p18,development
us70006q8n,2019-12-23T19:49:43Z,2019,6.0,mww,10.0,50.6071,-129.9372,G+050-0130,13,4.3,0,SEQ_us70006q8n,train
us70006q96,2019-12-23T20:56:23Z,2019,6.0,mww,10.0,50.5169,-129.7573,G+050-0130,18,4.8,0,SEQ_us70006q8n,train
us70006qnn,2019-12-24T19:03:52Z,2019,6.0,mww,11.0,3.5359,-74.0176,G+000-0080,242,6.7,1,SEQ_us70006qnn,train
us70006qp1,2019-12-24T19:19:03Z,2019,5.7,mww,10.0,3.4502,-74.1034,G+000-0080,67,4.6,0,SEQ_us70006qnn,train
us70006qsp,2019-12-25T02:11:23Z,2019,5.0,mb,10.0,3.419,-73.9867,G+000-0080,10,4.3,0,SEQ_us70006qnn,train
us70006qt7,2019-12-25T03:36:01Z,2019,6.3,mww,6.58,50.6106,-129.963,G+050-0130,48,4.3,0,SEQ_us70006q8n,train
us70006r6e,2019-12-26T10:36:37Z,2019,5.0,mb,10.0,30.9647,113.4317,G+030+0110,26,3.8,0,SEQ_us70006r6e,development
pr2019363002,2019-12-29T01:06:00Z,2019,5.0,ml,6.0,17.8846,-66.864,G+010-0070,339,5.5,0,SEQ_pr2019363002,train
us70006sj8,2019-12-30T17:18:57Z,2019,5.6,mww,13.82,35.5909,74.628,G+030+0070,38,6.3,1,SEQ_us70006sj8,development
us70006t6h,2020-01-01T16:51:32Z,2020,5.0,mwr,40.88,-30.2857,-71.5582,G-040-0080,10,4.1,0,SEQ_us70006t6h,train
us70006ttf,2020-01-02T18:23:53Z,2020,5.7,mww,31.0,35.8098,141.249,G+030+0140,102,4.7,0,SEQ_us70006ttf,train
us70006u7m,2020-01-03T15:28:54Z,2020,5.5,mww,106.87,11.7392,-86.2862,G+010-0090,62,4.2,0,SEQ_us70006u7m,development
us70006uli,2020-01-04T07:18:18Z,2020,5.1,mww,317.77,-36.8551,176.9512,G-040+0170,17,4.1,0,SEQ_us70006uli,development
us70006uwq,2020-01-05T04:40:49Z,2020,5.9,mww,87.0,16.4011,-94.489,G+010-0100,98,5.9,0,SEQ_us70006uwq,train
pr2020006006,2020-01-06T10:32:18Z,2020,5.8,mwp,6.0,17.8675,-66.8193,G+010-0070,661,6.3,1,SEQ_pr2019363002,train
us70006vkq,2020-01-07T06:05:19Z,2020,6.3,mww,17.0,2.3481,96.3575,G+000+0090,13,6.5,1,SEQ_us70006vkq,train
pr2020007007,2020-01-07T08:24:27Z,2020,6.4,mw,6.0,17.9578,-66.8113,G+010-0070,1615,8.2,1,SEQ_pr2019363002,train
us70006vmj,2020-01-07T08:50:45Z,2020,5.0,mww,10.0,17.9418,-66.6754,G+010-0070,82,7.3,1,SEQ_pr2019363002,train
pr2020007010,2020-01-07T11:18:43Z,2020,5.6,mwp,9.0,18.0223,-66.776,G+010-0070,149,7.5,1,SEQ_pr2019363002,train
us70006w93,2020-01-08T08:47:44Z,2020,5.2,mww,102.05,-20.4299,-68.7106,G-030-0070,31,5.6,0,SEQ_us70006w93,train
us70006xjw,2020-01-10T15:21:21Z,2020,5.6,mww,10.0,18.4552,-105.2328,G+010-0110,13,3.4,0,SEQ_us70006xjw,train
pr2020010060,2020-01-10T22:26:25Z,2020,5.2,ml,9.0,17.935,-66.883,G+010-0070,555,5.6,0,SEQ_pr2019363002,train
pr2020011010,2020-01-11T12:54:45Z,2020,5.9,mwp,5.0,17.949,-66.8508,G+010-0070,974,6.4,1,SEQ_pr2019363002,train
us70006ye2,2020-01-11T12:56:22Z,2020,5.2,mb,10.0,17.8238,-66.7941,G+010-0070,136,7.0,1,SEQ_pr2019363002,train
us70006yps,2020-01-12T10:53:47Z,2020,5.1,mb,50.16,9.492,126.1804,G+000+0120,10,3.9,0,SEQ_us70006yps,train
us70006yzw,2020-01-13T02:01:40Z,2020,5.3,mww,167.57,-40.2487,-71.2282,G-050-0080,12,4.6,0,SEQ_us70006yzw,train
us70006zbk,2020-01-13T19:53:48Z,2020,5.0,mb,40.94,36.0821,139.9162,G+030+0130,218,4.3,0,SEQ_us70006ttf,train
us70006zgt,2020-01-14T01:57:28Z,2020,5.0,mww,109.13,-21.7351,-68.2737,G-030-0070,17,4.1,0,SEQ_us70006zgt,train
us70007035,2020-01-15T08:15:27Z,2020,5.0,mww,32.0,16.4901,-97.9016,G+010-0100,16,2.7,0,SEQ_us70007035,train
us7000704a,2020-01-15T09:45:18Z,2020,5.4,mww,36.03,-10.3544,-78.5911,G-020-0080,54,3.7,0,SEQ_us7000704a,train
pr2020015008,2020-01-15T15:36:23Z,2020,5.2,mwp,5.0,17.9155,-67.0171,G+010-0070,459,5.6,0,SEQ_pr2019363002,train
us700071ey,2020-01-17T02:07:21Z,2020,5.2,mww,17.46,16.5949,-95.0581,G+010-0100,16,3.8,0,SEQ_us70006uwq,train
us60007b1n,2020-01-20T02:25:43Z,2020,5.1,mww,156.7,13.7818,144.6194,G+010+0140,28,3.9,0,SEQ_us60007b1n,train
us60007c00,2020-01-21T09:33:56Z,2020,5.3,mww,11.06,9.043,-83.9471,G+000-0090,91,4.1,0,SEQ_us60007c00,train
us60007c1u,2020-01-21T11:25:34Z,2020,5.2,mww,11.02,9.0071,-83.9595,G+000-0090,30,3.8,0,SEQ_us60007c00,train
us60007d2r,2020-01-22T19:22:16Z,2020,5.6,mww,5.6,39.0724,27.8389,G+030+0020,178,6.1,1,SEQ_us60007d2r,development
us60007efq,2020-01-24T05:13:49Z,2020,5.3,mww,82.32,-17.3895,-71.0157,G-020-0080,42,5.0,0,SEQ_us60007efq,train
us60007ewc,2020-01-24T17:55:14Z,2020,6.7,mww,10.0,38.4312,39.0609,G+030+0030,214,7.9,1,SEQ_us60007ewc,train
us60007fmc,2020-01-25T10:45:11Z,2020,5.1,mww,86.27,-40.6341,174.5574,G-050+0170,28,4.6,0,SEQ_us60007fmc,train
pr2020025008,2020-01-25T20:20:38Z,2020,5.0,ml,13.0,18.0105,-66.8188,G+010-0070,811,5.8,0,SEQ_pr2019363002,train
us60007gyx,2020-01-27T05:02:01Z,2020,6.3,mww,21.0,-10.0929,161.0606,G-020+0160,22,5.8,0,SEQ_us60007gyx,train
us60007h8p,2020-01-27T13:28:27Z,2020,5.3,mww,10.0,29.5899,52.0467,G+020+0050,39,4.4,0,SEQ_us60007h8p,train
us60007huu,2020-01-28T01:36:03Z,2020,5.4,mww,91.0,43.5274,145.911,G+040+0140,21,4.1,0,SEQ_us60007huu,train
us60007i49,2020-01-28T11:26:15Z,2020,5.0,mww,10.0,39.1061,27.875,G+030+0020,75,5.2,0,SEQ_us60007d2r,development
us60007i7g,2020-01-28T15:24:34Z,2020,5.0,mb,10.0,29.5876,52.1306,G+020+0050,73,5.3,0,SEQ_us60007h8p,train
us60007idc,2020-01-28T19:10:24Z,2020,7.7,mww,14.86,19.4193,-78.756,G+010-0080,1052,9.0,1,SEQ_us60007idc,development
us60007ifh,2020-01-28T20:15:08Z,2020,5.1,mb,10.0,41.4656,19.5362,G+040+0010,59,7.1,1,SEQ_us60007ifh,development
us60007iig,2020-01-28T21:55:16Z,2020,6.1,mww,10.0,18.9457,-80.7411,G+010-0090,72,6.0,1,SEQ_us60007iig,train
us60007j2w,2020-01-29T13:49:49Z,2020,6.0,mww,85.0,-10.418,161.2756,G-020+0160,10,3.4,0,SEQ_us60007gyx,train
us60007juk,2020-01-30T06:47:22Z,2020,5.2,mww,13.59,16.9407,-99.9791,G+010-0100,24,4.1,0,SEQ_us60007juk,train
us60007l8m,2020-01-31T11:18:48Z,2020,5.0,mww,31.48,6.687,125.3714,G+000+0120,19,5.7,0,SEQ_us60007l8m,train
us60007lgs,2020-01-31T16:11:21Z,2020,5.2,mww,35.43,35.6513,140.7281,G+030+0140,43,3.8,0,SEQ_us70006ttf,train
us60007lia,2020-01-31T17:07:46Z,2020,5.3,mww,64.0,35.884,140.0639,G+030+0140,322,6.5,1,SEQ_us70006ttf,train
us60007p8t,2020-02-04T09:47:22Z,2020,5.1,mb,289.09,-37.708,176.6053,G-040+0170,11,4.3,0,SEQ_us60007p8t,train
pr2020035028,2020-02-04T14:45:55Z,2020,5.0,ml,7.0,17.8388,-66.8751,G+010-0070,436,6.2,1,SEQ_pr2019363002,train
us70007j6z,2020-02-05T18:12:37Z,2020,6.2,mww,592.42,-6.0817,113.0778,G-010+0110,20,3.3,0,SEQ_us70007j6z,train
us70007juj,2020-02-06T11:19:56Z,2020,5.3,mww,10.0,36.2822,141.8024,G+030+0140,24,3.4,0,SEQ_us70007juj,train
us70007leh,2020-02-08T06:17:57Z,2020,5.2,mww,108.34,-20.8279,-68.7137,G-030-0070,19,4.6,0,SEQ_us70007leh,train
us70007li1,2020-02-08T12:47:01Z,2020,5.0,mb,10.0,26.3386,90.7847,G+020+0090,37,4.8,0,SEQ_us70007li1,train
us70007nqa,2020-02-12T10:37:18Z,2020,5.2,mww,77.87,37.3216,141.3807,G+030+0140,56,4.8,0,SEQ_us70007nqa,train
us70007p6w,2020-02-13T05:50:38Z,2020,5.0,mww,10.0,-20.9437,-70.8282,G-030-0080,10,2.9,0,SEQ_us70007p6w,train
us70007pa9,2020-02-13T10:33:44Z,2020,7.0,mww,143.0,45.6161,148.959,G+040+0140,33,4.8,0,SEQ_us70007pa9,train
us70007qtx,2020-02-15T11:00:05Z,2020,5.3,mww,10.0,23.838,121.6166,G+020+0120,65,4.3,0,SEQ_us70007qtx,train
us70007rb0,2020-02-16T12:30:47Z,2020,5.1,mww,8.52,27.1286,55.7659,G+020+0050,46,5.5,0,SEQ_us70007rb0,train
us70007v29,2020-02-23T05:53:01Z,2020,5.8,mww,10.0,38.4465,44.4168,G+030+0040,16,7.3,1,SEQ_us70007v29,train
us70007v9g,2020-02-23T16:00:31Z,2020,6.0,mww,10.0,38.4958,44.3732,G+030+0040,17,7.1,1,SEQ_us70007v29,train
us70007w9l,2020-02-25T04:15:02Z,2020,5.3,mww,28.22,-8.0852,-80.0159,G-010-0090,14,4.1,0,SEQ_us70007w9l,development
us70007we1,2020-02-25T11:14:03Z,2020,5.0,mww,10.0,24.3743,121.4522,G+020+0120,25,3.8,0,SEQ_us70007qtx,train
us600084bs,2020-02-25T23:03:37Z,2020,5.0,mww,10.0,38.3489,38.7972,G+030+0030,16,4.2,0,SEQ_us600084bs,train
us600084gu,2020-02-26T07:33:12Z,2020,6.0,mww,54.0,-7.4887,131.1196,G-010+0130,19,4.6,0,SEQ_us600084gu,train
us600084lt,2020-02-26T15:04:08Z,2020,5.0,mb,10.0,32.9752,76.2474,G+030+0070,23,3.8,0,SEQ_us600084lt,development
us600087il,2020-03-01T21:19:20Z,2020,5.4,mww,10.0,11.3585,124.6838,G+010+0120,62,4.8,0,SEQ_us600087il,development
us60008bgr,2020-03-07T02:40:47Z,2020,5.2,mww,39.22,9.0114,-83.1647,G+000-0090,259,6.0,1,SEQ_us60008bgr,train
ci38385946,2020-03-07T03:52:03Z,2020,5.49,mw,9.98,31.6893333,-114.5405,G+030-0120,4973,4.8,0,SEQ_ci38385946,train
us60008brw,2020-03-07T20:58:04Z,2020,5.3,mww,4.72,32.3998,-16.8207,G+030-0020,161,4.5,0,SEQ_us60008brw,train
nc73351710,2020-03-09T02:59:08Z,2020,5.77,mw,3.19,40.3916667,-125.0936667,G+040-0130,2836,5.6,0,SEQ_nc73351710,development
us60008d3j,2020-03-10T10:18:04Z,2020,5.0,mb,10.0,-6.7852,106.6813,G-010+0100,21,7.3,1,SEQ_us60008d3j,train
us60008egj,2020-03-12T17:18:46Z,2020,5.3,mww,10.0,37.2745,136.878,G+030+0130,31,6.8,1,SEQ_us60008egj,development
us60008eru,2020-03-13T02:08:02Z,2020,5.2,mww,102.69,-19.9306,-69.2739,G-020-0070,49,5.8,0,SEQ_us60008eru,train
us60008euj,2020-03-13T04:46:40Z,2020,5.0,mww,19.17,8.3099,-82.8384,G+000-0090,23,4.1,0,SEQ_us60008bgr,train
us60008fuy,2020-03-15T01:22:16Z,2020,5.1,mww,80.22,15.0599,-92.769,G+010-0100,10,3.8,0,SEQ_us60008fuy,train
us60008gaz,2020-03-16T03:53:28Z,2020,5.0,mb,42.22,1.1616,-78.5752,G+000-0080,19,4.1,0,SEQ_us60008gaz,train
us60008gzt,2020-03-17T08:12:03Z,2020,5.6,mww,33.03,-36.1555,-73.1685,G-040-0080,142,5.2,0,SEQ_us60008gzt,train
uu60363602,2020-03-18T13:09:31Z,2020,5.7,mw,11.9,40.751,-112.0783333,G+040-0120,26376,6.7,1,SEQ_uu60363602,train
us60008hzl,2020-03-18T17:45:39Z,2020,6.2,mww,20.68,-11.0521,115.1378,G-020+0110,154,5.8,0,SEQ_us60008hzl,train
nc73355700,2020-03-18T22:08:20Z,2020,5.21,mw,28.61,40.3475,-124.4561667,G+040-0130,1489,6.4,1,SEQ_nc73351710,development
us70008cld,2020-03-20T01:33:15Z,2020,5.7,mww,10.0,28.5896,87.3081,G+020+0080,12,8.6,1,SEQ_us70008cld,train
us70008db1,2020-03-21T00:49:51Z,2020,5.7,mww,10.0,39.3567,20.6383,G+030+0020,71,6.3,1,SEQ_us70008db1,train
us70008dx7,2020-03-22T05:24:03Z,2020,5.3,mww,10.0,45.9072,15.9697,G+040+0010,851,7.5,1,SEQ_us70008dx7,train
us70008fi4,2020-03-25T02:49:21Z,2020,7.5,mww,57.8,48.9638,157.6955,G+040+0150,25,5.5,0,SEQ_us70008fi4,train
us70008g9a,2020-03-26T07:09:25Z,2020,5.0,mww,10.0,35.868,5.7575,G+030+0000,43,6.1,1,SEQ_us70008g9a,train
us70008ggn,2020-03-26T15:16:27Z,2020,5.0,mww,9.51,31.7168,-104.0419,G+030-0110,1468,5.3,0,SEQ_us70008ggn,train
us70008ghw,2020-03-26T15:38:04Z,2020,6.1,mww,59.0,5.5669,125.0521,G+000+0120,33,6.3,1,SEQ_us70008ghw,train
us70008hwi,2020-03-28T17:48:16Z,2020,5.8,mww,84.0,-17.8156,168.3388,G-020+0160,23,5.9,0,SEQ_us70008hwi,train
us70008jr5,2020-03-31T23:52:30Z,2020,6.5,mww,12.06,44.4646,-115.1175,G+040-0120,23163,7.6,1,SEQ_us70008jr5,development
us70008l5g,2020-04-02T02:13:11Z,2020,5.5,mww,16.19,-7.9349,125.7018,G-010+0120,21,2.7,0,SEQ_us70008l5g,train
us70008qcr,2020-04-07T03:26:51Z,2020,5.0,mww,20.13,11.6591,-61.1271,G+010-0070,56,4.6,0,SEQ_us70008qcr,train
us70008tc8,2020-04-10T16:44:56Z,2020,5.9,mww,160.0,20.4677,122.1097,G+020+0120,26,6.2,1,SEQ_us70008tc8,train
us70008tn9,2020-04-11T03:19:19Z,2020,5.2,mww,10.0,28.1007,142.67,G+020+0140,19,4.8,0,SEQ_us70008tn9,train
nc73367270,2020-04-11T14:36:37Z,2020,5.24,mw,8.45,38.0525,-118.7333333,G+030-0120,1739,6.0,1,SEQ_nc73367270,train
us70008wkb,2020-04-15T07:11:04Z,2020,5.0,mb,10.0,-19.8545,148.77,G-020+0140,55,4.1,0,SEQ_us70008wkb,train
us70008wpb,2020-04-15T10:59:28Z,2020,5.7,mww,53.0,9.0335,-74.4338,G+000-0080,45,6.5,1,SEQ_us70008wpb,train
us70008xeb,2020-04-16T08:04:37Z,2020,6.1,mww,12.0,16.9591,-85.6851,G+010-0090,144,5.4,0,SEQ_us70008xeb,development
us70008xhp,2020-04-16T11:45:23Z,2020,5.9,mww,10.0,22.8004,94.0292,G+020+0090,35,5.6,0,SEQ_us70008xhp,train
us70008xxx,2020-04-16T21:22:29Z,2020,5.3,mww,10.0,26.0062,128.5665,G+020+0120,14,2.9,0,SEQ_us70008xxx,train
us70008z89,2020-04-18T08:25:37Z,2020,6.6,mww,453.0,27.1264,140.1349,G+020+0140,41,3.8,0,SEQ_us70008z89,train
us7000903m,2020-04-19T20:39:05Z,2020,6.3,mww,38.0,38.8953,142.0049,G+030+0140,44,6.3,1,SEQ_us7000903m,train
us60009abc,2020-04-23T04:44:23Z,2020,5.2,mww,10.0,36.1663,137.7785,G+030+0130,10,3.4,0,SEQ_us60009abc,development
us60009cyg,2020-04-26T22:52:11Z,2020,5.0,mww,78.44,-44.9222,167.543,G-050+0160,15,4.1,0,SEQ_us60009cyg,development
us700097e2,2020-04-30T08:20:26Z,2020,5.0,mww,17.12,1.2299,99.5995,G+000+0090,38,4.1,0,SEQ_us700097e2,train
pr2020123010,2020-05-02T11:13:18Z,2020,5.4,mwp,9.0,17.937,-66.7266,G+010-0070,708,7.4,1,SEQ_pr2020123010,development
us700098qd,2020-05-02T12:51:05Z,2020,6.5,mww,10.0,34.1818,25.7101,G+030+0020,39,7.1,1,SEQ_us700098qd,train
us7000993j,2020-05-03T00:44:26Z,2020,5.7,mww,184.17,-15.2734,-70.4586,G-020-0080,49,4.1,0,SEQ_us7000993j,train
us7000995h,2020-05-03T03:24:41Z,2020,5.2,mww,41.81,23.2553,121.5859,G+020+0120,42,4.2,0,SEQ_us7000995h,train
us700099b2,2020-05-03T11:54:24Z,2020,5.9,mww,10.0,31.404,128.8393,G+030+0120,22,3.8,0,SEQ_us700099b2,train
us700099s8,2020-05-04T13:07:48Z,2020,5.6,mww,42.42,35.6865,140.8749,G+030+0140,110,4.5,0,SEQ_us700099s8,train
us70009aif,2020-05-05T16:57:08Z,2020,5.1,mww,71.19,35.5589,140.0548,G+030+0140,224,4.5,0,SEQ_us700099s8,train
us70009b14,2020-05-06T13:53:55Z,2020,6.8,mww,96.0,-6.7761,129.7852,G-010+0120,62,4.3,0,SEQ_us70009b14,train
us70009b5z,2020-05-06T15:43:12Z,2020,5.1,mwr,63.51,-19.3548,-70.4824,G-020-0080,13,3.9,0,SEQ_us70009b5z,train
us70009bh6,2020-05-07T00:49:10Z,2020,5.3,mww,22.82,-5.7102,-76.6878,G-010-0080,26,5.3,0,SEQ_us70009bh6,train
us70009dg1,2020-05-09T19:18:13Z,2020,5.3,mww,99.16,14.0741,120.4703,G+010+0120,166,6.6,1,SEQ_us70009dg1,train
us70009drp,2020-05-10T18:04:21Z,2020,5.4,mww,107.3,-22.7558,-68.0677,G-030-0070,13,3.8,0,SEQ_us70009drp,development
us70009dus,2020-05-10T23:58:33Z,2020,5.8,mww,31.0,36.3571,141.1273,G+030+0140,98,4.3,0,SEQ_us700099s8,train
us70009eqd,2020-05-12T15:10:34Z,2020,5.0,mb,73.18,-10.5939,-78.1705,G-020-0080,23,3.7,0,SEQ_us70009eqd,development
nn00725272,2020-05-15T11:03:27Z,2020,6.5,ml,2.7,38.1689,-117.8497,G+030-0120,11961,6.7,1,SEQ_nn00725272,train
nn00725291,2020-05-15T11:26:01Z,2020,5.1,ml,6.8,38.1811,-117.8711,G+030-0120,170,6.8,1,SEQ_nn00725272,train
us70009jbz,2020-05-18T03:00:38Z,2020,5.0,mww,46.75,38.2166,141.676,G+030+0140,20,4.8,0,SEQ_us7000903m,train
us70009jgy,2020-05-18T07:02:34Z,2020,5.3,mww,10.0,40.8483,-127.1918,G+040-0130,51,3.1,0,SEQ_us70009jgy,train
us70009kc6,2020-05-19T03:17:13Z,2020,5.1,mww,44.28,37.6158,141.2772,G+030+0140,37,4.1,0,SEQ_us7000903m,train
us70009kd9,2020-05-19T04:12:59Z,2020,5.2,mww,10.0,36.2846,137.6865,G+030+0130,15,6.9,1,SEQ_us60009abc,development
nn00729332,2020-05-20T12:36:53Z,2020,5.0,ml,11.7,38.2012,-117.7453,G+030-0120,47,3.8,0,SEQ_nn00725272,train
nn00730721,2020-05-22T00:22:00Z,2020,5.1,ml,7.2,38.2309,-117.7939,G+030-0120,108,4.6,0,SEQ_nn00725272,train
us70009n5p,2020-05-22T08:46:06Z,2020,6.1,mww,10.0,22.4152,-108.1275,G+020-0110,15,4.6,0,SEQ_us70009n5p,train
us70009npa,2020-05-22T19:33:07Z,2020,5.0,mww,53.62,27.2683,128.4927,G+020+0120,14,4.0,0,SEQ_us70009npa,train
us70009nx5,2020-05-23T02:10:27Z,2020,5.2,mww,43.46,15.6287,121.5658,G+010+0120,37,4.3,0,SEQ_us70009nx5,development
us70009p3k,2020-05-23T13:11:00Z,2020,5.2,mww,114.41,-33.5124,-69.8262,G-040-0070,58,5.3,0,SEQ_us70009p3k,train
us70009pku,2020-05-24T19:53:32Z,2020,5.6,mww,46.0,-40.3778,174.9573,G-050+0170,35,6.4,1,SEQ_us70009pku,train
us70009q28,2020-05-25T14:42:17Z,2020,5.1,mww,57.89,24.3856,93.9197,G+020+0090,68,5.0,0,SEQ_us70009q28,train
us6000a0t7,2020-05-28T05:17:29Z,2020,5.1,mww,77.46,16.6027,120.3749,G+010+0120,41,5.4,0,SEQ_us6000a0t7,train
us6000a316,2020-05-31T05:09:38Z,2020,6.1,mww,186.0,-15.3256,-70.7731,G-020-0080,91,5.0,0,SEQ_us7000993j,train
us6000a3az,2020-05-31T21:02:11Z,2020,5.2,mww,98.61,36.2034,140.3648,G+030+0140,151,5.3,0,SEQ_us700099s8,train
us6000a4yi,2020-06-03T07:35:36Z,2020,6.8,mww,112.0,-23.274,-68.4677,G-030-0070,210,5.9,0,SEQ_us70009drp,development
usd000crm9,2020-06-03T15:54:04Z,2020,5.7,mww,639.88,-7.0058,116.9276,G-010+0110,17,3.8,0,SEQ_usd000crm9,development
ci39462536,2020-06-04T01:32:11Z,2020,5.51,mw,8.44,35.6148333,-117.4281667,G+030-0120,10014,7.9,1,SEQ_ci39462536,development
us6000a5r3,2020-06-04T08:49:40Z,2020,6.4,mww,112.86,2.911,128.248,G+000+0120,10,5.0,0,SEQ_us6000a5r3,train
us6000a74v,2020-06-06T10:55:41Z,2020,5.7,mww,10.0,-16.7247,177.346,G-020+0170,33,3.6,0,SEQ_us6000a74v,train
us6000a8nh,2020-06-09T17:18:14Z,2020,5.7,mww,10.0,27.7199,53.4201,G+020+0050,15,7.3,1,SEQ_us6000a8nh,train
us6000abcq,2020-06-13T15:51:24Z,2020,6.6,mww,165.0,28.8591,128.2713,G+020+0120,138,4.6,0,SEQ_us6000abcq,train
us6000abge,2020-06-13T20:18:59Z,2020,5.4,mww,53.65,24.3098,122.4669,G+020+0120,13,4.1,0,SEQ_us6000abge,train
us6000abnv,2020-06-14T14:24:29Z,2020,5.9,mww,10.0,39.4229,40.7073,G+030+0040,14,7.6,1,SEQ_us6000abnv,train
us6000abp7,2020-06-14T14:43:08Z,2020,5.1,mb,10.0,23.3821,70.3548,G+020+0070,434,5.4,0,SEQ_us6000abp7,train
us6000ac28,2020-06-15T06:51:31Z,2020,5.5,mww,10.0,39.4226,40.7479,G+030+0040,10,7.0,1,SEQ_us6000abnv,train
us6000ack0,2020-06-16T01:30:48Z,2020,5.6,mww,127.0,37.8342,72.2035,G+030+0070,21,4.7,0,SEQ_us6000ack0,train
us6000acva,2020-06-16T14:30:26Z,2020,5.5,mww,10.0,27.3437,34.7204,G+020+0030,24,3.8,0,SEQ_us6000acva,train
us6000ae4n,2020-06-18T12:49:53Z,2020,7.4,mww,10.0,-33.2927,-177.8571,G-040-0180,47,6.6,1,SEQ_us6000ae4n,train
us6000ag1n,2020-06-21T19:33:08Z,2020,5.2,mww,86.6,-8.9211,110.9498,G-010+0110,28,4.8,0,SEQ_us6000ag1n,train
us6000ag4u,2020-06-21T22:40:52Z,2020,5.6,mww,10.84,23.1449,93.2856,G+020+0090,52,3.9,0,SEQ_us6000ag4u,train
us6000ah9t,2020-06-23T15:29:04Z,2020,7.4,mww,20.0,15.8861,-96.0077,G+010-0100,643,7.7,1,SEQ_us6000ah9t,train
us6000ahcr,2020-06-23T17:50:26Z,2020,5.9,mb,65.38,13.9998,145.587,G+010+0140,32,5.0,0,SEQ_us6000ahcr,train
ci39493944,2020-06-24T17:40:49Z,2020,5.8,mw,4.66,36.4468333,-117.9751667,G+030-0120,8278,5.8,0,SEQ_ci39493944,train
us7000aabt,2020-06-24T19:47:45Z,2020,5.9,mww,29.05,35.4711,141.0738,G+030+0140,321,5.6,0,SEQ_us7000aabt,development
us7000aag4,2020-06-24T22:20:02Z,2020,5.6,mww,10.8,-44.6494,167.4756,G-050+0160,15,4.4,0,SEQ_us7000aag4,train
us7000ab22,2020-06-25T11:55:04Z,2020,5.2,mww,35.0,-32.2257,-71.6188,G-040-0080,34,5.0,0,SEQ_us7000ab22,train
us7000abmk,2020-06-25T21:05:18Z,2020,6.3,mww,10.0,35.5948,82.4158,G+030+0080,22,8.2,1,SEQ_us7000abmk,train
us7000abxv,2020-06-26T07:21:12Z,2020,5.2,mww,10.0,38.7898,27.7934,G+030+0020,26,7.3,1,SEQ_us7000abxv,train
us7000adtk,2020-06-28T17:43:28Z,2020,5.4,mww,63.0,36.7481,28.2482,G+030+0020,60,5.5,0,SEQ_us7000adtk,train
nn00755218,2020-06-30T09:24:23Z,2020,5.0,ml,8.3,38.1539,-117.9583,G+030-0120,60,4.8,0,SEQ_nn00755218,train
pr2020185017,2020-07-03T20:49:45Z,2020,5.3,mwp,3.0,17.8995,-67.0048,G+010-0070,346,7.2,1,SEQ_pr2020185017,development
us7000ahv9,2020-07-04T09:53:00Z,2020,5.4,mww,10.0,39.0341,70.9225,G+030+0070,12,5.0,0,SEQ_us7000ahv9,train
us7000aj3w,2020-07-06T22:54:47Z,2020,6.6,mww,533.76,-5.6023,110.6893,G-010+0110,32,4.3,0,SEQ_us7000aj3w,train
us7000aja4,2020-07-07T04:44:13Z,2020,5.1,mww,96.85,-6.3146,106.3418,G-010+0100,11,4.6,0,SEQ_us7000aja4,train
us7000amar,2020-07-12T15:08:49Z,2020,5.1,mww,10.0,9.4142,-69.8602,G+000-0070,86,4.6,0,SEQ_us7000amar,train
us7000apd0,2020-07-15T21:39:40Z,2020,5.8,mww,6.59,7.4645,-81.91,G+000-0090,24,7.2,1,SEQ_us7000apd0,train
us7000aq3e,2020-07-17T02:50:22Z,2020,7.0,mww,73.0,-7.836,147.7704,G-010+0140,103,6.4,1,SEQ_us7000aq3e,train
us7000aq5p,2020-07-17T05:40:36Z,2020,5.9,mww,73.56,-20.2355,-70.1328,G-030-0080,170,6.9,1,SEQ_us7000aq5p,train
us7000assn,2020-07-22T03:16:36Z,2020,5.1,mww,98.7,11.0149,-72.4162,G+010-0080,26,4.6,0,SEQ_us7000assn,train
us7000asvb,2020-07-22T06:12:44Z,2020,7.8,mww,28.0,55.0715,-158.596,G+050-0160,195,9.1,1,SEQ_us7000asvb,train
us7000at13,2020-07-22T11:33:24Z,2020,5.0,mwr,10.0,49.0995,-129.0303,G+040-0130,31,3.4,0,SEQ_us7000at13,train
us6000b4dl,2020-07-26T12:52:29Z,2020,5.2,mww,56.29,24.2781,122.4614,G+020+0120,19,3.4,0,SEQ_us6000b4dl,train
us6000b4ug,2020-07-27T17:32:45Z,2020,5.8,mww,43.39,9.0183,126.2681,G+000+0120,27,7.7,1,SEQ_us6000b4ug,train
us6000b4yh,2020-07-27T19:34:37Z,2020,5.5,mww,37.48,54.9365,-160.3108,G+050-0170,10,4.3,0,SEQ_us6000b4yh,train
us6000b56k,2020-07-28T08:03:43Z,2020,6.1,mww,35.15,54.7905,-161.2041,G+050-0170,17,5.5,0,SEQ_us6000b4yh,train
us6000b7w3,2020-08-01T08:25:26Z,2020,5.1,mww,79.63,-16.344,-72.6021,G-020-0080,13,4.1,0,SEQ_us6000b7w3,development
us6000b8cq,2020-08-02T14:15:47Z,2020,5.4,mww,120.66,-5.1005,145.3651,G-010+0140,13,3.8,0,SEQ_us6000b8cq,train
us6000b8pf,2020-08-03T11:56:52Z,2020,5.5,mww,101.56,-19.5898,-69.1855,G-020-0070,42,4.4,0,SEQ_us6000b8pf,train
us6000b9t8,2020-08-05T17:54:02Z,2020,5.3,mww,28.0,36.1405,141.8415,G+030+0140,19,3.4,0,SEQ_us6000b9t8,train
us6000bag6,2020-08-07T06:15:37Z,2020,5.0,mww,10.0,36.5497,6.2708,G+030+0000,19,6.0,1,SEQ_us6000bag6,train
se60324281,2020-08-09T12:07:37Z,2020,5.1,mw,4.14,36.4743333,-81.0865,G+030-0090,66721,6.4,1,SEQ_se60324281,train
us6000bbh7,2020-08-09T12:42:13Z,2020,5.5,mww,10.0,0.9296,-27.7257,G+000-0030,97,0.0,0,SEQ_us6000bbh7,train
us6000bbu3,2020-08-10T14:13:27Z,2020,5.7,mww,10.0,16.8638,-85.8536,G+010-0090,84,5.4,0,SEQ_us6000bbu3,train
us6000bdg8,2020-08-12T17:13:16Z,2020,6.0,mww,17.55,-7.3327,39.8126,G-010+0030,213,4.3,0,SEQ_us6000bdg8,train
us6000be26,2020-08-13T14:54:54Z,2020,5.1,mww,10.0,-7.3547,39.8115,G-010+0030,11,4.1,0,SEQ_us6000bdg8,train
us6000bff9,2020-08-16T03:18:50Z,2020,5.1,mww,60.36,-19.2414,-70.2937,G-020-0080,16,4.3,0,SEQ_us6000bff9,train
ci39347679,2020-08-17T15:30:33Z,2020,5.12,mw,16.22,31.5366667,-115.6613333,G+030-0120,744,4.3,0,SEQ_ci39347679,train
us6000bgbr,2020-08-18T00:03:48Z,2020,6.6,mww,10.0,12.0257,124.1272,G+010+0120,128,8.9,1,SEQ_us6000bgbr,development
us6000bgvl,2020-08-18T22:23:59Z,2020,6.8,mww,22.0,-4.3217,101.1347,G-010+0100,10,4.8,0,SEQ_us6000bgvl,development
us6000bi4p,2020-08-21T04:09:51Z,2020,6.9,mww,624.0,-6.71,123.4649,G-010+0120,38,4.3,0,SEQ_us6000bi4p,train
us7000bcbv,2020-08-24T21:51:09Z,2020,6.0,mww,20.0,9.5785,-84.6376,G+000-0090,91,5.7,0,SEQ_us7000bcbv,train
us7000bcgc,2020-08-25T05:18:11Z,2020,5.5,mww,28.0,-4.0329,-80.815,G-010-0090,17,5.3,0,SEQ_us7000bcgc,train
us7000beek,2020-08-28T15:47:05Z,2020,5.6,mww,10.0,-36.8973,177.1856,G-040+0170,16,4.6,0,SEQ_us7000beek,train
us7000bfjr,2020-09-01T04:09:28Z,2020,6.8,mww,21.0,-27.9686,-71.3062,G-030-0080,204,5.5,0,SEQ_us7000bfjr,train
us7000bg4v,2020-09-01T21:09:17Z,2020,6.5,mww,16.0,-27.9162,-71.3701,G-030-0080,44,5.5,0,SEQ_us7000bfjr,train
us7000bi01,2020-09-04T17:45:21Z,2020,5.6,mww,13.17,8.3579,-82.9722,G+000-0090,19,7.1,1,SEQ_us7000bi01,train
us7000biqb,2020-09-06T01:16:58Z,2020,6.3,mww,30.0,-30.3388,-71.4912,G-040-0080,115,5.8,0,SEQ_us7000biqb,train
us7000biyd,2020-09-06T15:23:43Z,2020,6.3,mww,120.0,6.2693,125.8285,G+000+0120,37,5.4,0,SEQ_us7000biyd,train
us7000bj2h,2020-09-06T21:33:49Z,2020,5.1,mww,31.19,36.6583,141.5674,G+030+0140,14,3.4,0,SEQ_us7000bj2h,train
us7000bj2i,2020-09-06T21:34:26Z,2020,5.3,mww,10.0,36.9796,55.1103,G+030+0050,22,4.9,0,SEQ_us7000bj2i,train
us7000bjiq,2020-09-08T02:58:14Z,2020,5.0,mww,57.7,27.0437,127.8829,G+020+0120,22,3.1,0,SEQ_us7000bjiq,train
us7000blm2,2020-09-11T07:35:57Z,2020,6.2,mww,51.0,-21.3968,-69.9096,G-030-0070,149,6.8,1,SEQ_us7000blm2,train
us7000bm9m,2020-09-12T02:44:11Z,2020,6.1,mww,34.0,38.7482,142.2446,G+030+0140,49,5.3,0,SEQ_us7000bm9m,train
us7000bnsh,2020-09-15T23:34:03Z,2020,5.3,mb,10.0,27.8464,85.8765,G+020+0080,186,4.6,0,SEQ_us7000bnsh,train
us7000bp7s,2020-09-17T01:13:59Z,2020,5.2,mww,95.58,15.2631,-92.4356,G+010-0100,10,4.2,0,SEQ_us7000bp7s,train
us7000bpvt,2020-09-18T16:28:17Z,2020,5.9,mww,44.0,35.0368,25.3034,G+030+0020,41,4.2,0,SEQ_us7000bpvt,train
us6000bzek,2020-09-21T18:04:57Z,2020,5.5,mww,10.0,51.8569,103.4802,G+050+0100,46,6.8,1,SEQ_us6000bzek,train
us6000c1rq,2020-09-26T22:50:25Z,2020,5.4,mww,10.38,39.9847,24.3349,G+030+0020,76,7.0,1,SEQ_us6000c1rq,train
us6000c1w6,2020-09-27T09:40:56Z,2020,5.3,mww,109.83,14.2028,-90.7908,G+010-0100,45,4.6,0,SEQ_us6000c1w6,train
us6000c1yn,2020-09-27T17:27:42Z,2020,5.0,mww,10.0,34.1448,78.1519,G+030+0070,11,4.7,0,SEQ_us6000c1yn,train
us6000c30f,2020-09-30T04:37:20Z,2020,5.0,mww,106.01,24.8826,122.0753,G+020+0120,16,3.8,0,SEQ_us6000c30f,train
us6000c5i4,2020-10-04T18:16:53Z,2020,5.6,mww,121.0,13.6082,120.7526,G+010+0120,49,6.1,1,SEQ_us6000c5i4,train
us6000c5zm,2020-10-06T05:54:50Z,2020,5.9,mww,31.0,54.8508,-159.8514,G+050-0160,13,4.6,0,SEQ_us6000c5zm,train
pr2020281016,2020-10-07T18:24:34Z,2020,5.3,ml,10.0,18.174,-64.1781,G+010-0070,254,5.3,0,SEQ_pr2020281016,train
us6000c6mu,2020-10-08T07:35:32Z,2020,6.3,mww,106.0,-6.0942,146.1738,G-010+0140,28,6.9,1,SEQ_us6000c6mu,train
us6000c7ce,2020-10-10T17:38:00Z,2020,5.5,mww,53.0,24.6661,93.4997,G+020+0090,87,4.8,0,SEQ_us6000c7ce,train
us6000c7nd,2020-10-12T04:11:27Z,2020,5.2,mww,10.0,35.6445,26.2467,G+030+0020,13,3.8,0,SEQ_us6000c7nd,development
us6000c7q4,2020-10-12T06:06:55Z,2020,5.1,mww,100.9,14.5717,-91.7423,G+010-0100,17,4.1,0,SEQ_us6000c7q4,train
us6000c8v2,2020-10-16T20:06:27Z,2020,5.4,mww,62.32,13.6785,120.2608,G+010+0120,55,5.8,0,SEQ_us6000c5i4,train
us6000c9hg,2020-10-19T20:54:38Z,2020,7.6,mww,28.37,54.602,-159.6258,G+050-0160,321,8.6,1,SEQ_us6000c5zm,train
us6000ca0k,2020-10-20T13:43:17Z,2020,5.6,mww,10.0,64.0134,-22.1508,G+060-0030,91,4.6,0,SEQ_us6000ca0k,train
us6000cckl,2020-10-24T11:34:17Z,2020,5.0,mww,10.0,35.7462,48.9355,G+030+0040,18,4.1,0,SEQ_us6000cckl,train
us6000cctq,2020-10-25T00:56:45Z,2020,5.4,mww,43.0,-7.9934,107.9821,G-010+0100,13,5.2,0,SEQ_us6000cctq,development
us6000ccys,2020-10-25T12:47:58Z,2020,5.1,mww,67.22,14.765,-92.5894,G+010-0100,12,4.1,0,SEQ_us6000c7q4,train
us6000cd2g,2020-10-25T21:17:14Z,2020,5.3,mww,10.0,-20.0026,-70.9641,G-030-0080,16,3.1,0,SEQ_us6000cd2g,train
us7000c6lj,2020-10-28T04:52:32Z,2020,5.5,mww,57.62,-34.8887,-71.6926,G-040-0080,130,4.8,0,SEQ_us7000c6lj,train
us7000c6u9,2020-10-28T14:53:11Z,2020,5.8,mww,50.0,-29.3186,-71.2397,G-030-0080,43,5.4,0,SEQ_us7000c6u9,development
us7000c7y0,2020-10-30T11:51:27Z,2020,7.0,mww,21.0,37.8973,26.7838,G+030+0020,711,7.4,1,SEQ_us7000c7y0,development
us7000c8va,2020-11-01T03:43:20Z,2020,5.7,mww,182.0,-7.0719,129.2407,G-010+0120,17,3.8,0,SEQ_us7000c8va,train
us7000c8w9,2020-11-01T05:01:09Z,2020,5.1,mww,72.07,10.0129,-84.0616,G+010-0090,65,5.2,0,SEQ_us7000c8w9,train
us7000cbr2,2020-11-07T09:27:05Z,2020,6.2,mww,34.0,-15.2458,-173.5276,G-020-0180,13,4.1,0,SEQ_us7000cbr2,train
us7000cd8k,2020-11-11T03:54:14Z,2020,5.0,mww,10.0,41.6751,20.7949,G+040+0020,210,5.4,0,SEQ_us7000cd8k,development
nn00782942,2020-11-13T09:13:51Z,2020,5.3,ml,4.8,38.1693,-117.8533,G+030-0120,215,4.3,0,SEQ_nn00782942,train
us7000cet5,2020-11-14T02:56:55Z,2020,5.5,mww,12.04,30.3659,67.435,G+030+0060,21,8.2,1,SEQ_us7000cet5,train
us7000cfes,2020-11-15T22:37:43Z,2020,6.0,mww,43.0,8.7572,126.2914,G+000+0120,22,6.1,1,SEQ_us7000cfes,train
us6000cr45,2020-11-21T02:11:48Z,2020,5.5,mww,51.0,-30.9181,-71.4511,G-040-0080,32,6.4,1,SEQ_us6000cr45,train
us6000crcq,2020-11-22T00:54:56Z,2020,6.1,mww,22.0,-34.5978,-73.0596,G-040-0080,186,4.9,0,SEQ_us6000crcq,train
us6000crds,2020-11-22T03:53:08Z,2020,5.1,mww,10.0,36.6442,6.8625,G+030+0000,45,6.0,1,SEQ_us6000crds,train
us6000crfr,2020-11-22T10:05:53Z,2020,5.5,mww,33.0,36.5889,141.1105,G+030+0140,122,6.0,1,SEQ_us6000crfr,train
us6000crvb,2020-11-24T00:00:27Z,2020,5.2,mww,85.09,13.7662,145.6449,G+010+0140,40,4.3,0,SEQ_us6000crvb,train
us7000ckx5,2020-11-29T16:40:43Z,2020,5.8,mww,8.0,-23.2591,-65.0281,G-030-0070,11,4.2,0,SEQ_us7000ckx5,train
us7000clbs,2020-11-30T22:55:03Z,2020,6.3,mww,189.0,-24.3221,-67.0048,G-030-0070,19,5.0,0,SEQ_us7000clbs,train
us7000clnv,2020-12-01T16:22:39Z,2020,6.4,mww,23.0,52.7551,-168.2401,G+050-0170,11,8.2,1,SEQ_us7000clnv,development
nn00787105,2020-12-01T23:32:56Z,2020,5.1,ml,5.0,38.1637,-118.0837,G+030-0120,130,4.1,0,SEQ_nn00782942,train
us7000cmcg,2020-12-03T02:37:26Z,2020,5.2,mww,127.68,-31.9253,-67.141,G-040-0070,10,3.4,0,SEQ_us7000cmcg,development
us7000cnf1,2020-12-05T12:44:40Z,2020,5.3,mww,84.52,36.0719,31.8808,G+030+0030,186,6.1,1,SEQ_us7000cnf1,train
us7000cnnz,2020-12-06T16:47:42Z,2020,6.1,mww,105.0,-20.3947,-69.0609,G-030-0070,104,6.4,1,SEQ_us7000cnnz,train
us7000cnu3,2020-12-07T14:37:24Z,2020,5.4,mww,68.9,12.9771,124.5106,G+010+0120,24,4.8,0,SEQ_us7000cnu3,train
us7000cp39,2020-12-08T07:07:20Z,2020,5.0,mww,44.26,-32.0622,-71.5075,G-040-0080,33,4.3,0,SEQ_us7000cp39,train
us7000cp6z,2020-12-08T17:56:42Z,2020,5.4,mww,28.86,16.0067,-95.2266,G+010-0100,15,3.9,0,SEQ_us7000cp6z,train
us7000cpkf,2020-12-09T21:44:33Z,2020,5.4,mww,17.0,52.4198,106.7208,G+050+0100,34,5.3,0,SEQ_us7000cpkf,train
us7000cpqz,2020-12-10T13:19:58Z,2020,6.1,mww,71.0,24.7818,122.0243,G+020+0120,189,5.7,0,SEQ_us7000cpqz,train
us7000cqhy,2020-12-12T07:18:54Z,2020,5.5,mww,44.0,40.1213,142.0551,G+040+0140,15,5.3,0,SEQ_us7000cqhy,development
us7000cqyz,2020-12-14T15:20:49Z,2020,6.0,mww,114.0,-21.8063,-68.7079,G-030-0070,38,4.6,0,SEQ_us7000cqyz,train
us7000crdx,2020-12-15T23:21:57Z,2020,6.1,mww,14.0,5.1789,125.4212,G+000+0120,17,6.9,1,SEQ_us7000crdx,development
us7000crmx,2020-12-16T17:48:44Z,2020,5.6,mww,90.35,-16.5756,-71.4433,G-020-0080,44,5.5,0,SEQ_us7000crmx,train
us7000csqe,2020-12-20T17:23:22Z,2020,6.3,mww,35.0,40.8667,142.5814,G+040+0140,48,5.3,0,SEQ_us7000cqhy,development
us6000d29t,2020-12-23T18:11:47Z,2020,6.1,mww,11.0,6.2544,133.6362,G+000+0130,20,5.0,0,SEQ_us6000d29t,train
us6000d2ra,2020-12-24T23:43:41Z,2020,6.3,mww,109.0,13.82,120.6539,G+010+0120,283,6.4,1,SEQ_us6000d2ra,train
us6000d3dd,2020-12-27T06:37:32Z,2020,5.5,mww,9.0,38.4563,39.2302,G+030+0030,25,8.2,1,SEQ_us6000d3dd,train
us6000d3g3,2020-12-27T13:55:20Z,2020,5.1,mww,110.76,-19.079,-69.4161,G-020-0070,27,4.1,0,SEQ_us6000d3g3,development
us6000d3i9,2020-12-27T21:39:14Z,2020,6.7,mww,10.0,-39.3398,-74.9849,G-040-0080,177,4.8,0,SEQ_us6000d3i9,train
us6000d3xn,2020-12-29T07:10:29Z,2020,5.7,mww,10.0,43.389,-126.9951,G+040-0130,164,2.7,0,SEQ_us6000d3xn,train
us6000d3zh,2020-12-29T11:19:54Z,2020,6.4,mww,10.0,45.4244,16.2573,G+040+0010,1782,9.1,1,SEQ_us6000d3zh,development
us6000d45q,2020-12-30T00:35:27Z,2020,5.0,mww,43.47,36.4858,140.6097,G+030+0140,82,5.4,0,SEQ_us6000d45q,train
us6000d74p,2021-01-10T03:54:14Z,2021,6.1,mww,217.0,-24.0412,-66.5729,G-030-0070,15,5.9,0,SEQ_us6000d74p,development
us6000d7f5,2021-01-11T14:02:03Z,2021,5.1,mb,10.0,33.3042,75.5872,G+030+0070,27,6.1,1,SEQ_us6000d7f5,train
us6000d7ix,2021-01-11T21:32:59Z,2021,6.7,mww,10.0,51.2811,100.4383,G+050+0100,105,8.2,1,SEQ_us6000d7ix,train
us6000d7vr,2021-01-12T22:09:57Z,2021,5.2,mww,10.0,38.4129,22.0649,G+030+0020,23,5.3,0,SEQ_us6000d7vr,train
us7000d030,2021-01-14T18:28:18Z,2021,6.2,mww,18.0,-2.9717,118.8899,G-010+0110,16,8.6,1,SEQ_us7000d030,train
us7000d0bx,2021-01-15T13:38:19Z,2021,5.2,mww,359.74,33.867,137.213,G+030+0130,19,2.7,0,SEQ_us7000d0bx,train
us7000d0d0,2021-01-15T16:10:52Z,2021,5.8,mww,21.0,13.9469,-92.1506,G+010-0100,73,7.0,1,SEQ_us7000d0d0,train
us7000d0gn,2021-01-15T21:31:04Z,2021,5.5,mww,8.0,26.9417,55.1967,G+020+0050,41,4.9,0,SEQ_us7000d0gn,train
us7000d0k5,2021-01-16T03:53:36Z,2021,5.1,mww,58.84,-31.0388,-71.3822,G-040-0080,17,4.7,0,SEQ_us7000d0k5,train
us7000d0pq,2021-01-16T20:02:46Z,2021,5.5,mww,204.0,36.4494,70.6979,G+030+0070,37,4.9,0,SEQ_us7000d0pq,development
us7000d18q,2021-01-19T02:46:22Z,2021,6.4,mww,20.81,-31.8334,-68.7992,G-040-0070,566,6.4,1,SEQ_us7000d18q,train
us7000d1ut,2021-01-20T22:59:11Z,2021,5.5,mww,5.29,-15.0128,-75.523,G-020-0080,26,6.6,1,SEQ_us7000d1ut,train
us7000d20e,2021-01-21T12:23:04Z,2021,7.0,mww,80.0,4.9931,127.5145,G+000+0120,75,6.4,1,SEQ_us7000d20e,train
us7000d23a,2021-01-21T14:27:06Z,2021,5.0,mb,62.88,35.0489,33.7163,G+030+0030,126,4.6,0,SEQ_us7000d23a,train
us7000d2s4,2021-01-24T00:07:45Z,2021,5.7,mww,109.48,-33.3533,-70.1484,G-040-0080,283,5.2,0,SEQ_us7000d2s4,train
us7000d2yf,2021-01-24T19:12:34Z,2021,5.1,mww,10.0,-38.1499,176.4372,G-040+0170,23,6.3,1,SEQ_us7000d2yf,train
pr2021024007,2021-01-24T23:21:41Z,2021,5.4,ml,94.0,18.2516,-64.0708,G+010-0070,203,4.3,0,SEQ_pr2021024007,train
us7000d3l5,2021-01-27T05:06:53Z,2021,5.2,mww,115.63,42.7117,141.9609,G+040+0140,10,3.8,0,SEQ_us7000d3l5,train
us6000dcx1,2021-01-29T12:41:38Z,2021,5.7,mww,8.0,8.2045,-82.95,G+000-0090,16,6.6,1,SEQ_us6000dcx1,development
us6000dd81,2021-01-30T13:24:59Z,2021,5.2,mww,58.5,-19.9589,-70.3542,G-020-0080,54,4.6,0,SEQ_us6000dd81,development
us6000ddge,2021-01-31T19:05:14Z,2021,5.5,mww,5.21,2.6675,-59.5879,G+000-0060,38,5.2,0,SEQ_us6000ddge,train
us6000ddle,2021-02-01T08:35:18Z,2021,5.2,mww,10.0,39.0217,26.0784,G+030+0020,20,3.8,0,SEQ_us6000ddle,development
us6000de34,2021-02-03T05:23:43Z,2021,6.7,mww,10.0,-36.2797,-97.8,G-040-0100,13,3.8,0,SEQ_us6000de34,train
us6000detl,2021-02-05T15:36:11Z,2021,5.2,mww,12.83,40.5023,45.3486,G+040+0040,31,6.6,1,SEQ_us6000detl,development
us6000df68,2021-02-06T17:36:02Z,2021,5.4,mww,110.16,24.696,122.6275,G+020+0120,15,3.1,0,SEQ_us6000df68,train
us6000df9r,2021-02-07T04:22:56Z,2021,6.0,mww,16.0,6.7693,125.1011,G+000+0120,77,7.2,1,SEQ_us6000df9r,train
us6000dfad,2021-02-07T05:45:51Z,2021,6.3,mww,10.0,-3.3226,146.1444,G-010+0140,15,6.8,1,SEQ_us6000dfad,train
us6000dfmm,2021-02-08T16:58:03Z,2021,5.2,mww,29.76,24.4058,122.0654,G+020+0120,29,5.6,0,SEQ_us6000df68,train
us6000dg5d,2021-02-10T08:47:37Z,2021,5.0,mb,86.91,13.0099,-88.7296,G+010-0090,20,5.4,0,SEQ_us6000dg5d,development
us6000dgd0,2021-02-10T20:18:29Z,2021,5.1,mwr,51.11,-31.753,-71.2806,G-040-0080,62,4.8,0,SEQ_us7000d0k5,train
us6000dh48,2021-02-12T17:01:35Z,2021,5.9,mww,98.0,38.1357,73.5448,G+030+0070,454,7.8,1,SEQ_us6000dh48,train
us6000dhav,2021-02-13T05:18:32Z,2021,5.3,mww,69.06,-4.1517,-80.2554,G-010-0090,14,3.1,0,SEQ_us6000dhav,development
us6000dher,2021-02-13T14:07:49Z,2021,7.1,mww,43.98,37.7265,141.7751,G+030+0140,673,9.1,1,SEQ_us6000dher,train
us6000dhgh,2021-02-13T18:49:41Z,2021,5.0,mwr,26.1,-20.4858,-70.5959,G-030-0080,43,4.6,0,SEQ_us6000dd81,development
us6000dhxn,2021-02-16T00:49:25Z,2021,6.2,mww,13.0,-17.8292,167.5413,G-020+0160,86,5.7,0,SEQ_us6000dhxn,train
us6000diae,2021-02-17T03:36:07Z,2021,5.5,mww,5.29,38.4057,22.019,G+030+0020,19,8.3,1,SEQ_us6000diae,development
us6000dimv,2021-02-18T10:51:30Z,2021,5.2,mb,99.92,-3.9543,-78.8053,G-010-0080,15,5.4,0,SEQ_us6000dimv,train
us6000dkb5,2021-02-23T04:07:28Z,2021,5.1,mwr,31.96,-47.3594,165.7473,G-050+0160,16,3.4,0,SEQ_us6000dkb5,train
us6000dkmk,2021-02-24T10:05:59Z,2021,5.6,mww,10.0,63.949,-22.2851,G+060-0030,52,8.1,1,SEQ_us6000dkmk,train
us7000ddg5,2021-02-24T23:37:25Z,2021,5.1,mb,134.78,13.8107,144.7841,G+010+0140,22,2.8,0,SEQ_us7000ddg5,train
us7000de48,2021-02-27T08:07:46Z,2021,5.2,mww,10.0,64.044,-22.1455,G+060-0030,23,4.8,0,SEQ_us6000dkmk,train
ak0212o88mof,2021-02-27T18:59:25Z,2021,5.3,mww,46.0,61.319,-149.9334,G+060-0150,2970,5.4,0,SEQ_ak0212o88mof,train
us7000defm,2021-02-28T23:37:15Z,2021,5.9,mww,11.0,-17.7234,167.496,G-020+0160,12,4.2,0,SEQ_us6000dhxn,train
us7000deqh,2021-03-01T22:57:40Z,2021,5.1,mww,10.0,6.2035,-76.254,G+000-0080,58,5.6,0,SEQ_us7000deqh,train
us7000df40,2021-03-03T10:16:09Z,2021,6.3,mww,8.0,39.7546,22.1757,G+030+0020,137,9.1,1,SEQ_us7000df40,train
us7000dffl,2021-03-04T13:27:34Z,2021,7.3,mww,10.0,-37.4787,179.4576,G-040+0170,154,7.3,1,SEQ_us7000dffl,train
us7000dfku,2021-03-04T18:38:19Z,2021,5.8,mb,10.0,39.7865,22.1157,G+030+0020,45,8.2,1,SEQ_us7000df40,train
us7000dflf,2021-03-04T19:28:33Z,2021,8.1,mww,28.93,-29.7228,-177.2794,G-030-0180,13,9.1,1,SEQ_us7000dflf,train
us7000dfw1,2021-03-05T07:23:18Z,2021,5.4,mb,10.0,-30.1739,-177.1545,G-040-0180,47,3.9,0,SEQ_us7000dflf,train
us7000dg8x,2021-03-06T00:16:22Z,2021,6.3,mww,13.0,-37.5763,179.5947,G-040+0170,16,5.8,0,SEQ_us7000dffl,train
us7000dgdc,2021-03-06T07:16:29Z,2021,6.1,mww,10.0,-28.6263,-177.0009,G-030-0180,11,4.0,0,SEQ_us7000dgdc,train
us7000dgr6,2021-03-07T04:54:00Z,2021,5.6,mww,15.36,-37.1739,179.6258,G-040+0170,12,5.4,0,SEQ_us7000dffl,train
us7000dh39,2021-03-08T12:48:07Z,2021,5.2,mww,106.66,-32.2039,-69.9055,G-040-0070,21,4.3,0,SEQ_us7000dh39,train
us7000dimf,2021-03-12T12:57:50Z,2021,5.6,mww,7.0,39.8931,22.0875,G+030+0020,66,9.0,1,SEQ_us7000df40,train
us7000djl3,2021-03-15T19:56:17Z,2021,5.0,mb,56.38,36.1742,139.7703,G+030+0130,92,5.0,0,SEQ_us7000djl3,train
us7000dker,2021-03-18T00:04:06Z,2021,6.0,mww,8.0,36.9206,5.2014,G+030+0000,146,7.9,1,SEQ_us7000dker,train
us7000dkfb,2021-03-18T00:17:05Z,2021,5.0,mww,10.0,36.9107,5.3143,G+030+0000,13,8.6,1,SEQ_us7000dker,train
us7000dl1u,2021-03-19T18:52:43Z,2021,5.6,mww,173.23,-35.4845,178.673,G-040+0170,20,3.4,0,SEQ_us7000dl1u,train
us7000dl4v,2021-03-20T03:06:30Z,2021,5.7,mww,10.0,16.6386,-98.8402,G+010-0100,85,7.9,1,SEQ_us7000dl4v,development
us7000dl6y,2021-03-20T09:09:43Z,2021,7.0,mww,43.0,38.4515,141.6477,G+030+0140,409,7.3,1,SEQ_us7000dl6y,train
us6000dwkd,2021-03-26T04:51:38Z,2021,5.8,mww,19.0,16.7936,-60.7286,G+010-0070,27,8.3,1,SEQ_us6000dwkd,train
us6000dwue,2021-03-26T19:02:07Z,2021,5.0,mww,29.81,27.6289,92.6692,G+020+0090,25,4.1,0,SEQ_us6000dwue,train
us6000dww9,2021-03-26T22:02:16Z,2021,5.9,mww,153.0,26.1379,125.0872,G+020+0120,22,2.7,0,SEQ_us6000dww9,train
us6000dx0m,2021-03-27T13:47:55Z,2021,5.5,mww,7.0,42.4479,16.0496,G+040+0010,31,4.3,0,SEQ_us6000dx0m,train
us6000dx32,2021-03-28T00:26:55Z,2021,5.7,mww,40.0,33.6313,140.2781,G+030+0140,51,3.8,0,SEQ_us6000dx32,development
us6000dyuk,2021-04-04T01:41:02Z,2021,5.4,mww,6.0,-19.8215,14.6631,G-020+0010,15,6.3,1,SEQ_us6000dyuk,development
us6000dz3c,2021-04-05T07:37:52Z,2021,6.1,mww,24.0,-37.46,179.6324,G-040+0170,25,6.4,1,SEQ_us7000dffl,train
us6000dz5d,2021-04-05T15:19:57Z,2021,5.2,mb,10.0,27.1863,88.9412,G+020+0080,161,5.8,0,SEQ_us6000dz5d,train
ak0214icukav,2021-04-08T17:10:18Z,2021,5.5,mww,80.1,63.2011,-148.5799,G+060-0150,1975,5.0,0,SEQ_ak0214icukav,train
us6000e0iy,2021-04-10T07:00:15Z,2021,6.0,mww,67.0,-8.5707,112.5054,G-010+0110,126,7.1,1,SEQ_us6000e0iy,train
us6000e2hf,2021-04-18T00:29:11Z,2021,5.6,mww,41.0,38.3481,141.95,G+030+0140,39,5.4,0,SEQ_us7000dl6y,train
us6000e2k3,2021-04-18T06:41:49Z,2021,5.8,mww,8.0,29.7531,50.6784,G+020+0050,74,8.8,1,SEQ_us6000e2k3,train
us6000e2mt,2021-04-18T14:11:38Z,2021,5.5,mb,10.0,23.7895,121.5649,G+020+0120,30,5.6,0,SEQ_us6000e2mt,train
us6000e2mv,2021-04-18T14:14:36Z,2021,5.8,mww,12.0,23.857,121.5264,G+020+0120,69,9.1,1,SEQ_us6000e2mt,train
us6000e2s5,2021-04-19T03:18:57Z,2021,5.1,mww,12.76,-33.9739,-72.4073,G-040-0080,42,4.6,0,SEQ_us6000e2s5,train
us6000e2sp,2021-04-19T04:11:26Z,2021,5.2,mww,8.84,-33.9804,-72.409,G-040-0080,23,5.4,0,SEQ_us6000e2s5,train
us6000e2uw,2021-04-19T11:13:28Z,2021,5.1,mww,10.0,-33.971,-72.3656,G-040-0080,17,6.3,1,SEQ_us6000e2s5,train
us6000e2vk,2021-04-19T13:05:26Z,2021,5.0,mww,10.34,-33.9644,-72.3473,G-040-0080,17,6.4,1,SEQ_us6000e2s5,train
us6000e3j6,2021-04-22T00:17:15Z,2021,5.5,mww,13.0,-33.9889,-72.3632,G-040-0080,37,6.3,1,SEQ_us6000e2s5,train
us7000dxtl,2021-04-27T09:23:39Z,2021,5.0,mb,56.93,-7.4516,106.9425,G-010+0100,14,4.1,0,SEQ_us7000dxtl,train
us7000dy3b,2021-04-28T02:21:26Z,2021,6.0,mww,34.0,26.7813,92.4565,G+020+0090,269,8.5,1,SEQ_us7000dy3b,train
us7000dy3r,2021-04-28T02:33:01Z,2021,5.0,mb,35.0,26.7489,92.5136,G+020+0090,32,6.8,1,SEQ_us7000dy3b,train
us7000dydz,2021-04-29T02:17:17Z,2021,5.6,mww,145.0,-37.2631,-70.8302,G-040-0080,52,4.3,0,SEQ_us7000dydz,train
us7000dyeq,2021-04-29T03:58:48Z,2021,5.7,mww,23.0,-37.6137,179.4203,G-040+0170,19,4.3,0,SEQ_us7000dffl,train
us7000dyia,2021-04-29T10:30:23Z,2021,5.4,mww,10.0,43.8194,-128.0455,G+040-0130,12,5.6,0,SEQ_us7000dyia,train
us7000dz5t,2021-05-01T01:27:27Z,2021,6.9,mww,43.0,38.1997,141.5973,G+030+0140,274,6.8,1,SEQ_us7000dl6y,train
us7000dz7c,2021-05-01T06:13:41Z,2021,5.1,mww,43.8,9.6892,-79.1576,G+000-0080,198,6.6,1,SEQ_us7000dz7c,train
us7000dzfk,2021-05-02T06:57:39Z,2021,5.8,mww,33.0,-30.1366,-71.5825,G-040-0080,52,5.1,0,SEQ_us7000dzfk,train
us7000dznc,2021-05-03T08:46:39Z,2021,5.6,mww,18.0,51.3055,100.4195,G+050+0100,11,4.8,0,SEQ_us7000dznc,train
us7000e1yz,2021-05-11T04:37:08Z,2021,5.0,mww,57.79,18.7614,-102.7126,G+010-0110,12,7.0,1,SEQ_us7000e1yz,development
us7000e28e,2021-05-12T01:09:27Z,2021,5.8,mww,113.0,13.5716,120.8478,G+010+0120,66,5.6,0,SEQ_us7000e28e,train
us7000e2bd,2021-05-12T06:17:06Z,2021,5.6,mww,22.0,13.2677,-90.3766,G+010-0100,26,3.9,0,SEQ_us7000e2bd,train
us7000e2c6,2021-05-12T08:45:44Z,2021,6.0,mww,22.0,13.2742,-90.2266,G+010-0100,36,4.6,0,SEQ_us7000e2bd,train
us7000e2ib,2021-05-12T15:56:56Z,2021,5.5,mww,34.26,-14.1557,-75.678,G-020-0080,25,5.4,0,SEQ_us7000e2ib,development
us7000e2rq,2021-05-13T09:42:12Z,2021,6.1,mww,10.0,6.7137,-82.4146,G+000-0090,13,7.4,1,SEQ_us7000e2rq,development
us7000e2xd,2021-05-13T23:58:14Z,2021,6.0,mww,32.0,37.7169,141.8167,G+030+0140,99,8.1,1,SEQ_us7000dl6y,train
us7000e3mh,2021-05-16T23:04:56Z,2021,5.3,mww,10.0,37.3033,56.7455,G+030+0050,12,6.2,1,SEQ_us7000e3mh,train
us7000e4aq,2021-05-18T23:57:58Z,2021,5.3,mb,10.0,28.2785,84.3373,G+020+0080,45,5.0,0,SEQ_us7000e4aq,train
us7000e50p,2021-05-21T12:09:22Z,2021,5.8,mww,106.0,-8.4206,112.332,G-010+0110,40,4.7,0,SEQ_us7000e50p,train
us7000e532,2021-05-21T13:48:37Z,2021,6.1,mww,9.0,25.7274,100.0082,G+020+0100,21,7.9,1,SEQ_us7000e532,train
us7000e54r,2021-05-21T18:04:13Z,2021,7.3,mww,10.0,34.5983,98.2513,G+030+0090,28,9.1,1,SEQ_us7000e54r,train
us7000e57b,2021-05-21T22:19:51Z,2021,5.6,mww,57.23,12.4514,-87.6715,G+010-0090,15,4.7,0,SEQ_us7000e57b,train
us6000efq6,2021-05-29T01:02:41Z,2021,5.5,mww,12.04,36.3105,141.9873,G+030+0140,17,6.3,1,SEQ_us6000efq6,development
ak0216xu2rod,2021-05-31T06:59:55Z,2021,6.1,mww,44.0,62.4492,-148.2512,G+060-0150,4618,5.8,0,SEQ_ak0216xu2rod,development
us7000e9mg,2021-06-04T07:52:43Z,2021,5.9,mww,16.57,42.2881,-126.2778,G+040-0130,25,5.3,0,SEQ_us7000e9mg,train
us7000e9mr,2021-06-04T08:17:00Z,2021,5.9,mww,13.91,42.2405,-126.218,G+040-0130,18,3.8,0,SEQ_us7000e9mg,train
ci39919392,2021-06-05T17:55:58Z,2021,5.25,mw,5.78,33.14,-115.6348333,G+030-0120,1173,5.7,0,SEQ_ci39919392,train
us7000eai8,2021-06-06T18:11:07Z,2021,5.0,mww,85.66,34.5639,140.2966,G+030+0140,20,3.8,0,SEQ_us7000eai8,train
us7000ebw8,2021-06-10T23:27:02Z,2021,5.7,mww,10.0,8.9622,-85.4225,G+000-0090,43,5.9,0,SEQ_us7000ebw8,development
us7000ec9v,2021-06-12T03:36:26Z,2021,5.1,mww,15.17,-33.7397,-72.2014,G-040-0080,26,5.7,0,SEQ_us7000ec9v,train
us7000eckp,2021-06-13T02:58:15Z,2021,5.4,mww,57.65,14.0489,-91.4442,G+010-0100,83,6.4,1,SEQ_us7000eckp,train
pr2021165003,2021-06-14T10:15:43Z,2021,5.0,ml,87.0,18.1195,-68.496,G+010-0070,177,3.8,0,SEQ_pr2021165003,train
us7000ecyk,2021-06-14T14:38:41Z,2021,5.7,mww,5.86,7.7102,124.967,G+000+0120,34,7.6,1,SEQ_us7000ecyk,development
us7000ef1g,2021-06-21T22:14:13Z,2021,5.5,mww,9.03,36.4391,27.0416,G+030+0020,15,6.8,1,SEQ_us7000ef1g,train
us7000efd5,2021-06-23T02:54:18Z,2021,5.9,mww,50.09,-12.7067,-76.721,G-020-0080,224,6.7,1,SEQ_us7000efd5,train
us6000epir,2021-06-24T23:04:44Z,2021,5.1,mww,16.2,34.9509,69.0848,G+030+0060,15,5.0,0,SEQ_us6000epir,train
us6000eqc7,2021-06-27T22:15:28Z,2021,5.1,mb,85.47,-8.3453,110.6583,G-010+0110,23,5.2,0,SEQ_us6000eqc7,train
us7000ehvx,2021-07-01T01:13:38Z,2021,5.0,mww,10.0,16.5264,-97.9648,G+010-0100,13,8.3,1,SEQ_us7000ehvx,train
us7000eijq,2021-07-04T01:01:37Z,2021,5.9,mww,24.0,-28.7349,-71.5121,G-030-0080,26,7.4,1,SEQ_us7000eijq,train
us7000eijt,2021-07-04T01:29:15Z,2021,6.0,mww,22.0,-28.7361,-71.4818,G-030-0080,24,9.1,1,SEQ_us7000eijq,train
us7000eik4,2021-07-04T02:44:55Z,2021,5.6,mww,10.0,21.0719,-106.3127,G+020-0110,111,4.2,0,SEQ_us7000eik4,development
hv72565662,2021-07-05T23:43:35Z,2021,5.17,ml,26.92,20.2203333333333,-155.63,G+020-0160,1335,4.9,0,SEQ_hv72565662,train
us7000ej9c,2021-07-07T03:15:24Z,2021,5.3,mb,10.0,25.9603,90.3499,G+020+0090,46,8.4,1,SEQ_us7000ej9c,development
us7000ejb6,2021-07-07T11:24:58Z,2021,5.1,mww,8.1,23.857,121.6521,G+020+0120,12,7.5,1,SEQ_us7000ejb6,train
us6000etaq,2021-07-08T20:38:32Z,2021,5.4,mww,20.08,-28.7463,-71.6015,G-030-0080,10,3.8,0,SEQ_us7000eijq,train
nc73584926,2021-07-08T22:49:48Z,2021,6.0,mw,7.45,38.5075,-119.4998333,G+030-0120,25987,5.7,0,SEQ_nc73584926,train
nc71123379,2021-07-08T22:50:14Z,2021,5.03,ml,7.4,38.5126667,-119.5021667,G+030-0120,96,5.9,0,SEQ_nc73584926,train
us6000ethk,2021-07-09T05:05:30Z,2021,5.2,mww,107.53,-20.3222,-68.7174,G-030-0070,38,4.5,0,SEQ_us6000ethk,development
us6000etys,2021-07-10T02:14:42Z,2021,5.7,mww,11.75,38.9152,70.5612,G+030+0070,13,8.3,1,SEQ_us6000etys,development
us7000elcr,2021-07-12T23:26:35Z,2021,5.2,mww,92.83,11.6151,-86.4789,G+010-0090,14,4.6,0,SEQ_us7000elcr,train
us7000emw6,2021-07-17T11:49:59Z,2021,5.2,mww,63.64,33.6171,131.825,G+030+0130,14,3.8,0,SEQ_us7000emw6,development
us7000emzy,2021-07-17T20:56:10Z,2021,6.1,mww,4.07,6.8258,-82.6774,G+000-0090,101,6.2,1,SEQ_us7000emzy,train
nc73594531,2021-07-18T06:46:12Z,2021,5.12,mw,30.91,40.3235,-124.4255,G+040-0130,751,4.2,0,SEQ_nc73594531,train
us7000en6e,2021-07-18T14:34:19Z,2021,5.4,mww,9.0,29.7049,51.1282,G+020+0050,10,3.8,0,SEQ_us7000en6e,train
us6000exs5,2021-07-21T21:15:12Z,2021,6.7,mww,10.0,7.3926,-82.779,G+000-0090,235,6.1,1,SEQ_us7000emzy,train
us6000eyfk,2021-07-23T20:48:57Z,2021,6.7,mww,110.0,13.7047,120.7259,G+010+0120,317,7.7,1,SEQ_us6000eyfk,development
us6000eyfn,2021-07-23T20:57:18Z,2021,5.8,mww,120.58,13.7977,120.7434,G+010+0120,31,6.1,1,SEQ_us6000eyfk,development
us6000eynb,2021-07-24T12:51:28Z,2021,6.1,mww,10.0,-29.9271,-176.8643,G-030-0180,11,2.0,0,SEQ_us6000eynb,train
us6000eytv,2021-07-25T03:38:56Z,2021,5.4,mww,8.88,23.8842,-108.662,G+020-0110,12,8.9,1,SEQ_us6000eytv,train
ak0219neiszm,2021-07-29T06:15:49Z,2021,8.2,mww,35.0,55.3635,-157.8876,G+050-0160,512,9.1,1,SEQ_ak0219neiszm,train
ak0219nekhhk,2021-07-29T06:23:27Z,2021,5.9,ml,0.8,55.3726,-157.205,G+050-0160,14,3.8,0,SEQ_ak0219neiszm,train
us6000f051,2021-07-29T08:39:27Z,2021,5.5,mb,10.0,22.8638,95.9967,G+020+0090,13,4.5,0,SEQ_us6000f051,train
us6000f0qr,2021-07-30T17:10:19Z,2021,6.2,mww,34.0,-4.9149,-80.6156,G-010-0090,35,7.2,1,SEQ_us6000f0qr,development
us6000f109,2021-07-31T15:39:20Z,2021,5.5,mww,10.0,27.5909,-111.497,G+020-0120,25,5.0,0,SEQ_us6000f109,development
us6000f128,2021-07-31T21:19:12Z,2021,5.2,mww,10.0,30.4525,-109.12,G+030-0110,64,3.4,0,SEQ_us6000f128,train
us6000f155,2021-08-01T04:31:26Z,2021,5.6,mww,10.13,36.3958,27.0112,G+030+0020,19,3.8,0,SEQ_us6000f155,train
us6000f1z7,2021-08-03T20:33:34Z,2021,5.8,mww,27.0,36.0981,142.1045,G+030+0140,36,6.2,1,SEQ_us6000f1z7,train
us6000f29v,2021-08-04T21:50:46Z,2021,5.8,mww,10.0,24.7827,122.3105,G+020+0120,30,4.4,0,SEQ_us6000f29v,train
us6000f2r4,2021-08-06T11:08:17Z,2021,5.2,mww,54.99,-6.2037,104.6565,G-010+0100,22,4.2,0,SEQ_us6000f2r4,development
us6000f48v,2021-08-11T17:46:13Z,2021,7.1,mww,55.14,6.4748,126.7151,G+000+0120,153,9.1,1,SEQ_us6000f48v,train
us6000f5na,2021-08-13T15:08:31Z,2021,5.9,mww,121.0,13.7016,120.7817,G+010+0120,32,5.6,0,SEQ_us6000eyfk,development
us6000f652,2021-08-14T11:57:43Z,2021,6.9,mww,20.74,55.1767,-157.6441,G+050-0160,10,5.4,0,SEQ_ak0219neiszm,train
us6000f65h,2021-08-14T12:29:08Z,2021,7.2,mww,10.0,18.4335,-73.4822,G+010-0080,366,9.1,1,SEQ_us6000f65h,train
us6000f6ez,2021-08-15T03:20:45Z,2021,5.8,mww,8.32,18.3977,-74.0899,G+010-0080,12,6.4,1,SEQ_us6000f65h,train
us6000f7vg,2021-08-18T10:10:05Z,2021,6.9,mww,93.0,-14.8818,167.0585,G-020+0160,11,8.2,1,SEQ_us6000f7vg,train
us7000f2x8,2021-08-24T07:05:53Z,2021,5.1,mb,10.0,14.4654,83.0456,G+010+0080,29,5.4,0,SEQ_us7000f2x8,train
us7000f30t,2021-08-24T14:47:25Z,2021,5.4,mww,10.0,12.7427,145.0883,G+010+0140,12,4.3,0,SEQ_us7000f30t,train
us7000f3w2,2021-08-25T21:04:19Z,2021,5.2,mww,7.78,15.476,-88.3355,G+010-0090,123,6.2,1,SEQ_us7000f3w2,train
us7000f4ej,2021-08-26T20:49:04Z,2021,5.0,mww,26.49,36.4405,141.2803,G+030+0140,19,4.8,0,SEQ_us6000f1z7,train
us7000f4kz,2021-08-27T10:22:26Z,2021,5.6,mww,54.5,5.671,125.0293,G+000+0120,15,5.9,0,SEQ_us7000f4kz,train
us7000f57a,2021-08-28T11:20:49Z,2021,5.3,mww,10.0,35.4853,-3.5403,G+030-0010,13,4.6,0,SEQ_us7000f57a,train
us7000f6uy,2021-09-01T18:35:45Z,2021,5.6,mww,28.0,-27.7317,-71.1083,G-030-0080,22,6.0,1,SEQ_us7000f6uy,train
us7000f8ki,2021-09-06T14:00:23Z,2021,5.2,mww,27.47,23.8395,122.2045,G+020+0120,12,4.3,0,SEQ_us7000f8ki,train
us7000f93v,2021-09-08T01:47:47Z,2021,7.0,mww,20.0,16.9465,-99.753,G+010-0100,665,7.8,1,SEQ_us7000f93v,train
us7000fans,2021-09-13T04:02:32Z,2021,5.1,mb,10.0,37.289,58.8939,G+030+0050,13,5.3,0,SEQ_us7000fans,development
us7000fap8,2021-09-13T05:18:14Z,2021,6.2,mww,205.0,-23.7629,-67.0129,G-030-0070,52,5.0,0,SEQ_us7000fap8,train
us7000faw7,2021-09-13T22:46:06Z,2021,5.8,mww,370.0,32.4784,137.8572,G+030+0130,45,3.5,0,SEQ_us7000faw7,development
us7000fbky,2021-09-15T20:33:31Z,2021,5.4,mww,7.12,29.1944,105.365,G+020+0100,25,7.3,1,SEQ_us7000fbky,train
us7000fcf7,2021-09-18T14:43:55Z,2021,5.0,mww,61.58,13.342,-89.527,G+010-0090,13,4.1,0,SEQ_us7000fcf7,train
us7000fchv,2021-09-18T20:47:07Z,2021,5.3,mww,20.28,-9.7611,148.5974,G-010+0140,24,4.1,0,SEQ_us7000fchv,train
us7000fd4k,2021-09-21T13:14:32Z,2021,6.4,mww,18.8,-36.7771,-73.9329,G-040-0080,83,6.4,1,SEQ_us7000fd4k,train
us7000fd9v,2021-09-21T23:15:53Z,2021,5.9,mww,12.0,-37.492,146.3534,G-040+0140,5846,5.3,0,SEQ_us7000fd9v,train
us7000fdds,2021-09-22T09:57:07Z,2021,6.5,mww,21.0,12.1396,-87.8647,G+010-0090,48,7.0,1,SEQ_us7000fdds,train
us7000fdty,2021-09-23T16:47:49Z,2021,5.7,mwb,10.0,23.045,-107.953,G+020-0110,10,4.6,0,SEQ_us7000fdty,train
us7000fegc,2021-09-25T22:21:19Z,2021,5.0,mww,45.64,24.2953,121.7428,G+020+0120,16,4.1,0,SEQ_us7000f8ki,train
us7000fen1,2021-09-26T17:12:05Z,2021,5.7,mww,83.0,13.8941,120.5097,G+010+0120,211,6.1,1,SEQ_us7000fen1,train
us7000fes8,2021-09-27T06:17:21Z,2021,6.0,mww,6.0,35.244,25.2697,G+030+0020,135,8.4,1,SEQ_us7000fes8,train
us7000ff36,2021-09-28T04:48:08Z,2021,5.3,mww,10.0,35.0817,25.2018,G+030+0020,67,4.8,0,SEQ_us7000fes8,train
us6000fq2d,2021-09-29T08:37:05Z,2021,6.1,mww,364.0,38.8893,135.4527,G+030+0130,58,5.2,0,SEQ_us6000fq2d,development
us6000fr0b,2021-10-02T06:29:17Z,2021,7.3,mww,527.0,-21.1265,174.8958,G-030+0170,15,4.1,0,SEQ_us6000fr0b,development
us6000frf2,2021-10-04T02:39:28Z,2021,5.5,mww,13.0,32.335,49.7618,G+030+0040,25,7.4,1,SEQ_us6000frf2,train
us6000frum,2021-10-05T07:59:57Z,2021,5.1,mww,10.0,36.8392,66.6469,G+030+0060,14,6.5,1,SEQ_us6000frum,development
us6000frzg,2021-10-05T17:46:02Z,2021,5.7,mww,55.0,40.0529,142.141,G+040+0140,21,7.3,1,SEQ_us6000frzg,train
us6000fs8m,2021-10-06T08:12:53Z,2021,5.4,mww,24.46,31.1971,131.4859,G+030+0130,13,5.6,0,SEQ_us6000fs8m,train
us6000fsg9,2021-10-06T22:01:08Z,2021,5.9,mww,9.0,30.1933,67.9948,G+030+0060,46,8.1,1,SEQ_us6000fsg9,train
us6000fsl6,2021-10-07T13:41:24Z,2021,5.9,mww,62.0,35.5736,140.0705,G+030+0140,5682,6.0,1,SEQ_us6000fsl6,train
us6000fsrg,2021-10-07T18:28:03Z,2021,5.5,mww,110.0,22.3124,94.7676,G+020+0090,39,5.2,0,SEQ_us6000fsrg,train
us6000ft6j,2021-10-09T04:47:49Z,2021,5.7,mww,14.16,-15.5828,-71.8421,G-020-0080,11,6.8,1,SEQ_us6000ft6j,development
us6000ft9g,2021-10-09T10:58:31Z,2021,6.9,mww,535.0,-21.1889,174.5221,G-030+0170,18,4.1,0,SEQ_us6000fr0b,development
hv72748782,2021-10-10T21:48:36Z,2021,6.21,ml,35.06,18.8203333333333,-155.527166666667,G+010-0160,3487,5.8,0,SEQ_hv72748782,development
ak021d1u1nos,2021-10-11T09:10:25Z,2021,6.9,mww,51.6,56.2954,-156.581,G+050-0160,320,8.2,1,SEQ_ak021d1u1nos,train
us6000ftws,2021-10-12T04:51:47Z,2021,5.0,mb,151.95,6.8198,-72.9919,G+000-0080,17,3.4,0,SEQ_us6000ftws,train
us6000ftxu,2021-10-12T09:24:05Z,2021,6.4,mww,20.0,35.1691,26.2152,G+030+0020,198,8.2,1,SEQ_us7000fes8,train
us6000fu4e,2021-10-13T02:54:26Z,2021,5.0,mwr,16.27,9.562,-84.7757,G+000-0090,32,5.6,0,SEQ_us6000fu4e,train
us6000fu6b,2021-10-13T07:55:29Z,2021,5.4,mww,10.0,-50.3221,-72.25,G-060-0080,12,6.0,1,SEQ_us6000fu6b,development
us6000furk,2021-10-15T02:44:59Z,2021,6.4,mww,33.0,-8.8783,158.4642,G-010+0150,23,8.2,1,SEQ_us6000furk,train
us6000fv9g,2021-10-16T18:27:28Z,2021,5.4,mww,10.0,18.7014,-81.7053,G+010-0090,14,4.1,0,SEQ_us6000fv9g,train
us6000fvtm,2021-10-19T05:32:32Z,2021,5.9,mww,43.86,34.576,28.3953,G+030+0020,124,7.3,1,SEQ_us6000fvtm,train
us6000fwdc,2021-10-21T08:36:47Z,2021,5.5,mww,335.78,32.1131,138.1614,G+030+0130,43,4.1,0,SEQ_us6000fwdc,train
us6000fwke,2021-10-21T21:58:20Z,2021,5.6,mww,224.2,-39.02,174.9757,G-040+0170,35,4.1,0,SEQ_us6000fwke,train
us6000fx56,2021-10-24T05:11:34Z,2021,6.2,mww,69.0,24.5108,121.8314,G+020+0120,113,7.2,1,SEQ_us7000f8ki,train
us7000fqbt,2021-10-31T21:14:47Z,2021,5.2,mww,55.3,36.5337,140.5277,G+030+0140,180,6.1,1,SEQ_us7000fqbt,train
us7000fqez,2021-11-01T03:07:56Z,2021,5.0,mww,60.85,12.8653,-88.6283,G+010-0090,13,4.1,0,SEQ_us7000fqez,train
us7000fqmp,2021-11-01T22:08:17Z,2021,5.0,mww,30.87,18.4296,-62.3396,G+010-0070,26,3.8,0,SEQ_us7000fqmp,train
us7000fqrw,2021-11-02T08:34:48Z,2021,5.0,mb,102.11,14.6885,145.6134,G+010+0140,11,4.3,0,SEQ_us7000fqrw,train
us7000fr0v,2021-11-03T03:17:48Z,2021,5.7,mww,100.25,-32.6971,-70.0638,G-040-0080,450,5.1,0,SEQ_us7000fr0v,development
us7000frvc,2021-11-05T23:19:49Z,2021,5.1,mww,10.0,-6.0799,-81.4722,G-010-0090,13,4.3,0,SEQ_us7000frvc,train
us7000fs4q,2021-11-07T03:16:45Z,2021,5.2,mww,219.1,-40.3237,173.4511,G-050+0170,72,4.1,0,SEQ_us7000fs4q,train
us7000fsfm,2021-11-08T17:43:21Z,2021,5.1,mww,10.0,37.8434,32.1713,G+030+0030,24,5.4,0,SEQ_us7000fsfm,train
us7000fsjc,2021-11-09T02:53:49Z,2021,5.9,mww,17.0,11.155,-86.6938,G+010-0090,78,6.0,1,SEQ_us7000fsjc,train
us7000fsku,2021-11-09T06:24:20Z,2021,5.7,mb,20.62,11.138,-86.5678,G+010-0090,14,5.8,0,SEQ_us7000fsjc,train
us7000fskw,2021-11-09T06:25:14Z,2021,6.3,mww,20.0,11.2198,-86.5255,G+010-0090,110,6.3,1,SEQ_us7000fsjc,train
us7000fsv8,2021-11-10T02:50:07Z,2021,5.1,mb,21.04,-7.5917,105.8256,G-010+0100,11,4.3,0,SEQ_us7000fsv8,train
us7000fszl,2021-11-10T15:45:13Z,2021,6.6,mww,12.0,23.5935,126.4474,G+020+0120,29,6.5,1,SEQ_us7000fszl,development
us7000ft83,2021-11-11T13:21:41Z,2021,5.0,mww,10.0,63.9684,-19.7119,G+060-0020,12,4.1,0,SEQ_us7000ft83,train
us7000fttj,2021-11-13T13:05:54Z,2021,5.3,mww,10.0,-20.9319,119.8141,G-030+0110,44,5.6,0,SEQ_us7000fttj,train
us7000fu12,2021-11-14T12:08:38Z,2021,6.4,mwb,10.0,27.7266,56.0716,G+020+0050,207,8.6,1,SEQ_us7000fu12,train
us7000fu1v,2021-11-14T13:05:14Z,2021,5.0,mb,71.34,24.5579,121.984,G+020+0120,10,4.1,0,SEQ_us7000f8ki,train
us7000fuaz,2021-11-15T13:36:11Z,2021,5.2,mb,10.0,27.7069,56.0307,G+020+0050,19,7.2,1,SEQ_us7000fu12,train
us7000furn,2021-11-17T05:54:29Z,2021,5.0,mww,10.0,33.5251,121.1837,G+030+0120,34,4.9,0,SEQ_us7000furn,train
us7000fv5p,2021-11-18T16:56:56Z,2021,5.8,mww,27.62,13.5668,-90.7812,G+010-0100,44,4.8,0,SEQ_us7000fv5p,train
us7000fvjz,2021-11-19T20:13:51Z,2021,5.4,mww,39.78,6.802,127.0055,G+000+0120,12,4.1,0,SEQ_us7000fvjz,train
us7000fwde,2021-11-23T05:56:32Z,2021,5.5,mww,18.0,12.9871,-90.2559,G+010-0100,10,4.1,0,SEQ_us7000fv5p,train
us7000fwzz,2021-11-25T12:04:05Z,2021,6.1,mww,10.0,-10.7451,166.5074,G-020+0160,51,6.6,1,SEQ_us7000fwzz,train
us7000fx0g,2021-11-25T13:44:18Z,2021,5.0,mb,13.72,-10.8305,166.5223,G-020+0160,46,6.5,1,SEQ_us7000fwzz,train
us7000fx45,2021-11-25T23:45:41Z,2021,6.2,mww,43.0,22.8232,93.5061,G+020+0090,333,8.4,1,SEQ_us7000fx45,train
us7000fxna,2021-11-28T06:32:30Z,2021,5.1,mb,61.65,-12.0155,-77.4324,G-020-0080,85,4.6,0,SEQ_us7000fxna,train
us7000fxq2,2021-11-28T10:52:14Z,2021,7.5,mww,126.0,-4.4667,-76.8126,G-010-0080,276,8.3,1,SEQ_us7000fxq2,train
us7000fxyq,2021-11-29T12:40:44Z,2021,6.3,mww,11.0,31.196,142.5026,G+030+0140,80,5.8,0,SEQ_us7000fxyq,development
us6000g7s9,2021-11-30T00:56:07Z,2021,5.1,mww,58.22,6.7382,126.1243,G+000+0120,27,4.9,0,SEQ_us7000fvjz,train
us6000g7ta,2021-11-30T04:00:40Z,2021,5.1,mww,10.0,37.7371,26.0792,G+030+0020,17,4.1,0,SEQ_us6000g7ta,train
us6000g836,2021-12-01T04:39:25Z,2021,5.1,mww,15.68,-37.9155,-73.6133,G-040-0080,19,5.0,0,SEQ_us6000g836,development
us6000g88v,2021-12-01T16:58:36Z,2021,5.0,mww,51.68,36.1875,140.0911,G+030+0140,210,5.3,0,SEQ_us6000g88v,train
us6000g8lb,2021-12-03T00:28:28Z,2021,5.2,mww,12.08,33.8337,135.0775,G+030+0130,58,6.1,1,SEQ_us6000g8lb,train
us6000g9d3,2021-12-06T00:20:03Z,2021,5.0,mww,13.44,15.9284,-95.923,G+010-0100,29,5.3,0,SEQ_us6000g9d3,train
us6000g9ew,2021-12-06T06:30:48Z,2021,5.1,mb,10.0,-2.7621,-77.1961,G-010-0080,11,3.4,0,SEQ_us6000g9ew,train
us6000g9zp,2021-12-07T09:39:36Z,2021,5.6,mww,17.71,-18.5525,-71.0675,G-020-0080,17,4.6,0,SEQ_us6000g9zp,train
us6000ga8i,2021-12-07T21:30:16Z,2021,5.5,mww,10.0,44.3872,-129.5367,G+040-0130,14,2.2,0,SEQ_us6000ga8i,train
us6000gaag,2021-12-08T01:21:05Z,2021,5.8,mww,10.0,44.2612,-129.3797,G+040-0130,13,2.7,0,SEQ_us6000ga8i,train
us6000gae5,2021-12-08T07:22:18Z,2021,5.1,mb,54.16,37.7511,141.6418,G+030+0140,17,3.4,0,SEQ_us6000gae5,development
us6000gaq5,2021-12-09T02:05:07Z,2021,6.0,mww,7.0,29.4132,129.3846,G+020+0120,14,6.7,1,SEQ_us6000gaq5,development
us6000gbfe,2021-12-11T14:54:19Z,2021,5.7,mww,45.0,-29.527,-71.2992,G-030-0080,47,5.4,0,SEQ_us6000gbfe,train
us6000gbt6,2021-12-13T07:03:07Z,2021,5.7,mww,167.0,15.5707,-92.0281,G+010-0100,15,6.1,1,SEQ_us6000gbt6,train
us6000gbu7,2021-12-13T09:12:33Z,2021,5.5,mww,133.39,13.6205,120.7577,G+010+0120,31,4.1,0,SEQ_us6000gbu7,train
us6000gc2a,2021-12-14T03:20:23Z,2021,7.3,mww,14.27,-7.6033,122.2274,G-010+0120,38,9.1,1,SEQ_us6000gc2a,development
us6000gc3k,2021-12-14T04:23:55Z,2021,5.5,mwr,17.79,-28.6861,-71.5555,G-030-0080,22,3.8,0,SEQ_us6000gbfe,train
us6000gdc8,2021-12-18T05:16:39Z,2021,5.0,mww,63.5,36.0912,23.2437,G+030+0020,12,4.8,0,SEQ_us6000gdc8,train
us6000gdma,2021-12-19T16:28:22Z,2021,6.2,mww,10.0,-16.3139,178.5777,G-020+0170,18,4.6,0,SEQ_us6000gdma,train
us6000gdng,2021-12-19T21:06:15Z,2021,5.5,mww,10.0,19.5613,101.3109,G+010+0100,27,4.6,0,SEQ_us6000gdng,train
nc73666231,2021-12-20T20:10:31Z,2021,6.2,mw,27.04,40.3901667,-124.298,G+040-0130,4378,7.7,1,SEQ_nc73666231,train
ak021gbh4rso,2021-12-21T22:42:15Z,2021,5.9,mww,151.2,60.1237,-153.2742,G+060-0160,1888,5.6,0,SEQ_ak021gbh4rso,train
us6000gepm,2021-12-22T23:22:58Z,2021,6.0,mww,10.0,18.8369,-107.0706,G+010-0110,11,3.4,0,SEQ_us6000gepm,train
us6000gf1y,2021-12-24T13:43:22Z,2021,5.7,mww,9.48,22.3699,101.6708,G+020+0100,12,7.9,1,SEQ_us6000gf1y,train
us6000gflv,2021-12-27T13:31:04Z,2021,5.2,mww,10.0,35.5592,74.8205,G+030+0070,10,5.4,0,SEQ_us6000gflv,development
us6000gg0y,2021-12-29T05:08:09Z,2021,5.7,mww,64.53,34.8334,25.1386,G+030+0020,44,4.6,0,SEQ_us6000gg0y,train
us7000g7lx,2021-12-29T18:25:51Z,2021,7.3,mww,165.49,-7.5482,127.5773,G-010+0120,127,8.0,1,SEQ_us7000g7lx,train
us7000g8n3,2022-01-03T09:46:35Z,2022,6.2,mww,19.0,24.0079,122.2592,G+020+0120,66,5.6,0,SEQ_us7000g8n3,development
us7000g94d,2022-01-05T03:21:16Z,2022,5.1,mww,42.99,36.1445,31.2928,G+030+0030,31,5.2,0,SEQ_us7000g94d,development
us7000g9nb,2022-01-06T16:25:05Z,2022,6.1,mww,17.0,11.9367,-87.1371,G+010-0090,56,4.4,0,SEQ_us7000g9nb,train
us7000g9vi,2022-01-07T10:27:06Z,2022,5.6,mww,95.84,-11.8659,-76.5753,G-020-0080,144,4.8,0,SEQ_us7000g9vi,train
us7000g9zq,2022-01-07T17:45:30Z,2022,6.6,mww,13.0,37.8283,101.29,G+030+0100,14,8.5,1,SEQ_us7000g9zq,train
us7000ga3i,2022-01-08T03:24:08Z,2022,5.9,mww,13.0,-26.6816,-71.138,G-030-0080,10,4.3,0,SEQ_us7000ga3i,train
us7000ga56,2022-01-08T08:16:42Z,2022,5.2,mww,37.78,60.3899,-140.5334,G+060-0150,19,3.1,0,SEQ_us7000ga56,train
us7000gaex,2022-01-09T21:43:47Z,2022,5.5,mww,13.45,40.8272,21.3919,G+040+0020,154,5.8,0,SEQ_us7000gaex,development
us7000gai4,2022-01-10T08:36:02Z,2022,5.6,mww,8.0,-26.0798,-65.4393,G-030-0070,36,6.1,1,SEQ_us7000gai4,train
us7000gaqu,2022-01-11T01:07:48Z,2022,6.6,mww,21.0,35.2267,31.9435,G+030+0030,486,6.3,1,SEQ_us7000gaqu,train
us7000gavu,2022-01-11T11:35:43Z,2022,6.8,mww,20.0,52.3415,-167.7554,G+050-0170,28,6.5,1,SEQ_us7000gavu,train
us7000gba7,2022-01-12T10:49:35Z,2022,5.7,mww,193.29,-39.3264,174.519,G-040+0170,22,4.6,0,SEQ_us7000gba7,train
us7000gbb7,2022-01-12T13:16:21Z,2022,5.6,mww,80.0,-6.6002,147.3665,G-010+0140,14,4.1,0,SEQ_us7000gbb7,development
us7000gbu4,2022-01-14T09:05:41Z,2022,6.6,mww,33.0,-6.86,105.2887,G-010+0100,157,7.7,1,SEQ_us7000gbu4,development
us7000gcfq,2022-01-16T11:48:05Z,2022,5.5,mww,7.0,40.0413,24.361,G+040+0020,28,4.1,0,SEQ_us7000gcfq,train
us7000gcj6,2022-01-16T23:31:09Z,2022,5.3,mww,35.0,15.92,-95.8059,G+010-0100,18,4.8,0,SEQ_us7000gcj6,train
us7000gclu,2022-01-17T11:40:06Z,2022,5.3,mww,11.4,34.9289,63.6208,G+030+0060,10,7.5,1,SEQ_us7000gclu,train
ak022ytdd55,2022-01-21T05:18:26Z,2022,5.1,mww,115.3,60.3163,-152.3603,G+060-0160,911,4.8,0,SEQ_ak022ytdd55,train
us7000gdtu,2022-01-21T10:12:31Z,2022,5.4,mww,58.96,23.0871,93.8172,G+020+0090,22,4.1,0,SEQ_us7000gdtu,train
us7000gdwz,2022-01-21T16:08:37Z,2022,6.3,mww,39.0,32.7282,132.0386,G+030+0130,106,7.5,1,SEQ_us7000gdwz,train
us7000ge5q,2022-01-22T05:17:04Z,2022,6.2,mww,29.0,53.2402,-166.682,G+050-0170,23,3.9,0,SEQ_us7000ge5q,train
us7000gek3,2022-01-24T13:16:23Z,2022,5.3,mww,10.0,18.4578,-73.3389,G+010-0080,23,6.8,1,SEQ_us7000gek3,train
us7000gekf,2022-01-24T14:06:43Z,2022,5.1,mww,10.0,18.494,-73.2999,G+010-0080,11,7.8,1,SEQ_us7000gek3,train
us7000gese,2022-01-25T02:14:31Z,2022,5.2,mww,10.0,9.9182,-59.8929,G+000-0060,10,5.8,0,SEQ_us7000gese,train
us7000gfq8,2022-01-28T00:31:25Z,2022,5.5,mww,91.14,-19.1425,-69.3696,G-020-0070,25,4.2,0,SEQ_us7000gfq8,train
us7000gg80,2022-01-29T13:40:09Z,2022,5.1,mww,25.86,10.9829,-61.0599,G+010-0070,33,4.8,0,SEQ_us7000gg80,train
us7000gh1g,2022-02-01T19:25:10Z,2022,6.0,mww,119.0,-7.483,128.3132,G-010+0120,10,6.9,1,SEQ_us7000gh1g,train
us7000ghf9,2022-02-02T21:03:48Z,2022,5.3,mww,26.39,35.0634,31.8203,G+030+0030,58,4.6,0,SEQ_us7000gaqu,train
us7000ghm5,2022-02-03T15:58:57Z,2022,6.5,mww,110.0,-4.4661,-76.9283,G-010-0080,53,7.6,1,SEQ_us7000ghm5,train
us7000ghrq,2022-02-03T23:53:31Z,2022,5.4,mww,31.22,54.2697,-161.5975,G+050-0170,12,3.8,0,SEQ_us7000ghrq,train
us7000ghwb,2022-02-04T10:10:46Z,2022,5.2,mww,44.85,-7.2617,105.9667,G-010+0100,25,6.2,1,SEQ_us7000gbu4,development
us7000gi36,2022-02-04T21:24:03Z,2022,5.0,mb,18.18,8.3831,-83.1568,G+000-0090,11,4.5,0,SEQ_us7000gi36,development
us7000gi69,2022-02-05T04:16:01Z,2022,5.8,mww,212.0,36.4307,71.126,G+030+0070,22,5.8,0,SEQ_us7000gi69,train
ak0221pb6nv5,2022-02-06T07:22:33Z,2022,5.2,mww,61.6,62.7471,-148.7049,G+060-0150,1362,4.3,0,SEQ_ak0221pb6nv5,train
us7000gita,2022-02-07T10:58:24Z,2022,5.1,mww,30.01,24.3866,122.0372,G+020+0120,17,3.4,0,SEQ_us7000gita,train
us7000gk21,2022-02-11T16:43:10Z,2022,5.3,mww,10.0,23.9813,122.2835,G+020+0120,23,5.5,0,SEQ_us7000gita,train
us7000gkl5,2022-02-13T18:25:56Z,2022,5.3,mww,10.0,41.1598,44.01,G+040+0040,117,6.5,1,SEQ_us7000gkl5,train
us7000gl0d,2022-02-15T08:03:00Z,2022,5.0,mww,46.8,16.7717,-61.339,G+010-0070,54,4.1,0,SEQ_us7000gl0d,train
us7000gl8w,2022-02-16T07:12:22Z,2022,6.2,mww,60.0,14.1476,-91.3982,G+010-0100,432,8.1,1,SEQ_us7000gl8w,train
us7000gmji,2022-02-21T03:06:45Z,2022,5.2,mww,36.39,-41.752,173.6512,G-050+0170,42,5.7,0,SEQ_us7000gmji,train
us7000gmkz,2022-02-21T07:22:18Z,2022,5.3,mww,139.31,13.6021,120.8739,G+010+0120,12,3.1,0,SEQ_us7000gmkz,train
us7000gmw3,2022-02-22T06:12:50Z,2022,6.0,mww,251.0,-22.6664,-66.2663,G-030-0070,15,4.1,0,SEQ_us7000gmw3,train
us7000gn6g,2022-02-23T12:49:31Z,2022,5.5,mww,50.69,7.8174,-74.2494,G+000-0080,49,5.0,0,SEQ_us7000gn6g,train
us6000gzyg,2022-02-25T01:39:26Z,2022,6.1,mww,4.0,0.219,100.1006,G+000+0100,218,8.1,1,SEQ_us6000gzyg,train
us6000h0lw,2022-02-28T01:15:16Z,2022,5.7,mww,9.93,-36.9801,-73.993,G-040-0080,30,5.0,0,SEQ_us6000h0lw,train
us6000h179,2022-03-01T19:35:46Z,2022,5.3,mww,40.18,16.2753,-96.3774,G+010-0100,38,7.1,1,SEQ_us6000h179,train
us6000h1nm,2022-03-03T07:37:00Z,2022,5.0,mww,35.03,10.0015,-78.5589,G+010-0080,16,4.6,0,SEQ_us6000h1nm,train
us6000h1qa,2022-03-03T14:40:33Z,2022,5.7,mww,109.88,18.2008,-95.4044,G+010-0100,113,6.1,1,SEQ_us6000h1qa,train
us6000h2h0,2022-03-06T03:29:20Z,2022,5.5,mww,94.63,16.9112,-95.2004,G+010-0100,57,5.0,0,SEQ_us6000h2h0,development
us6000h37j,2022-03-09T02:44:44Z,2022,5.1,mb,81.93,-37.7499,177.3329,G-040+0170,22,4.1,0,SEQ_us6000h37j,train
us6000h3ys,2022-03-12T05:31:11Z,2022,5.3,mww,42.31,-7.3172,106.0704,G-010+0100,10,5.3,0,SEQ_us6000h3ys,train
us6000h48d,2022-03-13T21:05:49Z,2022,6.4,mww,11.0,14.096,119.3811,G+010+0110,107,6.4,1,SEQ_us6000h48d,train
us6000h48e,2022-03-13T21:09:22Z,2022,6.7,mww,28.0,-0.6294,98.6259,G-010+0090,20,8.6,1,SEQ_us6000h48e,train
us6000h4xf,2022-03-16T03:00:03Z,2022,5.3,mww,50.19,-7.6341,107.0324,G-010+0100,25,5.9,0,SEQ_us6000h4xf,development
us6000h518,2022-03-16T14:34:27Z,2022,6.0,mwb,57.18,37.6468,141.6735,G+030+0140,50,6.8,1,SEQ_us6000h518,train
us6000h519,2022-03-16T14:36:30Z,2022,7.3,mww,41.0,37.7132,141.5793,G+030+0140,473,8.8,1,SEQ_us6000h518,train
us6000h58x,2022-03-16T23:15:47Z,2022,5.9,mww,22.0,27.0219,54.5843,G+020+0050,64,7.8,1,SEQ_us6000h58x,train
us6000h5cy,2022-03-17T11:33:37Z,2022,5.7,mww,9.0,26.8146,126.3749,G+020+0120,10,4.6,0,SEQ_us6000h5cy,train
us6000h5zu,2022-03-19T09:59:30Z,2022,5.2,mww,10.0,36.847,5.1868,G+030+0000,18,7.6,1,SEQ_us6000h5zu,train
us6000h67d,2022-03-20T16:39:20Z,2022,5.3,mww,10.0,10.9423,124.8614,G+010+0120,19,6.0,1,SEQ_us6000h67d,development
us6000h6bi,2022-03-21T05:32:53Z,2022,5.2,mww,10.0,61.5527,2.3926,G+060+0000,104,5.5,0,SEQ_us6000h6bi,train
us6000h6nr,2022-03-22T17:41:38Z,2022,6.7,mww,24.0,23.3839,121.6118,G+020+0120,154,7.5,1,SEQ_us6000h6nr,train
us7000gx4k,2022-03-25T03:08:16Z,2022,5.2,mww,40.43,37.5778,141.3624,G+030+0140,19,3.4,0,SEQ_us6000h518,train
us7000gxl1,2022-03-27T01:12:22Z,2022,5.1,mww,10.0,44.1229,-129.4385,G+040-0130,10,3.4,0,SEQ_us7000gxl1,development
us7000gxlu,2022-03-27T04:28:12Z,2022,5.8,mww,19.0,0.9038,-79.6109,G+000-0080,41,8.0,1,SEQ_us7000gxlu,development
us7000gyjz,2022-03-30T23:17:09Z,2022,5.0,mwr,22.36,-28.7032,-71.4619,G-030-0080,12,3.8,0,SEQ_us7000gyjz,train
us7000gymk,2022-03-31T05:44:01Z,2022,7.0,mww,10.0,-22.586,170.3744,G-030+0170,16,5.6,0,SEQ_us7000gymk,train
us7000gyyg,2022-04-01T11:28:04Z,2022,5.1,mww,107.56,-31.4148,-67.9928,G-040-0070,21,4.8,0,SEQ_us7000gyyg,train
us7000gzcf,2022-04-03T10:24:54Z,2022,5.6,mww,17.04,9.2559,126.6946,G+000+0120,19,5.3,0,SEQ_us7000gzcf,development
us7000gzjc,2022-04-04T10:29:03Z,2022,5.4,mww,33.83,37.3748,141.6836,G+030+0140,25,4.6,0,SEQ_us6000h518,train
usd000h551,2022-04-04T16:06:57Z,2022,6.0,mww,31.0,-17.4723,167.8625,G-020+0160,17,4.7,0,SEQ_usd000h551,train
us7000h126,2022-04-10T09:43:15Z,2022,5.0,mww,26.45,36.1963,141.499,G+030+0140,11,2.7,0,SEQ_us7000h126,train
us7000h36f,2022-04-18T23:16:00Z,2022,5.3,mww,94.75,36.9242,140.3142,G+030+0140,103,5.6,0,SEQ_us7000h36f,train
us7000h373,2022-04-19T01:23:07Z,2022,6.1,mww,19.0,7.2852,126.9533,G+000+0120,19,6.2,1,SEQ_us7000h373,train
us7000h3bw,2022-04-19T12:44:08Z,2022,5.0,mww,17.55,17.8597,-101.864,G+010-0110,11,3.4,0,SEQ_us7000h3bw,train
us7000h3j0,2022-04-20T11:19:05Z,2022,5.7,mww,102.28,-22.928,-68.2444,G-030-0070,13,4.1,0,SEQ_us7000h3j0,train
us6000hf49,2022-04-20T21:57:43Z,2022,6.0,mww,19.0,6.9686,126.9241,G+000+0120,11,7.4,1,SEQ_us7000h373,train
us6000hf75,2022-04-21T07:42:46Z,2022,6.6,mww,27.0,11.5537,-86.9604,G+010-0090,159,5.8,0,SEQ_us6000hf75,train
us6000hfqj,2022-04-22T21:07:48Z,2022,5.7,mww,10.0,43.0742,18.1803,G+040+0010,466,6.5,1,SEQ_us6000hfqj,train
us6000hfx7,2022-04-23T21:22:47Z,2022,5.3,mww,10.0,50.4725,-129.6895,G+050-0130,10,3.3,0,SEQ_us6000hfx7,train
us6000hg24,2022-04-24T14:45:06Z,2022,5.0,mwr,89.67,-35.2297,-71.2986,G-040-0080,14,4.5,0,SEQ_us6000hg24,train
us7000h6zc,2022-05-04T11:59:34Z,2022,5.2,mww,20.42,-32.2228,-71.8275,G-040-0080,20,6.4,1,SEQ_us7000h6zc,train
us7000h781,2022-05-05T08:21:15Z,2022,6.0,mww,18.0,6.5295,127.1315,G+000+0120,13,4.6,0,SEQ_us7000h373,train
us7000h78s,2022-05-05T09:42:03Z,2022,5.0,mb,65.13,36.1599,139.7938,G+030+0130,110,5.4,0,SEQ_us7000h36f,train
us7000h7dn,2022-05-05T21:05:26Z,2022,5.1,mww,28.8,-33.0949,-73.0122,G-040-0080,14,3.6,0,SEQ_us7000h7dn,train
us7000h7v8,2022-05-08T00:25:40Z,2022,5.0,mww,18.49,8.7136,-83.1561,G+000-0090,18,4.6,0,SEQ_us7000h7v8,train
pr2022128001,2022-05-08T13:32:58Z,2022,5.5,ml,25.0,18.9755,-64.3585,G+010-0070,254,4.8,0,SEQ_pr2022128001,train
us7000h82f,2022-05-09T06:23:02Z,2022,6.2,mww,21.0,24.0406,122.4888,G+020+0120,26,4.3,0,SEQ_us7000h82f,train
us7000h82x,2022-05-09T08:33:07Z,2022,5.3,mww,328.96,34.534,136.895,G+030+0130,24,3.1,0,SEQ_us7000h82x,train
us7000h8g3,2022-05-10T23:06:32Z,2022,6.8,mww,220.0,-23.496,-66.6519,G-030-0070,81,6.3,1,SEQ_us7000h8g3,train
us6000hkph,2022-05-12T21:23:29Z,2022,5.0,mww,69.18,4.014,-76.4472,G+000-0080,37,6.0,1,SEQ_us6000hkph,train
us6000hkpv,2022-05-12T21:55:48Z,2022,5.4,mww,52.73,-12.3781,-76.8699,G-020-0080,161,5.3,0,SEQ_us6000hkpv,train
us6000hmkd,2022-05-20T09:07:46Z,2022,5.7,mww,19.64,-29.5345,-72.0046,G-030-0080,27,6.0,1,SEQ_us6000hmkd,train
us6000hmld,2022-05-20T12:35:49Z,2022,5.5,mww,10.0,35.5176,-3.4789,G+030-0010,17,7.4,1,SEQ_us6000hmld,train
us6000hmz8,2022-05-21T21:50:48Z,2022,6.1,mww,129.0,14.0187,120.6494,G+010+0120,53,6.4,1,SEQ_us6000hmz8,train
us6000hn0i,2022-05-22T03:24:11Z,2022,5.4,mww,10.33,36.8145,141.3127,G+030+0140,62,6.8,1,SEQ_us6000hn0i,train
us7000hbzi,2022-05-23T18:45:15Z,2022,5.1,mww,82.18,14.1036,145.929,G+010+0140,13,4.9,0,SEQ_us7000hbzi,train
us7000hcir,2022-05-25T21:43:01Z,2022,5.5,mww,34.0,16.1693,-95.9576,G+010-0100,32,5.2,0,SEQ_us7000hcir,train
us7000hcmn,2022-05-26T12:02:21Z,2022,7.2,mww,236.0,-14.9076,-70.2924,G-020-0080,109,7.3,1,SEQ_us7000hcmn,train
us7000hcw4,2022-05-27T01:07:32Z,2022,5.5,mww,43.0,-14.276,-75.6205,G-020-0080,11,7.2,1,SEQ_us7000hcw4,train
us7000hcwg,2022-05-27T02:36:05Z,2022,6.2,mww,49.0,-8.2572,127.2079,G-010+0120,23,5.9,0,SEQ_us7000hcwg,train
us7000hddw,2022-05-29T06:55:23Z,2022,5.1,mww,43.32,36.2785,140.9733,G+030+0140,90,4.6,0,SEQ_us6000hn0i,train
us7000he1h,2022-06-01T09:00:08Z,2022,5.8,mww,12.0,30.3951,102.9582,G+030+0100,22,8.1,1,SEQ_us7000he1h,train
us7000hfw5,2022-06-08T12:24:19Z,2022,5.2,mww,10.0,52.0452,105.68,G+050+0100,15,4.3,0,SEQ_us7000hfw5,development
us7000hgcl,2022-06-10T01:40:21Z,2022,5.0,mww,47.15,34.8354,33.8695,G+030+0030,161,4.6,0,SEQ_us7000hgcl,train
us7000hhhc,2022-06-15T06:06:02Z,2022,5.5,mww,9.0,26.6789,54.212,G+020+0050,45,4.7,0,SEQ_us7000hhhc,development
us7000hhik,2022-06-15T11:56:33Z,2022,5.6,mww,10.0,44.5381,-130.1124,G+040-0140,16,2.7,0,SEQ_us7000hhik,train
us7000hi2s,2022-06-17T10:48:12Z,2022,5.1,mww,38.74,18.4473,-62.9931,G+010-0070,100,4.2,0,SEQ_us7000hi2s,train
us7000hihq,2022-06-19T06:08:06Z,2022,5.1,mww,10.0,37.5046,137.3115,G+030+0130,12,7.4,1,SEQ_us7000hihq,development
us7000him8,2022-06-20T01:05:07Z,2022,5.9,mww,8.0,23.6544,121.4725,G+020+0120,25,6.3,1,SEQ_us7000him8,train
us7000hj3u,2022-06-21T20:54:34Z,2022,6.0,mww,4.0,33.0203,69.4639,G+030+0060,85,8.7,1,SEQ_us7000hj3u,development
us7000hk3w,2022-06-25T03:37:14Z,2022,5.6,mww,12.0,26.7341,54.2683,G+020+0050,63,5.6,0,SEQ_us7000hhhc,development
us6000hywe,2022-06-30T18:40:36Z,2022,6.0,mww,30.0,19.0236,121.3363,G+010+0120,21,5.3,0,SEQ_us6000hywe,train
us6000hz8x,2022-07-01T21:32:07Z,2022,6.0,mww,16.0,26.9061,55.2389,G+020+0050,489,4.9,0,SEQ_us7000hhhc,development
us6000hz94,2022-07-01T21:47:51Z,2022,5.0,mb,10.0,26.8923,55.2365,G+020+0050,16,6.8,1,SEQ_us7000hhhc,development
us6000hz9p,2022-07-01T23:24:13Z,2022,5.7,mwb,7.0,26.8843,55.2572,G+020+0050,35,4.8,0,SEQ_us7000hhhc,development
us6000hz9v,2022-07-01T23:25:13Z,2022,6.0,mwb,9.0,26.8878,55.3213,G+020+0050,150,5.9,0,SEQ_us7000hhhc,development
us6000i03g,2022-07-05T20:10:25Z,2022,5.3,mww,73.636,38.4394,142.0322,G+030+0140,11,4.8,0,SEQ_us6000i03g,train
us6000i1yw,2022-07-12T23:36:12Z,2022,5.5,mww,24.937,-16.7782,-71.2091,G-020-0080,39,7.2,1,SEQ_us6000i1yw,development
us6000i2g9,2022-07-14T19:16:58Z,2022,5.3,mww,107.65,10.7317,-62.6013,G+010-0070,45,5.5,0,SEQ_us6000i2g9,train
us6000i2j3,2022-07-14T22:30:11Z,2022,5.7,mww,73.0,-2.0369,-79.7903,G-010-0080,65,5.2,0,SEQ_us6000i2j3,train
us7000hsg4,2022-07-21T17:07:25Z,2022,5.9,mww,5.0,21.1504,99.8777,G+020+0090,50,5.6,0,SEQ_us7000hsg4,development
us7000hszk,2022-07-23T16:07:47Z,2022,5.4,mww,9.0,26.8637,55.2135,G+020+0050,29,3.6,0,SEQ_us7000hhhc,development
us7000hszl,2022-07-23T16:09:06Z,2022,5.6,mww,11.0,26.9783,55.3932,G+020+0050,42,4.1,0,SEQ_us7000hhhc,development
us6000i5rd,2022-07-27T00:43:26Z,2022,7.0,mww,33.729,17.5207,120.8181,G+010+0120,692,7.4,1,SEQ_us6000i5rd,train
us6000i5zi,2022-07-27T18:58:58Z,2022,6.2,mww,112.0,-22.1876,-68.5789,G-030-0070,41,5.3,0,SEQ_us6000i5zi,train
us6000i636,2022-07-28T04:15:03Z,2022,6.1,mww,54.0,-21.9311,-70.3386,G-030-0080,57,7.0,1,SEQ_us6000i636,train
us6000i64e,2022-07-28T09:23:16Z,2022,5.2,mww,70.418,12.4155,-87.6797,G+010-0090,23,3.9,0,SEQ_us6000i64e,train
us6000i693,2022-07-28T18:28:22Z,2022,5.8,mww,10.362,-7.0524,146.7654,G-010+0140,20,7.5,1,SEQ_us6000i693,train
us6000i6vr,2022-07-31T02:28:08Z,2022,5.1,mb,10.0,27.1316,86.7827,G+020+0080,55,5.6,0,SEQ_us6000i6vr,train
us6000i70d,2022-07-31T17:48:00Z,2022,5.4,mww,10.0,63.955,-22.35,G+060-0030,33,6.3,1,SEQ_us6000i70d,train
us6000i70q,2022-07-31T18:48:10Z,2022,5.1,mww,10.0,17.292,120.7158,G+010+0120,10,5.4,0,SEQ_us6000i5rd,train
us6000i7cg,2022-08-02T02:27:05Z,2022,5.0,mww,10.0,64.0567,-21.9282,G+060-0030,37,4.3,0,SEQ_us6000i70d,train
us6000i7hp,2022-08-02T15:17:01Z,2022,5.4,mww,10.0,16.1209,-87.5018,G+010-0090,89,5.7,0,SEQ_us6000i7hp,development
us6000i7wm,2022-08-04T00:48:17Z,2022,5.4,mww,50.193,37.6309,141.7117,G+030+0140,20,4.1,0,SEQ_us6000i03g,train
us6000i8nr,2022-08-06T16:08:22Z,2022,5.2,mww,10.0,27.6656,-111.6466,G+020-0120,10,3.4,0,SEQ_us6000i8nr,development
us6000ia64,2022-08-12T08:17:26Z,2022,5.2,mww,71.653,18.4823,-100.8797,G+010-0110,15,3.8,0,SEQ_us6000ia64,development
us6000iag5,2022-08-13T06:25:32Z,2022,5.8,mww,19.913,6.9062,123.792,G+000+0120,17,6.4,1,SEQ_us6000iag5,train
us6000ianw,2022-08-14T03:24:22Z,2022,5.0,mww,11.697,37.9952,27.1512,G+030+0020,62,4.4,0,SEQ_us6000ianw,train
us6000iayh,2022-08-15T08:23:06Z,2022,5.4,mww,18.273,6.616,125.0631,G+000+0120,19,5.6,0,SEQ_us6000iayh,train
us6000ibrs,2022-08-18T02:10:22Z,2022,5.3,mww,106.974,-34.368,-70.6102,G-040-0080,157,4.3,0,SEQ_us6000ibrs,train
us6000ibsp,2022-08-18T05:46:08Z,2022,5.1,mww,46.857,37.5959,141.7262,G+030+0140,11,5.3,0,SEQ_us6000i03g,train
us6000icp4,2022-08-22T08:36:32Z,2022,5.4,mww,128.0,-8.9212,115.696,G-010+0110,154,3.9,0,SEQ_us6000icp4,train
us6000id0t,2022-08-23T14:31:39Z,2022,6.2,mww,45.258,-5.0926,103.079,G-010+0100,55,5.5,0,SEQ_us6000id0t,train
us7000i2ye,2022-08-27T18:27:36Z,2022,5.2,mww,20.398,17.2931,120.7624,G+010+0120,11,4.6,0,SEQ_us6000i5rd,train
us7000i3cd,2022-08-29T12:55:57Z,2022,5.7,mww,127.34,13.7441,144.9427,G+010+0140,163,5.8,0,SEQ_us7000i3cd,train
us7000i3yp,2022-08-31T10:10:11Z,2022,5.4,mww,10.926,37.5527,26.8515,G+030+0020,60,4.6,0,SEQ_us6000ianw,train
us7000i4vy,2022-09-03T06:53:35Z,2022,5.1,mww,14.953,9.037,-83.8515,G+000-0090,29,4.1,0,SEQ_us7000i4vy,train
us7000i57m,2022-09-04T21:57:35Z,2022,5.1,mww,10.0,34.6636,70.7117,G+030+0070,19,7.0,1,SEQ_us7000i57m,train
us7000i59t,2022-09-05T04:52:19Z,2022,6.6,mww,12.0,29.6786,102.236,G+020+0100,56,9.1,1,SEQ_us7000i59t,train
us7000i5kj,2022-09-06T07:35:35Z,2022,5.2,mww,17.262,12.9415,-87.3472,G+010-0090,13,5.9,0,SEQ_us7000i5kj,development
us6000ii2v,2022-09-08T07:36:23Z,2022,5.5,mww,10.482,37.8942,20.0987,G+030+0020,41,5.4,0,SEQ_us6000ii2v,train
us6000iitd,2022-09-10T23:47:00Z,2022,7.6,mww,116.0,-6.2944,146.5038,G-010+0140,102,7.5,1,SEQ_us6000iitd,train
us7000i7qe,2022-09-13T18:41:20Z,2022,5.2,mww,22.886,7.2234,-82.3194,G+000-0090,11,6.1,1,SEQ_us7000i7qe,train
us7000i7ya,2022-09-14T11:04:06Z,2022,7.0,mww,137.0,-21.1909,170.2666,G-030+0170,12,6.9,1,SEQ_us7000i7ya,train
us7000i8ui,2022-09-17T13:41:17Z,2022,6.5,mww,10.0,23.1191,121.4138,G+020+0120,146,6.8,1,SEQ_us7000i8ui,train
us7000i903,2022-09-18T05:19:17Z,2022,5.6,mww,11.0,23.0986,121.3134,G+020+0120,22,6.7,1,SEQ_us7000i8ui,train
us7000i90q,2022-09-18T06:44:13Z,2022,6.9,mww,10.0,23.138,121.3439,G+020+0120,176,9.1,1,SEQ_us7000i8ui,train
us7000i96l,2022-09-19T02:07:42Z,2022,5.5,mww,9.0,23.371,121.4499,G+020+0120,15,3.9,0,SEQ_us7000i8ui,train
us7000i9bw,2022-09-19T18:05:08Z,2022,7.6,mww,26.943,18.4552,-102.9561,G+010-0110,1178,8.3,1,SEQ_us7000i9bw,train
us7000i9cl,2022-09-19T19:30:39Z,2022,5.3,mb,10.0,18.4778,-103.8147,G+010-0110,10,4.8,0,SEQ_us7000i9bw,train
us7000i9hm,2022-09-20T08:17:10Z,2022,5.8,mww,16.0,18.3487,-103.6243,G+010-0110,97,5.8,0,SEQ_us7000i9bw,train
us7000i9ka,2022-09-20T15:42:06Z,2022,5.0,mb,128.215,13.7889,145.0017,G+010+0140,15,5.4,0,SEQ_us7000i3cd,train
us7000ia36,2022-09-22T06:16:09Z,2022,6.8,mww,20.0,18.2633,-102.9554,G+010-0110,617,7.6,1,SEQ_us7000i9bw,train
us7000ia3y,2022-09-22T09:07:05Z,2022,5.2,mww,70.221,-40.7221,174.1117,G-050+0170,52,4.9,0,SEQ_us7000ia3y,train
us7000iaj5,2022-09-23T18:25:59Z,2022,5.2,mww,41.467,18.5021,-103.6506,G+010-0110,28,4.1,0,SEQ_us7000i9bw,train
us7000iaka,2022-09-23T20:52:58Z,2022,6.2,mww,42.181,3.8109,96.0514,G+000+0090,15,4.6,0,SEQ_us7000iaka,train
us7000iam0,2022-09-23T22:53:27Z,2022,6.1,mww,20.0,-41.3788,-75.5767,G-050-0080,21,5.6,0,SEQ_us7000iam0,train
us7000iazy,2022-09-25T21:30:21Z,2022,5.1,mwr,10.0,15.852,-88.4046,G+010-0090,50,4.1,0,SEQ_us7000iazy,development
us6000inmr,2022-09-27T14:08:32Z,2022,5.3,mww,10.0,40.7188,42.8876,G+040+0040,12,6.0,1,SEQ_us6000inmr,train
us6000ip1x,2022-09-28T19:48:40Z,2022,5.2,mww,38.398,17.7053,-61.6358,G+010-0070,11,3.1,0,SEQ_us6000ip1x,train
us6000ipft,2022-09-29T22:22:36Z,2022,5.6,mww,150.0,23.1002,94.8968,G+020+0090,21,4.3,0,SEQ_us6000ipft,train
ak022ci7x3po,2022-09-29T23:08:10Z,2022,5.0,mww,13.3,60.2235,-141.1937,G+060-0150,12,3.8,0,SEQ_ak022ci7x3po,train
us6000iq08,2022-10-01T15:02:32Z,2022,5.7,mww,31.0,31.3495,131.4691,G+030+0130,17,5.4,0,SEQ_us6000iq08,train
us6000iq0y,2022-10-01T16:36:49Z,2022,5.5,mww,22.848,14.9867,-94.0236,G+010-0100,10,3.9,0,SEQ_us6000iq0y,train
us6000iqx6,2022-10-05T00:21:29Z,2022,5.6,mww,15.0,38.5064,45.0259,G+030+0040,48,7.2,1,SEQ_us6000iqx6,train
us6000is5j,2022-10-08T22:02:28Z,2022,5.3,mww,19.78,38.3392,22.5785,G+030+0020,59,5.8,0,SEQ_us6000is5j,train
us6000isjn,2022-10-10T19:24:39Z,2022,5.5,mww,15.0,23.9304,122.2867,G+020+0120,28,4.8,0,SEQ_us6000isjn,train
us6000itam,2022-10-13T14:03:54Z,2022,5.0,mww,167.004,-40.3844,173.4019,G-050+0170,21,5.8,0,SEQ_us7000ia3y,train
us6000itgv,2022-10-13T22:20:20Z,2022,6.4,mww,72.0,-4.812,153.5906,G-010+0150,11,6.1,1,SEQ_us6000itgv,development
hv72000488,2022-10-14T19:07:29Z,2022,5.02,ml,8.99,19.14,-155.494,G+010-0160,1036,7.0,1,SEQ_hv72000488,train
us6000iuhb,2022-10-18T07:35:33Z,2022,5.0,mww,49.501,-30.6937,-71.4308,G-040-0080,10,4.1,0,SEQ_us6000iuhb,development
us6000iust,2022-10-19T08:05:40Z,2022,5.5,mww,34.0,6.7327,125.1351,G+000+0120,16,6.0,1,SEQ_us6000iust,train
us6000iv6c,2022-10-20T11:57:12Z,2022,6.7,mww,20.0,7.6901,-82.3342,G+000-0090,148,7.2,1,SEQ_us6000iv6c,development
us6000iwds,2022-10-25T14:59:00Z,2022,6.4,mww,6.0,17.6609,120.8147,G+010+0120,120,7.9,1,SEQ_us6000iwds,train
nc73799091,2022-10-25T18:42:02Z,2022,5.06,mw,8.38,37.3115,-121.672,G+030-0130,24205,4.6,0,SEQ_nc73799091,train
us7000ilwt,2022-11-02T04:53:13Z,2022,6.0,mww,10.0,31.5042,-133.351,G+030-0140,96,3.8,0,SEQ_us7000ilwt,train
us7000im41,2022-11-03T04:50:25Z,2022,5.1,mww,153.171,45.5117,26.4901,G+040+0020,332,6.4,1,SEQ_us7000im41,train
us7000imeu,2022-11-04T04:26:09Z,2022,5.7,mww,43.0,13.1449,-89.5573,G+010-0090,73,7.4,1,SEQ_us7000imeu,train
us7000imgl,2022-11-04T10:02:46Z,2022,6.1,mww,10.0,28.1573,-112.3106,G+020-0120,60,4.1,0,SEQ_us7000imgl,train
us7000imhd,2022-11-04T14:39:03Z,2022,5.0,mww,19.374,-20.1565,-70.7006,G-030-0080,12,3.6,0,SEQ_us7000imhd,train
us7000impk,2022-11-05T12:12:40Z,2022,5.1,mww,36.322,-33.3848,-68.5697,G-040-0070,37,5.5,0,SEQ_us7000impk,train
us7000in91,2022-11-08T08:51:16Z,2022,5.0,mww,89.713,-33.6656,-70.7391,G-040-0080,119,4.3,0,SEQ_us7000in91,train
us7000incn,2022-11-08T20:27:22Z,2022,5.7,mww,11.0,29.2917,81.1593,G+020+0080,379,7.9,1,SEQ_us7000incn,train
us7000ine5,2022-11-09T01:15:10Z,2022,5.1,mww,54.125,-4.2315,-80.5466,G-010-0090,12,3.9,0,SEQ_us7000ine5,train
us7000infp,2022-11-09T06:07:26Z,2022,5.6,mww,8.0,43.9315,13.3152,G+040+0010,186,8.7,1,SEQ_us7000infp,train
us7000inqd,2022-11-10T05:01:05Z,2022,5.5,mww,15.0,28.3835,94.4118,G+020+0090,13,7.2,1,SEQ_us7000inqd,train
us7000ip0l,2022-11-11T10:48:46Z,2022,7.3,mww,37.0,-19.2881,-172.1471,G-020-0180,28,4.6,0,SEQ_us7000ip0l,train
us7000ip7p,2022-11-12T04:39:46Z,2022,5.8,mww,93.543,14.1024,-90.94,G+010-0100,163,6.6,1,SEQ_us7000ip7p,train
us7000ipbc,2022-11-12T14:27:05Z,2022,5.2,mww,10.0,29.3523,81.1777,G+020+0080,37,4.7,0,SEQ_us7000incn,train
us7000ipe4,2022-11-13T02:24:57Z,2022,6.2,mww,18.0,-37.4652,-73.6757,G-040-0080,144,6.4,1,SEQ_us7000ipe4,train
us7000ipkm,2022-11-14T08:08:26Z,2022,6.1,mww,346.0,33.8139,137.3055,G+030+0130,153,4.3,0,SEQ_us7000ipkm,train
tx2022wmmd,2022-11-16T21:32:44Z,2022,5.4,ml,6.902807617,31.6367452,-103.9987871,G+030-0110,2303,6.3,1,SEQ_tx2022wmmd,train
pr2022321001,2022-11-17T11:48:26Z,2022,5.0,ml,4.0,19.037,-67.2915,G+010-0070,101,6.5,1,SEQ_pr2022321001,train
us7000ir86,2022-11-20T23:24:58Z,2022,5.5,mww,63.0,35.8357,26.4319,G+030+0020,42,4.6,0,SEQ_us7000ir86,development
us7000ir9t,2022-11-21T06:21:07Z,2022,5.6,mww,10.0,-6.836,106.9968,G-010+0100,169,5.1,0,SEQ_us7000ir9t,train
us7000irbr,2022-11-21T15:42:33Z,2022,5.2,mww,10.0,43.4874,-127.3382,G+040-0130,42,3.1,0,SEQ_us7000irbr,train
us7000irfb,2022-11-22T02:03:06Z,2022,7.0,mww,14.0,-9.8198,159.6033,G-010+0150,17,8.4,1,SEQ_us7000irfb,train
us7000irjd,2022-11-22T16:39:05Z,2022,6.2,mww,10.0,30.7936,-116.3907,G+030-0120,438,6.8,1,SEQ_us7000irjd,development
us7000irp8,2022-11-23T01:08:15Z,2022,6.1,mww,10.0,40.8356,30.9831,G+040+0030,1693,7.6,1,SEQ_us7000irp8,train
us6000j5n4,2022-11-30T00:55:55Z,2022,5.3,mww,4.0,56.1593,-116.576,G+050-0120,315,6.0,1,SEQ_us6000j5n4,train
us6000j5r4,2022-11-30T10:48:00Z,2022,5.3,mww,5.421,-38.8102,175.9149,G-040+0170,16,9.1,1,SEQ_us6000j5r4,train
us6000j5sn,2022-11-30T15:17:41Z,2022,5.7,mww,6.0,26.8866,55.2391,G+020+0050,13,3.8,0,SEQ_us6000j5sn,train
us6000j68b,2022-12-02T05:07:48Z,2022,5.1,mww,170.186,-38.3366,176.076,G-040+0170,14,3.4,0,SEQ_us6000j5r4,train
us6000j6k5,2022-12-03T09:49:40Z,2022,5.6,mww,120.0,-7.2331,107.6139,G-010+0100,37,4.6,0,SEQ_us7000ir9t,train
us6000j6w8,2022-12-04T19:24:15Z,2022,6.8,mww,38.0,-15.3497,-172.9867,G-020-0180,19,4.6,0,SEQ_us6000j6w8,development
us6000j77l,2022-12-06T06:07:48Z,2022,5.9,mww,17.0,-10.7234,113.386,G-020+0110,11,2.5,0,SEQ_us6000j77l,train
us6000j7j9,2022-12-07T05:05:27Z,2022,5.2,mww,10.0,14.503,123.0492,G+010+0120,40,4.7,0,SEQ_us6000j7j9,train
us6000j7r0,2022-12-08T00:50:55Z,2022,5.8,mww,107.0,-6.7109,107.1456,G-010+0100,47,5.9,0,SEQ_us7000ir9t,train
us6000j7uj,2022-12-08T06:42:15Z,2022,5.5,mww,61.331,42.236,46.9267,G+040+0040,10,4.8,0,SEQ_us6000j7uj,train
us6000j88f,2022-12-09T20:01:56Z,2022,5.6,mww,72.166,6.4472,126.1762,G+000+0120,15,4.6,0,SEQ_us6000j88f,train
us6000j8cw,2022-12-10T06:41:29Z,2022,5.6,mww,117.0,-23.0906,-68.1419,G-030-0070,13,4.4,0,SEQ_us6000j8cw,development
us6000j8d7,2022-12-10T07:25:48Z,2022,5.4,mww,21.67,-33.646,-72.079,G-040-0080,26,4.6,0,SEQ_us6000j8d7,train
us6000j8lp,2022-12-11T14:31:29Z,2022,6.0,mww,18.0,17.1801,-100.53,G+010-0110,98,6.3,1,SEQ_us6000j8lp,train
us6000j8z3,2022-12-13T10:38:21Z,2022,5.2,mww,10.0,-8.256,115.6356,G-010+0110,64,6.7,1,SEQ_us6000j8z3,development
us6000j9by,2022-12-15T04:03:15Z,2022,5.9,mww,13.0,23.7695,121.8115,G+020+0120,35,7.4,1,SEQ_us6000j9by,train
us6000j9es,2022-12-15T14:32:23Z,2022,5.6,mww,66.834,12.9159,-88.5083,G+010-0090,22,4.1,0,SEQ_us6000j9es,development
tx2022yplg,2022-12-16T23:35:27Z,2022,5.2,ml,8.1923,32.191,-102.141,G+030-0110,2405,7.8,1,SEQ_tx2022yplg,train
us6000ja1a,2022-12-17T18:06:02Z,2022,5.6,mww,30.0,31.7958,131.6429,G+030+0130,11,4.1,0,SEQ_us6000ja1a,train
nc73821036,2022-12-20T10:34:24Z,2022,6.4,mw,17.91,40.525,-124.423,G+040-0130,5910,7.3,1,SEQ_nc73821036,temporal_straddle_excluded
us7000j0m2,2022-12-28T12:24:20Z,2022,5.0,mww,10.314,38.5814,23.7093,G+030+0020,42,6.1,1,SEQ_us7000j0m2,train
us7000j0ps,2022-12-28T21:11:04Z,2022,5.3,mww,74.573,-16.5084,-72.2643,G-020-0080,15,5.4,0,SEQ_us7000j0ps,development
nc73827571,2023-01-01T18:35:04Z,2023,5.35,mw,30.63,40.409,-123.971,G+040-0130,1208,5.4,0,SEQ_nc73821036,temporal_straddle_excluded
us7000j1vk,2023-01-03T16:39:23Z,2023,5.0,mww,10.0,-37.6553,175.7164,G-040+0170,110,5.7,0,SEQ_us7000j1vk,external_temporal_holdout
us7000j2b9,2023-01-05T14:25:53Z,2023,6.0,mww,203.0,36.4738,70.7455,G+030+0070,19,5.6,0,SEQ_us7000j2b9,external_temporal_holdout
us7000j2yw,2023-01-08T12:32:42Z,2023,7.0,mww,29.0,-14.9467,166.8791,G-020+0160,17,8.2,1,SEQ_us7000j2yw,external_temporal_holdout
us7000j34c,2023-01-09T12:26:33Z,2023,5.3,mww,67.859,-8.8299,111.1757,G-010+0110,17,4.3,0,SEQ_us7000j34c,external_temporal_holdout
us7000j36j,2023-01-09T17:47:35Z,2023,7.6,mww,104.95,-7.0586,130.009,G-010+0130,216,8.8,1,SEQ_us7000j36j,external_temporal_holdout
ak023guxpjr,2023-01-10T19:42:02Z,2023,5.0,mww,20.0,54.6782,-156.8589,G+050-0160,33,4.7,0,SEQ_ak023guxpjr,external_temporal_holdout
us7000j3ld,2023-01-11T10:17:18Z,2023,5.0,mww,10.0,43.9646,-128.7389,G+040-0130,10,4.0,0,SEQ_us7000j3ld,external_temporal_holdout
us7000j3ty,2023-01-12T06:19:10Z,2023,5.5,mww,49.0,-30.6176,-71.3759,G-040-0080,20,4.9,0,SEQ_us7000j3ty,external_temporal_holdout
us7000j4ld,2023-01-15T23:07:53Z,2023,5.2,mww,10.0,14.0226,-89.7977,G+010-0090,15,6.8,1,SEQ_us7000j4ld,external_temporal_holdout
us7000j4mj,2023-01-16T04:49:51Z,2023,6.3,mww,405.0,28.9804,139.3452,G+020+0130,13,2.8,0,SEQ_us7000j4mj,external_temporal_holdout
us7000j56z,2023-01-18T10:08:14Z,2023,5.7,mww,19.102,38.4334,44.9458,G+030+0040,14,8.0,1,SEQ_us7000j56z,external_temporal_holdout
us7000j59j,2023-01-18T15:54:46Z,2023,5.1,mww,10.0,34.8554,14.2579,G+030+0010,11,7.3,1,SEQ_us7000j59j,external_temporal_holdout
us7000j5hh,2023-01-19T11:30:42Z,2023,5.1,mww,104.372,35.5464,71.3961,G+030+0070,10,3.6,0,SEQ_us7000j5hh,external_temporal_holdout
us7000j5sc,2023-01-20T11:23:40Z,2023,6.1,mww,162.0,16.1397,-62.1529,G+010-0070,170,4.3,0,SEQ_us7000j5sc,external_temporal_holdout
us7000j5x2,2023-01-20T22:09:39Z,2023,6.8,mww,596.837,-26.7506,-63.0824,G-030-0070,17,4.1,0,SEQ_us7000j5x2,external_temporal_holdout
us7000j6bz,2023-01-23T10:37:52Z,2023,5.1,mww,10.0,34.9739,14.1811,G+030+0010,10,4.1,0,SEQ_us7000j59j,external_temporal_holdout
us7000j6c8,2023-01-23T13:42:02Z,2023,5.1,mb,10.0,24.8836,93.079,G+020+0090,11,3.7,0,SEQ_us7000j6c8,external_temporal_holdout
us6000jivm,2023-01-24T08:58:33Z,2023,5.4,mww,33.11,29.5825,81.6638,G+020+0080,45,7.3,1,SEQ_us6000jivm,external_temporal_holdout
us6000jj05,2023-01-24T20:25:34Z,2023,5.3,mww,10.0,34.8772,14.3112,G+030+0010,26,3.6,0,SEQ_us7000j59j,external_temporal_holdout
us6000jj5k,2023-01-25T12:37:05Z,2023,5.9,mww,29.59,35.7086,28.4965,G+030+0020,55,4.8,0,SEQ_us6000jj5k,external_temporal_holdout
us6000jjbh,2023-01-26T04:16:05Z,2023,5.3,mb,10.0,16.6149,-25.6191,G+010-0030,13,3.8,0,SEQ_us6000jjbh,external_temporal_holdout
us6000jjtj,2023-01-27T20:25:27Z,2023,5.4,mww,71.0,10.69,125.4524,G+010+0120,12,4.1,0,SEQ_us6000jjtj,external_temporal_holdout
us6000jk0t,2023-01-28T18:14:45Z,2023,5.9,mww,16.0,38.4199,44.9097,G+030+0040,31,8.2,1,SEQ_us7000j56z,external_temporal_holdout
us6000jkea,2023-01-30T19:55:25Z,2023,5.3,mww,10.3,34.9098,14.2728,G+030+0010,92,3.6,0,SEQ_us7000j59j,external_temporal_holdout
us6000jkpr,2023-02-01T10:44:46Z,2023,6.0,mww,19.0,7.7431,126.0566,G+000+0120,131,7.9,1,SEQ_us6000jkpr,external_temporal_holdout
us6000jkqk,2023-02-01T11:11:17Z,2023,5.0,mwr,47.1,17.9475,-70.3727,G+010-0080,842,4.8,0,SEQ_us6000jkqk,external_temporal_holdout
ak0231itcv2l,2023-02-02T14:48:25Z,2023,5.0,mww,112.6,61.0667,-152.2226,G+060-0160,468,3.2,0,SEQ_ak0231itcv2l,external_temporal_holdout
us6000jl9z,2023-02-03T23:14:20Z,2023,5.0,mww,100.656,-38.8845,175.873,G-040+0170,12,4.1,0,SEQ_us6000jl9z,external_temporal_holdout
us6000jlds,2023-02-04T12:22:37Z,2023,5.8,mww,121.0,-6.4048,146.2298,G-010+0140,19,4.7,0,SEQ_us6000jlds,external_temporal_holdout
us6000jlhg,2023-02-05T01:02:45Z,2023,5.5,mww,70.157,-29.6487,-71.2511,G-030-0080,12,4.1,0,SEQ_us6000jlhg,external_temporal_holdout
us6000jllz,2023-02-06T01:17:34Z,2023,7.8,mww,10.0,37.2256,37.0143,G+030+0030,3182,9.1,1,SEQ_us6000jllz,external_temporal_holdout
us6000jlm1,2023-02-06T01:28:15Z,2023,6.7,mww,9.797,37.1893,36.8929,G+030+0030,149,9.1,1,SEQ_us6000jllz,external_temporal_holdout
us6000jlqa,2023-02-06T10:24:48Z,2023,7.5,mww,7.432,38.0106,37.1962,G+030+0030,677,9.1,1,SEQ_us6000jllz,external_temporal_holdout
us6000jlrc,2023-02-06T12:02:11Z,2023,6.0,mb,8.516,38.0582,36.5114,G+030+0030,24,7.5,1,SEQ_us6000jllz,external_temporal_holdout
us6000jm4c,2023-02-07T00:35:51Z,2023,5.4,mb,50.524,-7.2442,106.0073,G-010+0100,15,5.7,0,SEQ_us6000jm4c,external_temporal_holdout
us6000jm51,2023-02-07T02:29:34Z,2023,5.0,mb,110.678,14.0618,145.0781,G+010+0140,19,3.2,0,SEQ_us6000jm51,external_temporal_holdout
us6000jmhm,2023-02-08T15:16:16Z,2023,5.5,mww,10.0,16.7337,-86.0574,G+010-0090,69,6.8,1,SEQ_us6000jmhm,external_temporal_holdout
us6000jnl6,2023-02-13T14:58:05Z,2023,5.0,mww,10.0,45.1309,23.1834,G+040+0020,357,7.9,1,SEQ_us6000jnl6,external_temporal_holdout
us6000jnqz,2023-02-14T13:16:50Z,2023,5.6,mww,10.0,45.0998,23.2013,G+040+0020,1039,7.6,1,SEQ_us6000jnl6,external_temporal_holdout
us6000jp1g,2023-02-15T06:38:08Z,2023,5.7,mww,78.171,-40.5533,174.5343,G-050+0170,91,5.8,0,SEQ_us6000jp1g,external_temporal_holdout
us6000jp3b,2023-02-15T13:04:09Z,2023,5.2,mb,158.822,6.7659,-73.0236,G+000-0080,17,4.1,0,SEQ_us6000jp3b,external_temporal_holdout
us6000jp76,2023-02-15T18:10:08Z,2023,6.1,mww,8.0,12.3099,123.8605,G+010+0120,55,7.7,1,SEQ_us6000jp76,external_temporal_holdout
us6000jpbd,2023-02-16T06:50:44Z,2023,5.4,mww,10.0,19.5974,-73.6826,G+010-0080,10,5.6,0,SEQ_us6000jpbd,external_temporal_holdout
us6000jpff,2023-02-16T19:47:49Z,2023,5.2,mww,10.0,36.1766,35.7967,G+030+0030,60,5.4,0,SEQ_us6000jpff,external_temporal_holdout
us6000jpyq,2023-02-18T19:31:31Z,2023,5.0,mww,12.158,38.0696,36.5991,G+030+0030,12,3.3,0,SEQ_us6000jllz,external_temporal_holdout
us6000jqcn,2023-02-20T17:04:29Z,2023,6.3,mww,16.0,36.1616,36.0251,G+030+0030,546,9.1,1,SEQ_us6000jpff,external_temporal_holdout
ak0232e34rrl,2023-02-21T05:35:25Z,2023,5.4,mww,11.7,56.8378,-153.048,G+050-0160,110,4.3,0,SEQ_ak0232e34rrl,external_temporal_holdout
us6000jqxc,2023-02-23T00:37:38Z,2023,6.9,mww,9.0,38.0552,73.2287,G+030+0070,33,8.7,1,SEQ_us6000jqxc,external_temporal_holdout
us6000jriw,2023-02-25T10:27:10Z,2023,5.2,mww,11.752,37.9797,33.9876,G+030+0030,35,6.5,1,SEQ_us6000jriw,external_temporal_holdout
us6000jrjl,2023-02-25T13:27:43Z,2023,6.0,mww,55.0,42.8258,145.0212,G+040+0140,17,7.7,1,SEQ_us6000jrjl,external_temporal_holdout
us6000jrw4,2023-02-27T09:04:51Z,2023,5.2,mww,10.0,38.2144,38.2773,G+030+0030,13,7.1,1,SEQ_us6000jllz,external_temporal_holdout
us7000jg2l,2023-02-27T18:46:06Z,2023,5.2,mww,72.114,12.7603,-87.9127,G+010-0090,16,3.1,0,SEQ_us7000jg2l,external_temporal_holdout
us7000jgbl,2023-02-28T19:44:35Z,2023,5.2,mww,69.345,13.6009,-90.7301,G+010-0100,10,3.2,0,SEQ_us7000jgbl,external_temporal_holdout
us7000jgr1,2023-03-02T04:40:43Z,2023,5.7,mww,95.635,16.2561,-94.4102,G+010-0100,64,4.1,0,SEQ_us7000jgr1,external_temporal_holdout
us7000jhi6,2023-03-05T20:43:02Z,2023,5.4,mww,10.0,7.5373,126.1657,G+000+0120,14,7.8,1,SEQ_us7000jhi6,external_temporal_holdout
us7000jhtd,2023-03-07T06:02:31Z,2023,5.9,mww,16.051,7.4941,126.0567,G+000+0120,61,7.6,1,SEQ_us7000jhi6,external_temporal_holdout
us7000jhuv,2023-03-07T08:47:41Z,2023,5.6,mww,10.0,7.6315,126.2526,G+000+0120,20,8.3,1,SEQ_us7000jhi6,external_temporal_holdout
us7000jirz,2023-03-10T09:18:40Z,2023,5.4,mww,160.432,6.7308,-73.027,G+000-0080,269,6.1,1,SEQ_us6000jp3b,external_temporal_holdout
us7000jjp7,2023-03-14T00:49:08Z,2023,6.3,mww,213.0,-5.4205,146.8342,G-010+0140,16,6.1,1,SEQ_us7000jjp7,external_temporal_holdout
us7000jkel,2023-03-16T11:47:14Z,2023,5.2,mww,10.0,38.5027,45.0678,G+030+0040,19,5.9,0,SEQ_us7000jkel,external_temporal_holdout
us7000jkjc,2023-03-16T18:32:51Z,2023,5.1,mww,10.0,35.3022,46.0259,G+030+0040,33,4.2,0,SEQ_us7000jkjc,external_temporal_holdout
us7000jkvz,2023-03-17T15:46:01Z,2023,5.3,mww,10.0,-38.0594,176.6164,G-040+0170,47,6.7,1,SEQ_us7000jkvz,external_temporal_holdout
us7000jl3s,2023-03-18T17:12:52Z,2023,6.8,mww,68.0,-2.7834,-79.8518,G-010-0080,253,8.4,1,SEQ_us7000jl3s,external_temporal_holdout
ak0233l8vwxa,2023-03-19T15:06:27Z,2023,5.4,mww,65.4,59.6095,-151.907,G+050-0160,1267,5.1,0,SEQ_ak0233l8vwxa,external_temporal_holdout
us7000jlkb,2023-03-21T01:44:13Z,2023,5.5,mww,35.0,9.3707,-84.1119,G+000-0090,114,5.8,0,SEQ_us7000jlkb,external_temporal_holdout
us7000jlkc,2023-03-21T01:45:20Z,2023,5.2,mww,8.327,23.6144,121.365,G+020+0120,12,3.1,0,SEQ_us7000jlkc,external_temporal_holdout
us7000jln7,2023-03-21T16:47:23Z,2023,6.5,mww,192.0,36.523,70.943,G+030+0070,1084,7.0,1,SEQ_us7000jln7,external_temporal_holdout
us7000jlpd,2023-03-21T17:38:13Z,2023,5.6,mww,60.008,-33.6108,-71.3399,G-040-0080,233,5.8,0,SEQ_us7000jlpd,external_temporal_holdout
us7000jlww,2023-03-22T10:38:47Z,2023,5.0,mb,10.0,37.1019,54.6552,G+030+0050,18,5.4,0,SEQ_us7000jlww,external_temporal_holdout
us7000jlxu,2023-03-22T16:00:34Z,2023,6.4,mww,228.0,-23.4224,-66.4954,G-030-0070,19,5.5,0,SEQ_us7000jlxu,external_temporal_holdout
us7000jm0r,2023-03-22T20:07:44Z,2023,5.8,mww,12.0,39.383,69.8931,G+030+0060,75,5.8,0,SEQ_us7000jm0r,external_temporal_holdout
us7000jmbi,2023-03-24T03:16:56Z,2023,5.6,mww,11.0,38.4614,44.8505,G+030+0040,54,6.1,1,SEQ_us7000jkel,external_temporal_holdout
us7000jmrf,2023-03-26T00:02:43Z,2023,5.4,mww,105.216,-21.0053,-68.6054,G-030-0070,14,3.6,0,SEQ_us7000jmrf,external_temporal_holdout
us6000k09q,2023-03-28T09:18:28Z,2023,6.0,mww,37.0,41.1434,142.8148,G+040+0140,17,3.8,0,SEQ_us6000k09q,external_temporal_holdout
us6000k0xf,2023-03-30T17:33:08Z,2023,6.3,mww,26.0,-35.6663,-73.4965,G-040-0080,37,5.0,0,SEQ_us6000k0xf,external_temporal_holdout
us6000k1id,2023-04-02T18:04:11Z,2023,7.0,mww,70.0,-4.3229,143.1658,G-010+0140,77,7.6,1,SEQ_us6000k1id,external_temporal_holdout
us6000k1qa,2023-04-03T14:59:41Z,2023,6.1,mww,84.0,0.8388,98.835,G+000+0090,20,5.3,0,SEQ_us6000k1qa,external_temporal_holdout
us6000k1uw,2023-04-04T02:11:57Z,2023,5.4,mww,31.0,16.0809,-96.9831,G+010-0100,79,5.8,0,SEQ_us6000k1uw,external_temporal_holdout
us6000k1x2,2023-04-04T12:54:31Z,2023,6.2,mww,10.0,13.7318,125.5376,G+010+0120,10,4.3,0,SEQ_us6000k1x2,external_temporal_holdout
us6000k20g,2023-04-04T22:18:12Z,2023,6.3,mww,16.0,7.5671,-82.3345,G+000-0090,235,7.4,1,SEQ_us6000k20g,external_temporal_holdout
us6000k2b0,2023-04-06T06:39:05Z,2023,5.1,mww,10.0,11.6432,-85.7772,G+010-0090,20,4.3,0,SEQ_us6000k2b0,external_temporal_holdout
us6000k36r,2023-04-10T00:37:29Z,2023,5.1,mb,58.547,-9.5889,115.1162,G-010+0110,11,3.8,0,SEQ_us6000k36r,external_temporal_holdout
us6000k3p4,2023-04-12T02:02:13Z,2023,5.3,mww,83.529,5.8532,126.7748,G+000+0120,10,6.1,1,SEQ_us6000k3p4,external_temporal_holdout
us6000k42y,2023-04-13T15:54:53Z,2023,6.0,mww,7.0,49.215,-129.6178,G+040-0130,57,2.7,0,SEQ_us6000k42y,external_temporal_holdout
us6000k49j,2023-04-14T09:55:45Z,2023,7.0,mww,597.0,-6.0413,112.0478,G-010+0110,133,5.5,0,SEQ_us6000k49j,external_temporal_holdout
us6000k4pf,2023-04-15T15:07:07Z,2023,5.5,mww,62.192,-4.8305,102.9546,G-010+0100,18,6.3,1,SEQ_us6000k4pf,external_temporal_holdout
us6000k4vb,2023-04-16T09:49:50Z,2023,5.2,mww,25.518,17.8047,-61.4915,G+010-0070,28,3.1,0,SEQ_us6000k4vb,external_temporal_holdout
us6000k5fw,2023-04-19T04:55:28Z,2023,5.2,mww,21.079,17.2744,-101.0622,G+010-0110,91,7.2,1,SEQ_us6000k5fw,external_temporal_holdout
us6000k67y,2023-04-21T22:19:48Z,2023,5.5,mww,13.812,35.0264,15.2188,G+030+0010,38,4.7,0,SEQ_us6000k67y,external_temporal_holdout
us7000jvl3,2023-04-24T20:00:57Z,2023,7.1,mww,34.0,-0.8082,98.5112,G-010+0090,80,9.1,1,SEQ_us7000jvl3,external_temporal_holdout
us7000jvqd,2023-04-25T05:36:00Z,2023,5.2,mww,68.886,-2.8231,-79.8374,G-010-0080,25,3.8,0,SEQ_us7000jvqd,external_temporal_holdout
us7000jvwe,2023-04-25T22:16:14Z,2023,5.4,mww,21.638,-40.2601,176.5323,G-050+0170,31,5.8,0,SEQ_us7000jvwe,external_temporal_holdout
us7000jvwg,2023-04-25T22:19:01Z,2023,5.3,mb,20.171,-40.3152,176.5877,G-050+0170,10,4.3,0,SEQ_us7000jvwe,external_temporal_holdout
us7000jw42,2023-04-26T20:00:34Z,2023,5.1,mww,116.496,36.4294,26.3159,G+030+0020,36,4.5,0,SEQ_us7000jw42,external_temporal_holdout
us7000jw73,2023-04-27T06:07:13Z,2023,5.0,mww,85.853,-35.6137,-71.3001,G-040-0080,16,4.3,0,SEQ_us7000jw73,external_temporal_holdout
us7000jwqp,2023-04-28T16:00:29Z,2023,5.2,mww,89.364,13.6644,120.6333,G+010+0120,26,3.8,0,SEQ_us7000jwqp,external_temporal_holdout
us7000jxag,2023-05-01T03:22:10Z,2023,5.9,mww,9.0,26.0161,128.4753,G+020+0120,10,3.1,0,SEQ_us7000jxag,external_temporal_holdout
us7000jxn2,2023-05-03T02:12:28Z,2023,5.0,mww,79.43,9.3732,-78.541,G+000-0080,16,3.1,0,SEQ_us7000jxn2,external_temporal_holdout
us6000k9mb,2023-05-05T05:42:04Z,2023,6.2,mww,10.0,37.5476,137.2994,G+030+0130,55,7.9,1,SEQ_us6000k9mb,external_temporal_holdout
us6000k9qv,2023-05-05T11:37:09Z,2023,5.6,mww,186.0,-37.242,177.2433,G-040+0170,11,4.1,0,SEQ_us6000k9qv,external_temporal_holdout
us6000k9rh,2023-05-05T12:58:03Z,2023,5.6,mwb,10.0,37.4872,137.2752,G+030+0130,18,7.2,1,SEQ_us6000k9mb,external_temporal_holdout
us6000kaam,2023-05-08T00:51:55Z,2023,5.2,mww,90.32,-2.7506,-78.9272,G-010-0080,34,4.6,0,SEQ_us6000kaam,external_temporal_holdout
us6000kawn,2023-05-10T16:02:00Z,2023,7.6,mww,210.0,-15.6278,-174.4925,G-020-0180,26,8.1,1,SEQ_us6000kawn,external_temporal_holdout
us6000kayd,2023-05-10T19:16:42Z,2023,5.2,mwr,39.454,35.1171,140.0913,G+030+0140,123,5.7,0,SEQ_us6000kayd,external_temporal_holdout
nc73886731,2023-05-11T23:19:41Z,2023,5.48,mw,5.85,40.2041667,-121.1095,G+040-0130,7030,6.1,1,SEQ_nc73886731,external_temporal_holdout
us6000kbcl,2023-05-12T08:02:31Z,2023,5.5,mww,10.806,12.4049,144.1714,G+010+0140,12,3.4,0,SEQ_us6000kbcl,external_temporal_holdout
nc73887046,2023-05-12T10:18:41Z,2023,5.16,mw,6.06,40.196,-121.0998333,G+040-0130,1350,6.2,1,SEQ_nc73886731,external_temporal_holdout
us6000kcnb,2023-05-17T23:01:59Z,2023,6.4,mww,252.0,15.1066,-90.8052,G+010-0100,57,4.8,0,SEQ_us6000kcnb,external_temporal_holdout
us6000kcxi,2023-05-18T18:58:51Z,2023,5.1,mww,10.789,34.9922,24.8491,G+030+0020,43,6.0,1,SEQ_us6000kcxi,external_temporal_holdout
us6000kd0n,2023-05-19T02:57:03Z,2023,7.7,mww,18.053,-23.2063,170.7423,G-030+0170,44,5.2,0,SEQ_us6000kd0n,external_temporal_holdout
nc73890906,2023-05-21T18:44:01Z,2023,5.58,mw,10.0,40.3775,-125.5628333,G+040-0130,623,5.7,0,SEQ_nc73890906,external_temporal_holdout
us6000kdu2,2023-05-22T07:42:40Z,2023,5.1,mww,10.0,34.4462,139.3058,G+030+0130,15,3.1,0,SEQ_us6000kdu2,external_temporal_holdout
us7000k3h5,2023-05-24T15:49:34Z,2023,6.2,mww,158.0,-6.9484,129.5293,G-010+0120,27,3.9,0,SEQ_us7000k3h5,external_temporal_holdout
us7000k3n3,2023-05-25T03:05:32Z,2023,6.5,mww,13.0,8.9223,-77.0904,G+000-0080,124,6.4,1,SEQ_us7000k3n3,external_temporal_holdout
us7000k46f,2023-05-26T10:03:24Z,2023,6.1,mww,42.0,35.5294,140.5281,G+030+0140,190,5.6,0,SEQ_us6000kayd,external_temporal_holdout
us7000k4kr,2023-05-28T05:49:56Z,2023,5.3,mww,230.416,36.6064,71.0508,G+030+0070,18,5.3,0,SEQ_us7000k4kr,external_temporal_holdout
us7000k4mu,2023-05-28T15:45:57Z,2023,5.2,mww,163.809,6.6964,-73.0303,G+000-0080,39,4.2,0,SEQ_us7000k4mu,external_temporal_holdout
us7000k51s,2023-05-30T16:51:35Z,2023,5.5,mww,24.602,-20.7038,-70.6344,G-030-0080,25,6.1,1,SEQ_us7000k51s,external_temporal_holdout
us7000k62d,2023-06-03T10:08:33Z,2023,5.0,mww,100.084,-20.6949,-68.7311,G-030-0070,14,4.0,0,SEQ_us7000k62d,external_temporal_holdout
us7000k6xu,2023-06-07T17:04:55Z,2023,5.6,mww,18.0,-8.8517,110.7921,G-010+0110,30,4.6,0,SEQ_us7000k6xu,external_temporal_holdout
us7000k7su,2023-06-11T09:54:44Z,2023,6.2,mww,121.0,42.5268,141.9005,G+040+0140,40,6.4,1,SEQ_us7000k7su,external_temporal_holdout
us7000k850,2023-06-13T08:03:40Z,2023,5.2,mww,10.0,33.1191,75.9074,G+030+0070,60,6.8,1,SEQ_us7000k850,external_temporal_holdout
us7000k8jz,2023-06-15T02:19:23Z,2023,6.2,mww,112.0,13.7629,120.7203,G+010+0120,209,6.1,1,SEQ_us7000k8jz,external_temporal_holdout
us7000k8qh,2023-06-15T18:06:28Z,2023,7.2,mww,179.0,-22.9936,-177.1067,G-030-0180,10,7.6,1,SEQ_us7000k8qh,external_temporal_holdout
us7000k8rm,2023-06-15T19:07:34Z,2023,5.4,mww,41.754,-34.5251,-71.882,G-040-0080,24,5.3,0,SEQ_us7000k8rm,external_temporal_holdout
us7000k8uw,2023-06-16T04:46:11Z,2023,5.0,mb,10.0,24.7339,92.0224,G+020+0090,78,7.4,1,SEQ_us7000k8uw,external_temporal_holdout
us7000k9bu,2023-06-18T09:10:28Z,2023,5.1,mww,26.6,-0.6767,-77.5799,G-010-0080,19,4.6,0,SEQ_us7000k9bu,external_temporal_holdout
ak0237rn9mb0,2023-06-18T09:14:31Z,2023,5.0,mww,84.2,58.1016,-154.6028,G+050-0160,66,3.8,0,SEQ_ak0237rn9mb0,external_temporal_holdout
us7000k9f0,2023-06-18T20:30:21Z,2023,6.4,mww,4.0,23.1671,-108.6922,G+020-0110,27,3.1,0,SEQ_us7000k9f0,external_temporal_holdout
us7000k9he,2023-06-19T01:40:24Z,2023,5.6,mww,13.518,15.2546,96.2895,G+010+0090,17,3.4,0,SEQ_us7000k9he,external_temporal_holdout
us7000ka8v,2023-06-22T01:24:16Z,2023,5.0,mww,37.098,26.3496,127.8415,G+020+0120,18,4.3,0,SEQ_us7000ka8v,external_temporal_holdout
us6000kp2e,2023-06-30T12:57:42Z,2023,5.9,mww,76.421,-8.6478,110.0229,G-010+0110,77,6.8,1,SEQ_us7000k6xu,external_temporal_holdout
us6000kpls,2023-07-02T10:27:43Z,2023,6.9,mww,229.0,-17.881,-174.9484,G-020-0180,21,3.9,0,SEQ_us6000kpls,external_temporal_holdout
us6000kpxj,2023-07-03T20:01:49Z,2023,5.3,mww,53.0,41.7302,49.2849,G+040+0040,116,7.1,1,SEQ_us6000kpxj,external_temporal_holdout
us6000kr5g,2023-07-09T17:11:33Z,2023,5.7,mww,99.0,-33.2105,-70.3351,G-040-0080,137,5.6,0,SEQ_us6000kr5g,external_temporal_holdout
us6000kr82,2023-07-09T22:22:59Z,2023,5.2,mww,5.0,64.0461,-22.1636,G+060-0030,50,3.8,0,SEQ_us6000kr82,external_temporal_holdout
us7000keq3,2023-07-10T20:28:26Z,2023,6.6,mww,14.0,20.0634,-61.1021,G+020-0070,417,6.0,1,SEQ_us7000keq3,external_temporal_holdout
us7000kfnc,2023-07-14T09:29:00Z,2023,6.3,mww,34.0,14.9004,-93.9011,G+010-0100,34,7.9,1,SEQ_us7000kfnc,external_temporal_holdout
us7000kg30,2023-07-16T06:48:21Z,2023,7.2,mww,25.0,54.3926,-160.762,G+050-0170,165,7.2,1,SEQ_us7000kg30,external_temporal_holdout
us7000kg5l,2023-07-16T13:44:34Z,2023,5.1,mww,62.74,18.3051,-100.8784,G+010-0110,11,3.4,0,SEQ_us7000kg5l,external_temporal_holdout
us7000kg9g,2023-07-17T03:05:11Z,2023,6.6,mww,186.0,-38.1862,-70.4427,G-040-0080,447,6.6,1,SEQ_us7000kg9g,external_temporal_holdout
us7000kgpb,2023-07-19T00:22:07Z,2023,6.5,mww,70.808,12.8,-88.0796,G+010-0090,202,8.2,1,SEQ_us7000kgpb,external_temporal_holdout
us7000kgr8,2023-07-19T02:46:57Z,2023,5.0,mb,71.486,12.842,-88.2108,G+010-0090,13,3.8,0,SEQ_us7000kgpb,external_temporal_holdout
us7000khss,2023-07-23T12:33:29Z,2023,5.1,mb,96.623,-8.6271,111.1186,G-010+0110,13,3.8,0,SEQ_us7000khss,external_temporal_holdout
us7000ki5u,2023-07-25T05:44:51Z,2023,5.5,mww,13.116,37.5794,35.9482,G+030+0030,29,6.4,1,SEQ_us7000ki5u,external_temporal_holdout
ak0239lyp68s,2023-07-28T19:11:22Z,2023,5.0,mww,106.6,59.0039,-153.9767,G+050-0160,195,3.8,0,SEQ_ak0239lyp68s,external_temporal_holdout
us6000kx3e,2023-08-01T17:15:25Z,2023,5.6,mww,7.0,15.2211,39.5264,G+010+0030,10,6.7,1,SEQ_us6000kx3e,external_temporal_holdout
us6000kxme,2023-08-03T19:33:50Z,2023,5.6,mww,35.0,54.6385,-161.0718,G+050-0170,12,3.8,0,SEQ_us7000kg30,external_temporal_holdout
us6000ky4d,2023-08-05T16:01:49Z,2023,5.8,mww,209.0,36.4504,70.7227,G+030+0070,25,5.4,0,SEQ_us6000ky4d,external_temporal_holdout
us6000ky5l,2023-08-05T18:33:59Z,2023,5.4,mww,18.0,37.2306,116.3908,G+030+0110,62,9.1,1,SEQ_us6000ky5l,external_temporal_holdout
us6000ky6d,2023-08-05T21:34:43Z,2023,5.2,mww,10.0,-33.7603,118.2467,G-040+0110,252,4.4,0,SEQ_us6000ky6d,external_temporal_holdout
us6000kyph,2023-08-08T18:38:54Z,2023,6.1,mww,42.0,-15.2082,-173.1883,G-020-0180,16,3.4,0,SEQ_us6000kyph,external_temporal_holdout
us6000kytu,2023-08-09T09:20:28Z,2023,5.7,mww,439.0,13.3986,144.1398,G+010+0140,33,3.4,0,SEQ_us6000kytu,external_temporal_holdout
us6000kyty,2023-08-09T09:33:26Z,2023,5.8,mww,103.0,16.1516,-93.7276,G+010-0100,31,5.0,0,SEQ_us6000kyty,external_temporal_holdout
us6000kz45,2023-08-10T17:48:01Z,2023,5.2,mww,10.0,38.2665,38.2011,G+030+0030,12,5.9,0,SEQ_us6000kz45,external_temporal_holdout
us6000kz5m,2023-08-10T23:53:19Z,2023,5.1,mww,181.278,-40.2095,173.5365,G-050+0170,45,4.0,0,SEQ_us6000kz5m,external_temporal_holdout
us6000kznp,2023-08-13T07:49:31Z,2023,5.1,mb,10.0,35.2795,23.8505,G+030+0020,79,4.3,0,SEQ_us6000kznp,external_temporal_holdout
us6000kzvl,2023-08-14T14:49:48Z,2023,5.3,mww,36.648,24.9796,92.2481,G+020+0090,163,6.3,1,SEQ_us6000kzvl,external_temporal_holdout
us7000knq0,2023-08-16T12:47:39Z,2023,6.5,mww,188.0,-13.8882,167.2249,G-020+0160,10,6.6,1,SEQ_us7000knq0,external_temporal_holdout
us7000knxb,2023-08-17T04:28:48Z,2023,5.4,mww,54.787,-7.4965,105.5471,G-010+0100,12,4.6,0,SEQ_us7000knxb,external_temporal_holdout
us7000kp2i,2023-08-17T17:04:48Z,2023,6.1,mww,10.0,4.3463,-73.6199,G+000-0080,332,7.1,1,SEQ_us7000kp2i,external_temporal_holdout
us7000kp2j,2023-08-17T17:17:17Z,2023,5.6,mww,10.0,4.258,-73.5289,G+000-0080,56,5.2,0,SEQ_us7000kp2i,external_temporal_holdout
us7000kp5l,2023-08-18T01:15:26Z,2023,5.0,mb,10.0,4.3633,-73.485,G+000-0080,57,5.3,0,SEQ_us7000kp2i,external_temporal_holdout
ci39645386,2023-08-20T21:41:00Z,2023,5.08,mw,4.84,34.4085,-119.1883333,G+030-0120,20504,5.9,0,SEQ_ci39645386,external_temporal_holdout
us7000kpt4,2023-08-21T05:24:12Z,2023,5.4,mww,40.35,-3.1989,-79.9653,G-010-0080,37,7.3,1,SEQ_us7000kpt4,external_temporal_holdout
us7000kqbg,2023-08-23T14:02:09Z,2023,5.2,mww,85.029,-20.4159,-69.1166,G-030-0070,17,4.5,0,SEQ_us7000kqbg,external_temporal_holdout
us7000kre0,2023-08-27T21:45:00Z,2023,5.7,mww,24.036,5.3394,-76.6839,G+000-0080,39,9.1,1,SEQ_us7000kre0,external_temporal_holdout
us7000krjx,2023-08-28T19:55:30Z,2023,7.1,mww,500.0,-6.7888,116.5211,G-010+0110,629,4.8,0,SEQ_us7000krjx,external_temporal_holdout
us7000krsj,2023-08-29T04:59:23Z,2023,5.5,mww,33.948,9.9367,-78.4562,G+000-0080,111,4.8,0,SEQ_us7000krsj,external_temporal_holdout
us7000kruj,2023-08-29T10:15:27Z,2023,5.2,mb,144.472,13.1887,143.8269,G+010+0140,14,3.8,0,SEQ_us6000kytu,external_temporal_holdout
us7000ktti,2023-09-06T23:48:04Z,2023,6.3,mww,36.0,-30.2737,-71.4817,G-040-0080,80,6.2,1,SEQ_us7000ktti,external_temporal_holdout
us7000ku47,2023-09-08T09:09:57Z,2023,6.6,mww,79.0,-32.7996,-179.3741,G-040-0180,22,3.8,0,SEQ_us7000ku47,external_temporal_holdout
us7000kub5,2023-09-08T15:53:18Z,2023,5.6,mww,14.0,19.3843,-105.0882,G+010-0110,37,4.2,0,SEQ_us7000kub5,external_temporal_holdout
us7000kubt,2023-09-08T16:37:11Z,2023,5.8,mww,13.0,19.436,-104.981,G+010-0110,57,8.1,1,SEQ_us7000kub5,external_temporal_holdout
us7000kufc,2023-09-08T22:11:01Z,2023,6.8,mww,19.0,31.058,-8.3847,G+030-0010,1988,6.9,1,SEQ_us7000kufc,external_temporal_holdout
us7000kufx,2023-09-09T00:06:14Z,2023,5.6,mww,512.824,-6.8316,116.5593,G-010+0110,10,3.8,0,SEQ_us7000krjx,external_temporal_holdout
us7000kv0k,2023-09-11T12:51:33Z,2023,6.0,mww,151.0,1.1246,127.4888,G+000+0120,10,4.1,0,SEQ_us7000kv0k,external_temporal_holdout
us7000kv7t,2023-09-12T04:58:37Z,2023,5.3,mww,110.914,-20.6565,-68.5181,G-030-0070,16,4.8,0,SEQ_us7000kqbg,external_temporal_holdout
us7000kv90,2023-09-12T11:03:17Z,2023,6.2,mww,31.11,19.2355,121.2293,G+010+0120,17,5.0,0,SEQ_us7000kv90,external_temporal_holdout
us7000kvhq,2023-09-13T11:36:54Z,2023,5.2,mww,45.099,-9.6539,159.8291,G-010+0150,12,4.2,0,SEQ_us7000kvhq,external_temporal_holdout
us7000kvnq,2023-09-14T07:01:04Z,2023,5.1,mww,158.809,6.7906,-73.0327,G+000-0080,19,4.9,0,SEQ_us7000kvnq,external_temporal_holdout
us7000kvqy,2023-09-14T14:25:06Z,2023,5.2,mww,10.0,5.2515,-76.7301,G+000-0080,10,4.1,0,SEQ_us7000kre0,external_temporal_holdout
us7000kwaz,2023-09-17T11:28:11Z,2023,5.5,mww,10.0,50.8131,-130.3127,G+050-0140,10,3.1,0,SEQ_us7000kwaz,external_temporal_holdout
us7000kwdw,2023-09-18T03:10:14Z,2023,5.1,mww,10.0,44.0201,11.6768,G+040+0010,67,6.1,1,SEQ_us7000kwdw,external_temporal_holdout
us7000kwg2,2023-09-18T13:21:23Z,2023,6.3,mww,176.0,26.5312,125.2312,G+020+0120,42,4.3,0,SEQ_us7000kwg2,external_temporal_holdout
us7000kwis,2023-09-18T19:33:03Z,2023,5.5,mww,51.0,38.5226,141.6584,G+030+0140,15,3.8,0,SEQ_us7000kwis,external_temporal_holdout
us7000kwrq,2023-09-19T21:14:49Z,2023,5.5,mww,11.712,-43.704,171.1198,G-050+0170,35,4.6,0,SEQ_us7000kwrq,external_temporal_holdout
us7000kx26,2023-09-21T09:48:23Z,2023,5.0,mb,151.861,13.8086,144.6809,G+010+0140,33,4.1,0,SEQ_us7000kx26,external_temporal_holdout
us7000kxe7,2023-09-22T14:59:16Z,2023,5.8,mww,147.0,-7.0623,129.7277,G-010+0120,20,3.8,0,SEQ_us7000kxe7,external_temporal_holdout
us6000lc08,2023-10-01T04:00:24Z,2023,5.3,mb,113.044,-6.9332,106.7791,G-010+0100,11,3.4,0,SEQ_us6000lc08,external_temporal_holdout
us6000lcgj,2023-10-03T09:21:03Z,2023,5.7,mww,13.0,29.4973,81.242,G+020+0080,131,8.0,1,SEQ_us6000lcgj,external_temporal_holdout
us6000lcri,2023-10-04T11:21:47Z,2023,6.4,mww,113.0,5.3171,126.0438,G+000+0120,45,5.3,0,SEQ_us6000lcri,external_temporal_holdout
us6000ldny,2023-10-07T05:06:55Z,2023,5.9,mww,108.0,17.0471,-95.0442,G+010-0100,112,6.8,1,SEQ_us6000ldny,external_temporal_holdout
us6000ldpm,2023-10-07T07:12:49Z,2023,6.3,mww,8.0,34.5442,61.8891,G+030+0060,11,9.1,1,SEQ_us6000ldpm,external_temporal_holdout
us6000ldqf,2023-10-07T08:40:11Z,2023,6.9,mww,52.0,-5.4749,146.1439,G-010+0140,27,7.7,1,SEQ_us6000ldqf,external_temporal_holdout
us6000lec2,2023-10-09T18:23:09Z,2023,5.0,mww,6.462,49.095,21.7882,G+040+0020,469,5.9,0,SEQ_us6000lec2,external_temporal_holdout
us6000len8,2023-10-11T00:41:55Z,2023,6.3,mww,8.0,34.5364,62.0509,G+030+0060,54,6.9,1,SEQ_us6000ldpm,external_temporal_holdout
us6000leqs,2023-10-11T10:36:56Z,2023,5.2,mww,16.025,23.2664,121.3166,G+020+0120,40,4.5,0,SEQ_us6000leqs,external_temporal_holdout
us6000lf92,2023-10-13T00:24:16Z,2023,5.0,mww,10.0,13.7815,120.8353,G+010+0120,38,6.4,1,SEQ_us6000lf92,external_temporal_holdout
us6000lfn5,2023-10-15T03:36:00Z,2023,6.3,mww,9.0,34.6529,62.1244,G+030+0060,39,8.7,1,SEQ_us6000ldpm,external_temporal_holdout
us6000lfq9,2023-10-15T11:15:37Z,2023,5.3,mww,10.0,31.0601,49.4494,G+030+0040,13,5.6,0,SEQ_us6000lfq9,external_temporal_holdout
us6000lfvn,2023-10-16T11:35:30Z,2023,6.4,mww,174.0,52.5592,-176.924,G+050-0180,12,4.9,0,SEQ_us6000lfvn,external_temporal_holdout
us6000lgpg,2023-10-19T18:58:51Z,2023,5.9,mww,8.494,7.4623,126.3516,G+000+0120,17,6.4,1,SEQ_us6000lgpg,external_temporal_holdout
us6000lh55,2023-10-21T10:45:58Z,2023,5.2,mww,10.0,9.4763,-83.6299,G+000-0090,70,5.2,0,SEQ_us6000lh55,external_temporal_holdout
us6000lh8c,2023-10-22T01:54:21Z,2023,5.2,mb,25.706,27.8879,84.7252,G+020+0080,87,4.3,0,SEQ_us6000lh8c,external_temporal_holdout
us7000l5vd,2023-10-23T23:05:24Z,2023,5.9,mww,31.0,24.0413,122.6384,G+020+0120,51,5.7,0,SEQ_us7000l5vd,external_temporal_holdout
ak023dtuk2yv,2023-10-28T03:01:49Z,2023,5.1,mww,7.2,59.0183,-136.4596,G+050-0140,283,4.1,0,SEQ_ak023dtuk2yv,external_temporal_holdout
ak023dtut7mp,2023-10-28T03:44:10Z,2023,5.3,mww,5.9,59.0033,-136.5501,G+050-0140,415,4.8,0,SEQ_ak023dtuk2yv,external_temporal_holdout
us7000l7jv,2023-10-30T15:57:20Z,2023,5.4,mww,10.0,18.1898,-76.607,G+010-0080,137,7.6,1,SEQ_us7000l7jv,external_temporal_holdout
us7000l7si,2023-10-31T12:33:43Z,2023,6.6,mww,34.0,-28.7431,-71.5573,G-030-0080,71,6.9,1,SEQ_us7000l7si,external_temporal_holdout
us7000l875,2023-11-01T21:52:16Z,2023,5.3,mww,50.606,13.5497,-90.7696,G+010-0100,21,3.8,0,SEQ_us7000l875,external_temporal_holdout
us7000l8ij,2023-11-03T06:26:38Z,2023,5.1,mww,10.365,38.6857,23.5581,G+030+0020,34,3.8,0,SEQ_us7000l8ij,external_temporal_holdout
us7000l8p5,2023-11-03T18:02:53Z,2023,5.7,mww,12.0,28.858,82.1531,G+020+0080,372,7.3,1,SEQ_us7000l8p5,external_temporal_holdout
us7000l94m,2023-11-06T10:46:39Z,2023,5.3,mb,10.0,28.8564,82.0652,G+020+0080,38,4.1,0,SEQ_us7000l8p5,external_temporal_holdout
us7000l951,2023-11-06T13:51:10Z,2023,5.1,mww,30.868,-33.0743,-71.9579,G-040-0080,61,6.3,1,SEQ_us7000l951,external_temporal_holdout
us7000l99x,2023-11-07T03:33:46Z,2023,5.0,mww,25.049,-0.9016,-79.2503,G-010-0080,39,4.8,0,SEQ_us7000l99x,external_temporal_holdout
tx2023vxae,2023-11-08T10:27:49Z,2023,5.2,ml(texnet),7.417,31.622,-103.982,G+030-0110,1640,6.1,1,SEQ_tx2023vxae,external_temporal_holdout
us7000la5h,2023-11-10T17:22:30Z,2023,5.0,mww,35.744,19.639,-71.6347,G+010-0080,102,6.4,1,SEQ_us7000la5h,external_temporal_holdout
us7000lac6,2023-11-11T12:35:30Z,2023,5.6,mww,26.0,-17.9168,168.1049,G-020+0160,32,6.0,1,SEQ_us7000lac6,external_temporal_holdout
us6000lp06,2023-11-17T01:37:11Z,2023,5.7,mww,15.733,21.217,99.3304,G+020+0090,69,7.4,1,SEQ_us6000lp06,external_temporal_holdout
us6000lp12,2023-11-17T08:14:10Z,2023,6.7,mww,52.0,5.5627,125.0013,G+000+0120,215,8.6,1,SEQ_us6000lp12,external_temporal_holdout
us6000lphm,2023-11-19T21:01:30Z,2023,5.8,mww,42.0,41.2349,142.214,G+040+0140,11,4.3,0,SEQ_us6000lphm,external_temporal_holdout
us6000lpjm,2023-11-20T04:57:44Z,2023,5.1,mww,107.456,11.4434,125.0377,G+010+0120,10,4.1,0,SEQ_us6000lpjm,external_temporal_holdout
us6000lquh,2023-11-26T09:39:48Z,2023,5.3,mww,106.987,26.8593,126.9983,G+020+0120,14,3.4,0,SEQ_us6000lquh,external_temporal_holdout
us7000lebr,2023-11-28T15:26:11Z,2023,5.1,mww,31.88,12.6842,-59.7331,G+010-0060,46,4.1,0,SEQ_us7000lebr,external_temporal_holdout
ak023fe4b796,2023-12-01T05:50:26Z,2023,5.1,mww,101.7,62.9574,-150.4351,G+060-0160,679,5.4,0,SEQ_ak023fe4b796,external_temporal_holdout
us7000lfaa,2023-12-02T03:35:33Z,2023,5.5,mww,45.057,23.1475,90.9317,G+020+0090,338,5.4,0,SEQ_us7000lfaa,external_temporal_holdout
us7000lfbb,2023-12-02T07:55:41Z,2023,5.8,mww,112.0,-19.2172,-69.1694,G-020-0070,25,4.6,0,SEQ_us7000lfbb,external_temporal_holdout
us7000lfbg,2023-12-02T08:48:24Z,2023,5.3,mww,43.18,16.6796,-61.221,G+010-0070,94,4.6,0,SEQ_us7000lfbg,external_temporal_holdout
us7000lff4,2023-12-02T14:37:04Z,2023,7.6,mww,40.0,8.5266,126.4161,G+000+0120,600,9.1,1,SEQ_us7000lff4,external_temporal_holdout
us7000lfi0,2023-12-02T16:03:41Z,2023,6.4,mww,35.0,8.4377,126.757,G+000+0120,19,7.0,1,SEQ_us7000lff4,external_temporal_holdout
us7000lfjr,2023-12-02T17:40:15Z,2023,6.1,mb,36.091,8.423,126.722,G+000+0120,11,5.2,0,SEQ_us7000lff4,external_temporal_holdout
us7000lftp,2023-12-03T10:35:52Z,2023,6.6,mww,19.0,8.488,126.7454,G+000+0120,60,6.4,1,SEQ_us7000lff4,external_temporal_holdout
us7000lfxx,2023-12-03T19:49:35Z,2023,6.9,mww,20.0,8.9705,126.6121,G+000+0120,96,7.0,1,SEQ_us7000lff4,external_temporal_holdout
us7000lg2l,2023-12-04T07:42:20Z,2023,5.1,mww,10.117,40.4371,28.848,G+040+0020,251,5.7,0,SEQ_us7000lg2l,external_temporal_holdout
hv73673302,2023-12-05T03:53:46Z,2023,5.06,ml,2.08,19.3251666666667,-155.2055,G+010-0160,1185,5.6,0,SEQ_hv73673302,external_temporal_holdout
us7000lgct,2023-12-05T08:23:54Z,2023,5.7,mww,75.0,13.9089,120.5645,G+010+0120,103,5.4,0,SEQ_us7000lgct,external_temporal_holdout
us7000lgud,2023-12-07T04:15:39Z,2023,5.4,mww,39.269,41.1658,49.7285,G+040+0040,79,4.4,0,SEQ_us7000lgud,external_temporal_holdout
us7000lgwp,2023-12-07T12:56:30Z,2023,7.1,mww,48.0,-20.6152,169.3089,G-030+0160,17,7.2,1,SEQ_us7000lgwp,external_temporal_holdout
us7000lh50,2023-12-07T20:03:38Z,2023,5.7,mww,54.0,18.2702,-98.7384,G+010-0100,205,6.6,1,SEQ_us7000lh50,external_temporal_holdout
pr2023343002,2023-12-09T14:27:22Z,2023,5.7,ml,7.0,18.8785,-64.3833,G+010-0070,172,5.3,0,SEQ_pr2023343002,external_temporal_holdout
us7000lj39,2023-12-14T17:55:01Z,2023,5.4,mww,78.238,13.988,-91.3759,G+010-0100,40,3.8,0,SEQ_us7000lj39,external_temporal_holdout
us7000ljvg,2023-12-18T15:59:30Z,2023,5.9,mww,12.0,35.7386,102.8149,G+030+0100,34,7.8,1,SEQ_us7000ljvg,external_temporal_holdout
us7000lkb1,2023-12-20T12:11:21Z,2023,6.2,mww,93.0,-15.8585,-72.5207,G-020-0080,31,5.6,0,SEQ_us7000lkb1,external_temporal_holdout
usd0010b47,2023-12-21T14:04:11Z,2023,5.2,mww,10.0,35.2431,141.0136,G+030+0140,10,3.4,0,SEQ_usd0010b47,external_temporal_holdout
us7000lkpg,2023-12-21T16:21:52Z,2023,5.6,mww,61.708,-21.8997,-70.1585,G-030-0080,21,5.7,0,SEQ_us7000lkpg,external_temporal_holdout
pr2023356000,2023-12-22T18:30:13Z,2023,5.25,mwp,10.0,19.5388,-68.8215,G+010-0070,114,7.0,1,SEQ_pr2023356000,external_temporal_holdout
us7000ll6h,2023-12-24T03:23:43Z,2023,5.8,mww,16.0,-38.0746,-73.8923,G-040-0080,13,4.3,0,SEQ_us7000ll6h,external_temporal_holdout
pr2023360000,2023-12-26T07:24:25Z,2023,5.3,ml,9.0,19.6258,-68.8005,G+010-0070,35,3.8,0,SEQ_pr2023356000,external_temporal_holdout
us6000m040,2023-12-28T01:35:11Z,2023,5.2,mb,35.0,6.121,125.4786,G+000+0120,16,4.8,0,SEQ_us6000m040,external_temporal_holdout
us6000m0xl,2024-01-01T07:10:09Z,2024,7.5,mww,10.0,37.4874,137.271,G+030+0130,421,8.9,1,SEQ_us6000m0xl,external_temporal_holdout
us6000m2jp,2024-01-08T20:48:42Z,2024,6.7,mww,62.574,4.9225,126.1575,G+000+0120,24,4.9,0,SEQ_us6000m2jp,external_temporal_holdout
us6000m2ny,2024-01-09T08:59:10Z,2024,5.9,mww,10.0,37.8629,137.7814,G+030+0130,14,4.3,0,SEQ_us6000m0xl,external_temporal_holdout
us6000m31m,2024-01-11T09:20:26Z,2024,6.4,mww,204.0,36.4979,70.6013,G+030+0070,111,5.1,0,SEQ_us6000m31m,external_temporal_holdout
ak024jyw3sk,2024-01-12T07:46:21Z,2024,5.9,mww,11.1,56.4383,-135.7137,G+050-0140,591,4.1,0,SEQ_ak024jyw3sk,external_temporal_holdout
us6000m45x,2024-01-17T12:32:01Z,2024,5.6,mww,39.0,8.558,126.5225,G+000+0120,10,4.6,0,SEQ_us6000m45x,external_temporal_holdout
us6000m4n2,2024-01-19T11:26:03Z,2024,5.6,mww,65.067,4.7429,-75.8481,G+000-0080,124,5.5,0,SEQ_us6000m4n2,external_temporal_holdout
ak024vrx24o,2024-01-19T21:34:35Z,2024,5.3,mww,10.5,64.4909,-146.9641,G+060-0150,1447,7.9,1,SEQ_ak024vrx24o,external_temporal_holdout
us6000m59q,2024-01-21T17:19:48Z,2024,5.0,mww,154.112,6.7852,-73.0286,G+000-0080,23,5.3,0,SEQ_us6000m59q,external_temporal_holdout
us7000lsze,2024-01-22T18:09:04Z,2024,7.0,mww,13.0,41.2555,78.6538,G+040+0070,471,5.2,0,SEQ_us7000lsze,external_temporal_holdout
us7000lt73,2024-01-23T14:33:45Z,2024,6.3,mww,31.0,-17.9827,168.0499,G-020+0160,93,6.1,1,SEQ_us7000lt73,external_temporal_holdout
us7000ltgv,2024-01-24T14:18:37Z,2024,5.1,mww,10.0,-40.2643,176.388,G-050+0170,23,5.6,0,SEQ_us7000ltgv,external_temporal_holdout
us7000lts5,2024-01-25T17:00:43Z,2024,5.4,mww,10.0,11.7346,43.3724,G+010+0040,12,4.3,0,SEQ_us7000lts5,external_temporal_holdout
us7000ltth,2024-01-25T20:01:27Z,2024,5.3,mww,10.0,41.2627,78.8624,G+040+0070,42,3.6,0,SEQ_us7000lsze,external_temporal_holdout
us7000luac,2024-01-27T05:19:19Z,2024,5.1,mww,11.291,37.9756,27.1182,G+030+0020,37,5.6,0,SEQ_us7000luac,external_temporal_holdout
us7000luai,2024-01-27T05:52:48Z,2024,6.1,mww,90.0,14.0636,-90.6159,G+010-0100,360,7.5,1,SEQ_us7000luai,external_temporal_holdout
us7000lufj,2024-01-27T23:59:29Z,2024,5.1,mb,70.051,35.5331,139.9558,G+030+0130,129,5.0,0,SEQ_us7000lufj,external_temporal_holdout
us7000lul3,2024-01-28T18:11:23Z,2024,5.1,mww,7.2,23.6212,121.3245,G+020+0120,22,7.5,1,SEQ_us7000lul3,external_temporal_holdout
us7000luuy,2024-01-29T22:27:41Z,2024,5.7,mww,10.0,41.1985,78.6388,G+040+0070,10,3.1,0,SEQ_us7000lsze,external_temporal_holdout
ok2024cish,2024-02-03T05:24:28Z,2024,5.06,mww,3.0,35.53433333,-96.76383333,G+030-0100,26480,6.9,1,SEQ_ok2024cish,external_temporal_holdout
us7000lwwh,2024-02-04T09:50:42Z,2024,5.4,mww,39.0,12.3957,143.5141,G+010+0140,46,3.4,0,SEQ_us7000lwwh,external_temporal_holdout
us7000lxb4,2024-02-06T13:53:19Z,2024,5.1,mww,66.084,13.1349,-89.5713,G+010-0090,23,3.6,0,SEQ_us7000lxb4,external_temporal_holdout
hv74103036,2024-02-09T20:06:31Z,2024,5.88,ml,36.97,19.1868333333333,-155.493166666667,G+010-0160,5266,6.3,1,SEQ_hv74103036,external_temporal_holdout
us7000ly6w,2024-02-10T03:22:06Z,2024,5.8,mww,32.0,8.6822,125.568,G+000+0120,46,4.8,0,SEQ_us7000ly6w,external_temporal_holdout
us7000lz23,2024-02-14T01:31:41Z,2024,5.8,mww,28.0,-28.8913,-71.4208,G-030-0080,26,4.6,0,SEQ_us7000lz23,external_temporal_holdout
us7000lzhj,2024-02-15T20:53:36Z,2024,5.2,mww,67.251,-11.4869,-77.3579,G-020-0080,67,4.6,0,SEQ_us7000lzhj,external_temporal_holdout
us7000m18e,2024-02-23T22:58:56Z,2024,5.0,mww,10.0,41.0638,78.5847,G+040+0070,11,4.5,0,SEQ_us7000lsze,external_temporal_holdout
us7000m1ea,2024-02-24T21:57:41Z,2024,5.3,mww,82.022,12.5384,-87.2505,G+010-0090,24,5.7,0,SEQ_us7000m1ea,external_temporal_holdout
us7000m1fq,2024-02-25T04:15:00Z,2024,5.4,mww,10.0,41.2117,78.4315,G+040+0070,14,4.4,0,SEQ_us7000lsze,external_temporal_holdout
us7000m1h8,2024-02-25T13:07:04Z,2024,5.6,mww,34.0,-7.3405,105.9282,G-010+0100,22,6.8,1,SEQ_us7000m1h8,external_temporal_holdout
us6000mfxd,2024-02-29T20:43:16Z,2024,5.1,mww,23.083,35.371,140.632,G+030+0140,83,4.3,0,SEQ_us6000mfxd,external_temporal_holdout
us7000m3ud,2024-03-07T08:20:10Z,2024,5.6,mww,9.0,9.7718,-86.3228,G+000-0090,36,4.1,0,SEQ_us7000m3ud,external_temporal_holdout
us6000mirj,2024-03-14T03:06:47Z,2024,5.4,mww,16.067,42.954,18.6883,G+040+0010,248,8.7,1,SEQ_us6000mirj,external_temporal_holdout
us6000miuf,2024-03-14T15:14:35Z,2024,5.6,mww,44.0,37.083,141.1231,G+030+0140,76,6.1,1,SEQ_us6000miuf,external_temporal_holdout
us6000mjbp,2024-03-16T21:17:04Z,2024,5.3,mww,48.55,37.1332,141.4549,G+030+0140,37,3.4,0,SEQ_us6000miuf,external_temporal_holdout
us6000mjct,2024-03-17T00:44:02Z,2024,5.6,mww,48.0,12.3856,-87.6546,G+010-0090,11,3.8,0,SEQ_us7000m1ea,external_temporal_holdout
us6000mjpj,2024-03-19T00:35:18Z,2024,5.5,mww,8.0,29.6902,65.3791,G+020+0060,13,5.3,0,SEQ_us6000mjpj,external_temporal_holdout
us6000mjux,2024-03-19T21:27:01Z,2024,5.3,mww,6.0,29.7493,65.3531,G+020+0060,14,4.0,0,SEQ_us6000mjpj,external_temporal_holdout
us6000mk4v,2024-03-21T00:08:02Z,2024,5.2,mww,45.002,35.9739,139.748,G+030+0130,144,5.6,0,SEQ_us6000mk4v,external_temporal_holdout
us6000mkej,2024-03-22T04:22:45Z,2024,5.6,mww,10.0,-5.8155,112.3187,G-010+0110,61,4.8,0,SEQ_us6000mkej,external_temporal_holdout
us6000mkf6,2024-03-22T05:31:12Z,2024,5.2,mww,10.0,-5.909,112.3829,G-010+0110,11,4.6,0,SEQ_us6000mkej,external_temporal_holdout
us6000mkfz,2024-03-22T08:52:58Z,2024,6.4,mww,9.471,-5.8754,112.3646,G-010+0110,99,8.7,1,SEQ_us6000mkej,external_temporal_holdout
us6000mksx,2024-03-23T20:22:04Z,2024,6.9,mww,41.464,-4.1292,143.134,G-010+0140,29,8.2,1,SEQ_us6000mksx,external_temporal_holdout
us6000mkzs,2024-03-24T19:50:11Z,2024,5.0,mwr,79.08,-19.4577,-70.1006,G-020-0080,14,3.6,0,SEQ_us6000mkzs,external_temporal_holdout
us7000m875,2024-03-27T03:23:02Z,2024,5.6,mww,10.0,42.3102,-126.7243,G+040-0130,27,3.4,0,SEQ_us7000m875,external_temporal_holdout
us7000m8q9,2024-03-29T07:12:48Z,2024,5.8,mww,26.873,37.3224,21.2557,G+030+0020,30,7.0,1,SEQ_us7000m8q9,external_temporal_holdout
us7000m98g,2024-04-01T19:24:36Z,2024,5.9,mww,73.0,40.1435,141.6984,G+040+0140,24,6.4,1,SEQ_us7000m98g,external_temporal_holdout
us7000m9bq,2024-04-02T09:54:08Z,2024,6.2,mww,10.0,15.8146,146.8779,G+010+0140,10,2.3,0,SEQ_us7000m9bq,external_temporal_holdout
us7000m9g4,2024-04-02T23:58:12Z,2024,7.4,mww,40.0,23.8356,121.5976,G+020+0120,634,9.1,1,SEQ_us7000m9g4,external_temporal_holdout
us7000m9gc,2024-04-03T00:11:25Z,2024,6.4,mww,13.931,24.1021,121.6812,G+020+0120,49,7.5,1,SEQ_us7000m9g4,external_temporal_holdout
us7000m9lk,2024-04-03T13:51:56Z,2024,5.2,mww,35.977,-36.9529,-72.9395,G-040-0080,60,5.0,0,SEQ_us7000m9lk,external_temporal_holdout
us7000m9sq,2024-04-04T03:16:30Z,2024,6.1,mww,29.0,37.7104,141.856,G+030+0140,81,4.3,0,SEQ_us6000miuf,external_temporal_holdout
us7000m9w5,2024-04-04T16:04:32Z,2024,5.0,mww,32.436,33.1698,76.816,G+030+0070,21,4.8,0,SEQ_us7000m9w5,external_temporal_holdout
us7000ma2w,2024-04-05T11:03:16Z,2024,6.8,mww,222.0,19.1103,145.3659,G+010+0140,100,4.3,0,SEQ_us7000ma2w,external_temporal_holdout
us7000ma59,2024-04-05T12:45:38Z,2024,5.7,mb,69.136,26.4924,96.9139,G+020+0090,29,4.7,0,SEQ_us7000ma59,external_temporal_holdout
us7000mbbc,2024-04-11T03:33:57Z,2024,5.2,mww,10.0,7.6449,126.1637,G+000+0120,19,6.4,1,SEQ_us7000mbbc,external_temporal_holdout
us7000mcjj,2024-04-16T23:01:24Z,2024,5.0,mww,57.532,11.3815,92.9599,G+010+0090,10,5.3,0,SEQ_us7000mcjj,external_temporal_holdout
us7000mcpi,2024-04-17T14:14:46Z,2024,6.3,mww,32.0,33.2503,132.3647,G+030+0130,101,8.0,1,SEQ_us7000mcpi,external_temporal_holdout
us7000mcrs,2024-04-17T21:21:54Z,2024,5.5,mww,154.0,11.1271,-85.3325,G+010-0090,81,4.2,0,SEQ_us7000mcrs,external_temporal_holdout
us7000mcxc,2024-04-18T15:11:25Z,2024,5.6,mww,16.0,39.9894,35.9451,G+030+0030,11,6.5,1,SEQ_us7000mcxc,external_temporal_holdout
us7000mdkn,2024-04-21T02:40:55Z,2024,5.1,mww,28.583,23.4701,121.631,G+020+0120,14,3.9,0,SEQ_us7000m9g4,external_temporal_holdout
us7000mdsw,2024-04-22T09:08:39Z,2024,5.2,mww,16.265,23.6939,121.5925,G+020+0120,13,3.8,0,SEQ_us7000m9g4,external_temporal_holdout
us7000mdti,2024-04-22T10:50:30Z,2024,5.6,mww,10.0,23.7053,121.6282,G+020+0120,22,4.7,0,SEQ_us7000m9g4,external_temporal_holdout
us7000mduw,2024-04-22T14:11:22Z,2024,5.8,mww,8.0,23.7259,121.5781,G+020+0120,77,5.0,0,SEQ_us7000m9g4,external_temporal_holdout
us6000mt0r,2024-04-22T18:26:52Z,2024,6.1,mww,9.0,23.7141,121.6599,G+020+0120,66,7.3,1,SEQ_us7000m9g4,external_temporal_holdout
us6000mt0s,2024-04-22T18:32:48Z,2024,6.1,mww,10.0,23.8586,121.5662,G+020+0120,82,7.4,1,SEQ_us7000m9g4,external_temporal_holdout
us6000mt3f,2024-04-23T00:04:05Z,2024,5.8,mww,12.0,23.7794,121.6664,G+020+0120,10,7.6,1,SEQ_us7000m9g4,external_temporal_holdout
us6000mtg4,2024-04-24T11:40:07Z,2024,5.1,mww,54.976,36.4232,140.5874,G+030+0140,55,5.5,0,SEQ_us6000mtg4,external_temporal_holdout
us6000mu3y,2024-04-26T18:21:23Z,2024,5.7,mww,37.767,24.1531,121.6724,G+020+0120,150,5.4,0,SEQ_us7000m9g4,external_temporal_holdout
us6000mu45,2024-04-26T18:49:29Z,2024,5.2,mww,40.475,24.2394,121.6724,G+020+0120,26,5.4,0,SEQ_us7000m9g4,external_temporal_holdout
us6000muc0,2024-04-27T16:29:50Z,2024,6.1,mww,59.701,-8.005,107.2798,G-010+0100,106,7.7,1,SEQ_us6000muc0,external_temporal_holdout
us6000mvky,2024-05-02T02:16:10Z,2024,5.1,mb,10.0,-13.5527,-72.4815,G-020-0080,17,3.8,0,SEQ_us6000mvky,external_temporal_holdout
us6000mvw9,2024-05-03T03:03:29Z,2024,5.0,mww,10.0,48.7806,-128.7293,G+040-0130,20,5.3,0,SEQ_us6000mvw9,external_temporal_holdout
us6000mvya,2024-05-03T10:16:23Z,2024,5.7,mww,10.208,10.8644,125.3349,G+010+0120,14,6.1,1,SEQ_us6000mvya,external_temporal_holdout
us6000mwjd,2024-05-05T18:33:11Z,2024,6.1,mww,16.0,-3.3167,130.9618,G-010+0130,10,8.9,1,SEQ_us6000mwjd,external_temporal_holdout
us6000mwnf,2024-05-06T09:45:30Z,2024,5.6,mww,23.605,23.7213,121.5958,G+020+0120,36,5.5,0,SEQ_us7000m9g4,external_temporal_holdout
us6000mwnh,2024-05-06T09:52:45Z,2024,5.2,mww,28.949,23.7307,121.5574,G+020+0120,30,7.9,1,SEQ_us7000m9g4,external_temporal_holdout
us6000mxpi,2024-05-10T07:45:18Z,2024,5.8,mww,11.296,24.1885,121.9049,G+020+0120,24,4.6,0,SEQ_us7000m9g4,external_temporal_holdout
us6000my20,2024-05-12T11:39:12Z,2024,6.4,mww,61.91,14.4264,-92.4617,G+010-0100,158,7.1,1,SEQ_us6000my20,external_temporal_holdout
us6000mygm,2024-05-14T08:11:10Z,2024,5.3,mww,22.776,-8.2223,115.9724,G-010+0110,32,4.5,0,SEQ_us6000mygm,external_temporal_holdout
pr2024136000,2024-05-15T00:30:11Z,2024,5.6,ml,7.0,19.2698,-67.4235,G+010-0070,300,5.4,0,SEQ_pr2024136000,external_temporal_holdout
us6000mzyb,2024-05-21T02:43:10Z,2024,5.1,mww,84.173,-3.7141,-79.6819,G-010-0080,25,5.6,0,SEQ_us6000mzyb,external_temporal_holdout
us6000n102,2024-05-25T22:23:15Z,2024,6.3,mww,22.0,-17.1173,167.8706,G-020+0160,17,5.0,0,SEQ_us6000n102,external_temporal_holdout
us6000n158,2024-05-26T20:47:12Z,2024,6.6,mww,137.0,-19.3431,-174.841,G-020-0180,12,5.0,0,SEQ_us6000n158,external_temporal_holdout
us7000mnrr,2024-05-29T13:13:27Z,2024,5.4,mww,97.552,23.527,94.6623,G+020+0090,24,3.8,0,SEQ_us7000mnrr,external_temporal_holdout
us7000mpaw,2024-05-31T17:10:59Z,2024,5.2,mww,25.304,24.0165,121.5423,G+020+0120,37,4.3,0,SEQ_us7000m9g4,external_temporal_holdout
us7000mppu,2024-06-02T21:31:39Z,2024,5.7,mww,9.0,37.4476,137.2681,G+030+0130,29,6.7,1,SEQ_us7000mppu,external_temporal_holdout
us7000mqpy,2024-06-06T13:15:37Z,2024,5.0,mb,10.967,-9.0052,116.8448,G-010+0110,16,3.8,0,SEQ_us7000mqpy,external_temporal_holdout
us7000mstj,2024-06-16T14:47:33Z,2024,6.0,mww,27.0,-15.8557,-74.4353,G-020-0080,18,7.4,1,SEQ_us7000mstj,external_temporal_holdout
us7000mu1p,2024-06-23T03:57:58Z,2024,6.0,mww,77.0,10.6921,-62.6868,G+010-0070,163,5.2,0,SEQ_us7000mu1p,external_temporal_holdout
us7000mu4k,2024-06-23T14:27:09Z,2024,5.0,mww,24.293,23.7895,121.6388,G+020+0120,13,3.8,0,SEQ_us7000m9g4,external_temporal_holdout
us7000mu56,2024-06-23T17:16:17Z,2024,5.3,mww,15.036,16.6693,-99.4449,G+010-0100,25,3.4,0,SEQ_us7000mu56,external_temporal_holdout
us6000n8tq,2024-06-28T05:36:36Z,2024,7.2,mww,24.0,-15.8277,-74.454,G-020-0080,115,8.3,1,SEQ_us7000mstj,external_temporal_holdout
us6000n948,2024-06-29T07:05:32Z,2024,6.1,mww,18.0,-16.0485,-74.556,G-020-0080,11,6.5,1,SEQ_us7000mstj,external_temporal_holdout
us7000mwzq,2024-07-04T03:12:30Z,2024,5.1,mww,47.606,35.0839,140.3095,G+030+0140,60,3.8,0,SEQ_us7000mwzq,external_temporal_holdout
us7000mx3m,2024-07-04T16:15:08Z,2024,5.7,mww,10.0,48.6536,-129.0074,G+040-0130,11,3.1,0,SEQ_us7000mx3m,external_temporal_holdout
us7000mxr8,2024-07-08T09:54:53Z,2024,5.3,mww,26.677,8.4598,-82.676,G+000-0090,65,5.3,0,SEQ_us7000mxr8,external_temporal_holdout
us7000myfa,2024-07-11T02:13:18Z,2024,7.1,mww,639.503,6.0838,123.1503,G+000+0120,29,4.9,0,SEQ_us7000myfa,external_temporal_holdout
us7000myiz,2024-07-11T09:27:34Z,2024,5.4,mb,10.0,12.3205,144.1514,G+010+0140,23,3.1,0,SEQ_us7000myiz,external_temporal_holdout
us7000mykj,2024-07-11T15:08:47Z,2024,6.4,mww,10.0,48.7877,-128.7103,G+040-0130,79,3.4,0,SEQ_us7000mx3m,external_temporal_holdout
us7000n05d,2024-07-19T01:50:48Z,2024,7.4,mww,127.291,-23.0791,-67.8404,G-030-0070,216,7.2,1,SEQ_us7000n05d,external_temporal_holdout
us7000n0ka,2024-07-21T02:53:48Z,2024,6.2,mww,272.0,14.6445,-89.9316,G+010-0090,85,4.1,0,SEQ_us7000n0ka,external_temporal_holdout
us6000nejp,2024-07-22T19:19:35Z,2024,5.7,mww,7.0,8.22,-82.8075,G+000-0090,33,5.5,0,SEQ_us7000mxr8,external_temporal_holdout
us6000nekb,2024-07-22T20:17:54Z,2024,5.6,mww,7.0,8.2256,-82.7686,G+000-0090,12,7.2,1,SEQ_us7000mxr8,external_temporal_holdout
tx2024ophu,2024-07-26T14:28:29Z,2024,5.1,ml,3.2959,32.766,-100.659,G+030-0110,2607,6.1,1,SEQ_tx2024ophu,external_temporal_holdout
us6000ngby,2024-07-27T10:30:16Z,2024,5.3,mww,34.66,17.0905,-99.8798,G+010-0100,11,3.8,0,SEQ_us6000ngby,external_temporal_holdout
us6000ngfw,2024-07-28T04:35:12Z,2024,5.1,mww,8.078,14.7842,108.2285,G+010+0100,72,3.8,0,SEQ_us6000ngfw,external_temporal_holdout
us6000nhfg,2024-08-01T19:43:20Z,2024,5.1,mww,29.993,39.3949,16.7478,G+030+0010,26,5.8,0,SEQ_us6000nhfg,external_temporal_holdout
us6000nhqc,2024-08-02T22:23:02Z,2024,6.8,mww,32.0,8.1851,126.6161,G+000+0120,118,6.8,1,SEQ_us6000nhqc,external_temporal_holdout
us6000nht0,2024-08-03T04:20:26Z,2024,6.3,mww,15.0,8.2038,126.8354,G+000+0120,20,6.0,1,SEQ_us6000nhqc,external_temporal_holdout
us6000ni8h,2024-08-05T19:02:59Z,2024,5.4,mww,140.0,16.8275,-93.9356,G+010-0100,15,4.7,0,SEQ_us6000ni8h,external_temporal_holdout
ci40865184,2024-08-07T04:09:56Z,2024,5.22,mw,11.6,35.109,-119.097,G+030-0120,10520,6.6,1,SEQ_ci40865184,external_temporal_holdout
us6000nith,2024-08-08T07:42:55Z,2024,7.1,mww,24.0,31.7599,131.5021,G+030+0130,45,7.9,1,SEQ_us6000nith,external_temporal_holdout
us6000nj24,2024-08-09T10:57:39Z,2024,5.0,mww,30.275,35.4116,139.3122,G+030+0130,128,6.1,1,SEQ_us6000nj24,external_temporal_holdout
us6000njq1,2024-08-12T20:55:59Z,2024,5.2,mww,7.282,35.1208,37.0152,G+030+0030,124,6.1,1,SEQ_us6000njq1,external_temporal_holdout
us7000n74c,2024-08-15T09:06:45Z,2024,5.4,mwr,11.548,24.3711,121.9259,G+020+0120,54,5.0,0,SEQ_us7000n74c,external_temporal_holdout
us7000n7b8,2024-08-15T23:35:53Z,2024,6.1,mww,14.0,23.7491,121.7669,G+020+0120,61,4.7,0,SEQ_us7000n74c,external_temporal_holdout
us7000n7n8,2024-08-17T19:10:26Z,2024,7.0,mww,29.0,52.9308,160.1331,G+050+0160,18,6.5,1,SEQ_us7000n7n8,external_temporal_holdout
us7000n7us,2024-08-18T23:32:00Z,2024,5.2,mww,11.885,-37.0845,-73.8602,G-040-0080,15,7.6,1,SEQ_us7000n7us,external_temporal_holdout
us7000n7v7,2024-08-19T03:39:01Z,2024,5.7,mww,48.0,12.7182,124.7335,G+010+0120,10,5.5,0,SEQ_us7000n7v7,external_temporal_holdout
us7000n823,2024-08-20T01:15:55Z,2024,5.1,mb,14.076,34.1613,74.2677,G+030+0070,10,6.7,1,SEQ_us7000n823,external_temporal_holdout
us7000n9dt,2024-08-25T23:29:07Z,2024,6.9,mww,96.0,-19.8125,-175.0711,G-020-0180,24,5.8,0,SEQ_us7000n9dt,external_temporal_holdout
us7000n9fh,2024-08-26T04:11:37Z,2024,5.0,mwr,6.586,38.0222,-9.5047,G+030-0010,2859,4.9,0,SEQ_us7000n9fh,external_temporal_holdout
us7000n9fn,2024-08-26T05:08:44Z,2024,5.8,mww,10.0,7.4653,-82.2687,G+000-0090,13,8.2,1,SEQ_us7000n9fn,external_temporal_holdout
us7000n9hl,2024-08-26T12:57:40Z,2024,5.4,mww,54.841,-8.7602,110.259,G-010+0110,20,5.6,0,SEQ_us7000n9hl,external_temporal_holdout
us6000nn9g,2024-08-28T16:29:57Z,2024,5.1,mww,54.834,34.9142,24.2038,G+030+0020,35,3.9,0,SEQ_us6000nn9g,external_temporal_holdout
us6000nncs,2024-08-28T21:57:54Z,2024,6.1,mww,26.358,13.0471,-89.583,G+010-0090,105,4.6,0,SEQ_us6000nncs,external_temporal_holdout
us6000npkr,2024-09-03T23:16:44Z,2024,5.3,mww,16.815,14.864,122.5951,G+010+0120,15,4.2,0,SEQ_us6000npkr,external_temporal_holdout
us7000nd1m,2024-09-11T07:28:02Z,2024,5.1,mwb,31.0,31.2637,70.5845,G+030+0070,102,6.9,1,SEQ_us7000nd1m,external_temporal_holdout
us7000ndsf,2024-09-14T11:41:32Z,2024,5.5,mww,10.0,13.0307,144.2535,G+010+0140,103,3.7,0,SEQ_us7000ndsf,external_temporal_holdout
us7000ndx1,2024-09-15T04:58:33Z,2024,5.2,mww,29.796,13.0626,-89.9141,G+010-0090,25,3.8,0,SEQ_us6000nncs,external_temporal_holdout
us7000ne51,2024-09-15T22:22:48Z,2024,6.5,mww,3.766,51.6088,-130.6121,G+050-0140,97,4.8,0,SEQ_us7000ne51,external_temporal_holdout
us7000ne84,2024-09-16T11:36:34Z,2024,6.3,mww,31.0,17.1539,147.2254,G+010+0140,49,3.3,0,SEQ_us7000ne84,external_temporal_holdout
us7000ne92,2024-09-16T14:40:21Z,2024,5.2,mww,132.923,45.5663,26.2679,G+040+0020,125,4.1,0,SEQ_us7000ne92,external_temporal_holdout
tx2024shcj,2024-09-17T00:49:42Z,2024,5.1,ml,6.1279,32.411,-102.057,G+030-0110,2031,6.4,1,SEQ_tx2024shcj,external_temporal_holdout
us6000ntjh,2024-09-21T21:24:28Z,2024,6.0,mww,141.0,-31.8909,-66.887,G-040-0070,33,4.1,0,SEQ_us6000ntjh,external_temporal_holdout
us6000ntl2,2024-09-22T02:25:47Z,2024,5.0,mww,76.93,13.2483,-89.4248,G+010-0090,11,4.5,0,SEQ_us6000nncs,external_temporal_holdout
us6000ntqb,2024-09-22T18:46:38Z,2024,5.1,mww,53.976,-32.0313,-71.5626,G-040-0080,28,4.5,0,SEQ_us6000ntqb,external_temporal_holdout
us6000ntsj,2024-09-23T02:36:39Z,2024,5.4,mww,61.0,-29.7019,-71.1952,G-030-0080,29,4.7,0,SEQ_us6000ntsj,external_temporal_holdout
us7000ngxr,2024-09-28T03:04:19Z,2024,5.1,mww,14.727,41.8723,-126.3717,G+040-0130,12,2.7,0,SEQ_us7000ngxr,external_temporal_holdout
us7000nh2p,2024-09-29T06:53:33Z,2024,5.0,mww,10.0,10.5139,124.465,G+010+0120,46,3.9,0,SEQ_us7000nh2p,external_temporal_holdout
us7000nhdc,2024-10-01T05:01:57Z,2024,5.3,mww,22.259,-20.1744,-70.7062,G-030-0080,16,4.1,0,SEQ_us7000nhdc,external_temporal_holdout
us6000nwqg,2024-10-05T16:08:55Z,2024,5.1,mww,44.404,-41.2833,174.413,G-050+0170,61,5.9,0,SEQ_us6000nwqg,external_temporal_holdout
us6000nwx4,2024-10-06T17:10:04Z,2024,5.2,mww,10.0,9.2414,40.1774,G+000+0040,150,4.4,0,SEQ_us6000nwx4,external_temporal_holdout
us6000nyau,2024-10-12T17:43:44Z,2024,6.2,mww,16.0,10.4967,-86.1497,G+010-0090,59,4.1,0,SEQ_us6000nyau,external_temporal_holdout
us6000nyme,2024-10-14T15:48:12Z,2024,5.0,mb,10.0,-23.9025,-64.0963,G-030-0070,107,4.8,0,SEQ_us6000nyme,external_temporal_holdout
us6000nyzk,2024-10-16T07:46:32Z,2024,6.0,mww,10.0,38.3115,38.8059,G+030+0030,372,8.4,1,SEQ_us6000nyzk,external_temporal_holdout
us6000nzg2,2024-10-18T00:58:27Z,2024,5.0,mww,7.842,43.6645,-125.7602,G+040-0130,37,3.4,0,SEQ_us6000nzg2,external_temporal_holdout
us6000nzxj,2024-10-20T22:59:40Z,2024,5.7,mww,109.0,-30.8831,-68.7676,G-040-0070,22,4.3,0,SEQ_us6000nzxj,external_temporal_holdout
us7000nnz9,2024-10-30T12:18:51Z,2024,6.0,mww,509.0,-4.4064,150.0827,G-010+0150,63,2.8,0,SEQ_us7000nnz9,external_temporal_holdout
us7000np33,2024-10-30T20:15:20Z,2024,6.0,mww,10.0,43.5842,-127.6418,G+040-0130,132,5.5,0,SEQ_us7000np33,external_temporal_holdout
us7000npn0,2024-11-03T04:04:04Z,2024,5.4,mww,188.15,-35.6965,-69.4927,G-040-0070,21,3.4,0,SEQ_us7000npn0,external_temporal_holdout
us7000npqn,2024-11-03T17:03:52Z,2024,5.2,mww,9.0,40.1264,23.2456,G+040+0020,95,5.7,0,SEQ_us7000npqn,external_temporal_holdout
us7000nq3d,2024-11-05T19:39:43Z,2024,5.7,mww,106.0,-12.9033,-75.2219,G-020-0080,23,5.6,0,SEQ_us7000nq3d,external_temporal_holdout
us7000nqx5,2024-11-09T20:37:50Z,2024,5.0,mb,10.0,45.3508,98.832,G+040+0090,77,3.4,0,SEQ_us7000nqx5,external_temporal_holdout
us7000nr0n,2024-11-10T15:50:03Z,2024,5.9,mww,19.0,19.8238,-76.9792,G+010-0080,27,4.8,0,SEQ_us7000nr0n,external_temporal_holdout
us7000nr0v,2024-11-10T16:49:50Z,2024,6.8,mww,14.0,19.7974,-77.0506,G+010-0080,148,7.7,1,SEQ_us7000nr0n,external_temporal_holdout
us6000p6ev,2024-11-19T18:36:11Z,2024,5.0,mww,249.022,34.0768,138.3387,G+030+0130,35,3.4,0,SEQ_us6000p6ev,external_temporal_holdout
us7000nu90,2024-11-26T13:47:03Z,2024,6.1,mww,8.0,36.9549,136.3653,G+030+0130,55,6.5,1,SEQ_us7000nu90,external_temporal_holdout
us7000nvs3,2024-12-04T01:56:58Z,2024,5.0,mb,10.0,18.4471,80.3296,G+010+0080,180,5.4,0,SEQ_us7000nvs3,external_temporal_holdout
us7000nw1c,2024-12-05T04:02:40Z,2024,5.4,mww,17.0,31.7601,49.569,G+030+0040,28,4.8,0,SEQ_us7000nw1c,external_temporal_holdout
us7000nw1v,2024-12-05T06:21:22Z,2024,5.2,mb,10.0,32.8339,73.7141,G+030+0070,15,7.4,1,SEQ_us7000nw1v,external_temporal_holdout
nc75095651,2024-12-05T18:44:21Z,2024,7.0,mw,10.0,40.374,-125.021666666667,G+040-0130,16883,7.5,1,SEQ_nc75095651,external_temporal_holdout
us7000nwtv,2024-12-07T06:26:27Z,2024,5.3,mww,36.959,-38.9157,-73.5759,G-040-0080,39,5.7,0,SEQ_us7000nwtv,external_temporal_holdout
us7000nx79,2024-12-09T03:50:29Z,2024,5.6,mww,10.0,13.2899,-87.8532,G+010-0090,66,6.9,1,SEQ_us7000nx79,external_temporal_holdout
nn00888580,2024-12-09T23:08:31Z,2024,5.71,mwr,8.0,39.1675,-119.0238,G+030-0120,8416,6.1,1,SEQ_nn00888580,external_temporal_holdout
us7000nyqr,2024-12-13T23:38:18Z,2024,6.4,mww,109.0,-35.33,-70.7256,G-040-0080,404,6.0,1,SEQ_us7000nyqr,external_temporal_holdout
nc75103356,2024-12-15T07:21:59Z,2024,5.25,mw,10.0,40.4141666666667,-125.183666666667,G+040-0130,613,5.8,0,SEQ_nc75095651,external_temporal_holdout
us7000nz5t,2024-12-16T00:09:46Z,2024,5.0,mb,9.304,36.5002,1.4923,G+030+0000,20,4.6,0,SEQ_us7000nz5t,external_temporal_holdout
us7000nzf3,2024-12-17T01:47:25Z,2024,7.3,mww,54.372,-17.6914,168.0842,G-020+0160,77,8.3,1,SEQ_us7000nzf3,external_temporal_holdout
us7000nzhl,2024-12-17T07:37:38Z,2024,5.1,mb,35.0,9.6861,122.6582,G+000+0120,12,4.1,0,SEQ_us7000nzhl,external_temporal_holdout
us7000nzpr,2024-12-18T04:09:12Z,2024,5.2,mww,59.258,-20.2333,-69.9153,G-030-0070,56,5.8,0,SEQ_us7000nzpr,external_temporal_holdout
us7000p0lv,2024-12-21T15:30:53Z,2024,6.1,mww,47.0,-17.7041,168.0033,G-020+0160,15,6.1,1,SEQ_us7000nzf3,external_temporal_holdout
us7000p0n9,2024-12-22T00:51:05Z,2024,5.2,mww,10.0,-30.381,19.5557,G-040+0010,444,5.4,0,SEQ_us7000p0n9,external_temporal_holdout
us7000p0uj,2024-12-23T06:00:56Z,2024,5.9,mww,7.0,19.8862,-76.6255,G+010-0080,75,8.9,1,SEQ_us7000p0uj,external_temporal_holdout
us6000pfmi,2024-12-26T00:52:39Z,2024,5.0,mww,52.19,7.3229,-75.298,G+000-0080,47,4.8,0,SEQ_us6000pfmi,external_temporal_holdout
us6000pfph,2024-12-26T10:26:20Z,2024,5.3,mww,24.23,8.473,125.927,G+000+0120,15,3.9,0,SEQ_us6000pfph,external_temporal_holdout
us6000pfz1,2024-12-27T18:42:59Z,2024,5.4,mww,63.0,9.6146,126.2289,G+000+0120,19,3.8,0,SEQ_us6000pfz1,external_temporal_holdout
us6000pgct,2024-12-29T22:20:41Z,2024,5.1,mww,10.0,9.2754,40.0491,G+000+0040,18,4.3,0,SEQ_us6000pgct,external_temporal_holdout
us6000pge2,2024-12-30T02:56:16Z,2024,5.5,mww,34.0,18.4391,120.9038,G+010+0120,13,6.1,1,SEQ_us6000pge2,external_temporal_holdout
